white_pawns: 130560
9 54 10
10 53 20
11 52 0
12 51 -20
13 50 -10
14 49 0
15 48 5
16 47 10
black_pawns: 71776119061217280
48 55 5
49 54 -5
50 53 -15
51 52 5
52 51 25
53 50 15
54 49 5
55 48 0
white_pawns: 195840
8 55 5
10 53 15
11 52 -5
12 51 -25
13 50 -15
14 49 -5
15 48 0
17 46 -5
black_pawns: 71776119061217280
48 55 -10
49 54 -20
50 53 -30
51 52 -10
52 51 10
53 50 0
54 49 -10
55 48 -15
white_pawns: 326400
8 55 5
9 54 15
11 52 -5
12 51 -25
13 50 -15
14 49 -5
15 48 0
18 45 -10
black_pawns: 71776119061217280
48 55 -15
49 54 -25
50 53 -35
51 52 -15
52 51 5
53 50 -5
54 49 -15
55 48 -20
white_pawns: 587520
8 55 5
9 54 15
10 53 25
12 51 5
13 50 15
14 49 25
15 48 30
19 44 30
black_pawns: 71776119061217280
48 55 25
49 54 15
50 53 5
51 52 25
52 51 45
53 50 35
54 49 25
55 48 20
white_pawns: 1109760
8 55 5
9 54 15
10 53 25
11 52 5
13 50 15
14 49 25
15 48 30
20 43 30
black_pawns: 71776119061217280
48 55 25
49 54 15
50 53 5
51 52 25
52 51 45
53 50 35
54 49 25
55 48 20
white_pawns: 2154240
8 55 5
9 54 15
10 53 25
11 52 5
12 51 -15
14 49 -5
15 48 0
21 42 -10
black_pawns: 71776119061217280
48 55 -15
49 54 -25
50 53 -35
51 52 -15
52 51 5
53 50 -5
54 49 -15
55 48 -20
white_pawns: 4243200
8 55 5
9 54 15
10 53 25
11 52 5
12 51 -15
13 50 -5
15 48 0
22 41 -5
black_pawns: 71776119061217280
48 55 -10
49 54 -20
50 53 -30
51 52 -10
52 51 10
53 50 0
54 49 -10
55 48 -15
white_pawns: 8421120
8 55 5
9 54 15
10 53 25
11 52 5
12 51 -15
13 50 -5
14 49 5
23 40 10
black_pawns: 71776119061217280
48 55 5
49 54 -5
50 53 -15
51 52 5
52 51 25
53 50 15
54 49 5
55 48 0
white_pawns: 16842240
9 54 10
10 53 20
11 52 0
12 51 -20
13 50 -10
14 49 0
15 48 5
24 39 5
black_pawns: 71776119061217280
48 55 0
49 54 -10
50 53 -20
51 52 0
52 51 20
53 50 10
54 49 0
55 48 -5
white_pawns: 33619200
8 55 5
10 53 15
11 52 -5
12 51 -25
13 50 -15
14 49 -5
15 48 0
25 38 0
black_pawns: 71776119061217280
48 55 -5
49 54 -15
50 53 -25
51 52 -5
52 51 15
53 50 5
54 49 -5
55 48 -10
white_pawns: 67173120
8 55 5
9 54 15
11 52 -5
12 51 -25
13 50 -15
14 49 -5
15 48 0
26 37 0
black_pawns: 71776119061217280
48 55 -5
49 54 -15
50 53 -25
51 52 -5
52 51 15
53 50 5
54 49 -5
55 48 -10
white_pawns: 134280960
8 55 5
9 54 15
10 53 25
12 51 5
13 50 15
14 49 25
15 48 30
27 36 50
black_pawns: 71776119061217280
48 55 45
49 54 35
50 53 25
51 52 45
52 51 65
53 50 55
54 49 45
55 48 40
white_pawns: 268496640
8 55 5
9 54 15
10 53 25
11 52 5
13 50 15
14 49 25
15 48 30
28 35 50
black_pawns: 71776119061217280
48 55 45
49 54 35
50 53 25
51 52 45
52 51 65
53 50 55
54 49 45
55 48 40
white_pawns: 536928000
8 55 5
9 54 15
10 53 25
11 52 5
12 51 -15
14 49 -5
15 48 0
29 34 0
black_pawns: 71776119061217280
48 55 -5
49 54 -15
50 53 -25
51 52 -5
52 51 15
53 50 5
54 49 -5
55 48 -10
white_pawns: 1073790720
8 55 5
9 54 15
10 53 25
11 52 5
12 51 -15
13 50 -5
15 48 0
30 33 0
black_pawns: 71776119061217280
48 55 -5
49 54 -15
50 53 -25
51 52 -5
52 51 15
53 50 5
54 49 -5
55 48 -10
white_pawns: 2147516160
8 55 5
9 54 15
10 53 25
11 52 5
12 51 -15
13 50 -5
14 49 5
31 32 5
black_pawns: 71776119061217280
48 55 0
49 54 -10
50 53 -20
51 52 0
52 51 20
53 50 10
54 49 0
55 48 -5
white_pawns: 65280
8 55 5
9 54 15
10 53 25
11 52 5
12 51 -15
13 50 -5
14 49 5
15 48 10
black_pawns: 71776119061217280
48 55 5
49 54 -5
50 53 -15
51 52 5
52 51 25
53 50 15
54 49 5
55 48 0
white_pawns: 65280
8 55 5
9 54 15
10 53 25
11 52 5
12 51 -15
13 50 -5
14 49 5
15 48 10
black_pawns: 71776119061217280
48 55 5
49 54 -5
50 53 -15
51 52 5
52 51 25
53 50 15
54 49 5
55 48 0
white_pawns: 65280
8 55 5
9 54 15
10 53 25
11 52 5
12 51 -15
13 50 -5
14 49 5
15 48 10
black_pawns: 71776119061217280
48 55 5
49 54 -5
50 53 -15
51 52 5
52 51 25
53 50 15
54 49 5
55 48 0
white_pawns: 65280
8 55 5
9 54 15
10 53 25
11 52 5
12 51 -15
13 50 -5
14 49 5
15 48 10
black_pawns: 71776119061217280
48 55 5
49 54 -5
50 53 -15
51 52 5
52 51 25
53 50 15
54 49 5
55 48 0
white_pawns: 130560
9 54 10
10 53 20
11 52 0
12 51 -20
13 50 -10
14 49 0
15 48 5
16 47 10
black_pawns: 71495743596134400
40 47 5
49 54 -5
50 53 -15
51 52 5
52 51 25
53 50 15
54 49 5
55 48 0
white_pawns: 130560
9 54 10
10 53 20
11 52 0
12 51 -20
13 50 -10
14 49 0
15 48 5
16 47 10
black_pawns: 71215368131051520
41 46 15
48 55 10
50 53 0
51 52 20
52 51 40
53 50 30
54 49 20
55 48 15
white_pawns: 130560
9 54 10
10 53 20
11 52 0
12 51 -20
13 50 -10
14 49 0
15 48 5
16 47 10
black_pawns: 70654617200885760
42 45 20
48 55 15
49 54 5
51 52 25
52 51 45
53 50 35
54 49 25
55 48 20
white_pawns: 130560
9 54 10
10 53 20
11 52 0
12 51 -20
13 50 -10
14 49 0
15 48 5
16 47 10
black_pawns: 69533115340554240
43 44 10
48 55 5
49 54 -5
50 53 -15
52 51 5
53 50 -5
54 49 -15
55 48 -20
white_pawns: 130560
9 54 10
10 53 20
11 52 0
12 51 -20
13 50 -10
14 49 0
15 48 5
16 47 10
black_pawns: 67290111619891200
44 43 10
48 55 5
49 54 -5
50 53 -15
51 52 5
53 50 -5
54 49 -15
55 48 -20
white_pawns: 130560
9 54 10
10 53 20
11 52 0
12 51 -20
13 50 -10
14 49 0
15 48 5
16 47 10
black_pawns: 62804104178565120
45 42 20
48 55 15
49 54 5
50 53 -5
51 52 15
52 51 35
54 49 25
55 48 20
white_pawns: 130560
9 54 10
10 53 20
11 52 0
12 51 -20
13 50 -10
14 49 0
15 48 5
16 47 10
black_pawns: 53832089295912960
46 41 15
48 55 10
49 54 0
50 53 -10
51 52 10
52 51 30
53 50 20
55 48 15
white_pawns: 130560
9 54 10
10 53 20
11 52 0
12 51 -20
13 50 -10
14 49 0
15 48 5
16 47 10
black_pawns: 35888059530608640
47 40 5
48 55 0
49 54 -10
50 53 -20
51 52 0
52 51 20
53 50 10
54 49 0
white_pawns: 130560
9 54 10
10 53 20
11 52 0
12 51 -20
13 50 -10
14 49 0
15 48 5
16 47 10
black_pawns: 71494648379473920
32 39 10
49 54 0
50 53 -10
51 52 10
52 51 30
53 50 20
54 49 10
55 48 5
white_pawns: 130560
9 54 10
10 53 20
11 52 0
12 51 -20
13 50 -10
14 49 0
15 48 5
16 47 10
black_pawns: 71213177697730560
33 38 10
48 55 5
50 53 -5
51 52 15
52 51 35
53 50 25
54 49 15
55 48 10
white_pawns: 130560
9 54 10
10 53 20
11 52 0
12 51 -20
13 50 -10
14 49 0
15 48 5
16 47 10
black_pawns: 70650236334243840
34 37 10
48 55 5
49 54 -5
51 52 15
52 51 35
53 50 25
54 49 15
55 48 10
white_pawns: 130560
9 54 10
10 53 20
11 52 0
12 51 -20
13 50 -10
14 49 0
15 48 5
16 47 10
black_pawns: 69524353607270400
35 36 -10
48 55 -15
49 54 -25
50 53 -35
52 51 -15
53 50 -25
54 49 -35
55 48 -40
white_pawns: 130560
9 54 10
10 53 20
11 52 0
12 51 -20
13 50 -10
14 49 0
15 48 5
16 47 10
black_pawns: 67272588153323520
36 35 -10
48 55 -15
49 54 -25
50 53 -35
51 52 -15
53 50 -25
54 49 -35
55 48 -40
white_pawns: 130560
9 54 10
10 53 20
11 52 0
12 51 -20
13 50 -10
14 49 0
15 48 5
16 47 10
black_pawns: 62769057245429760
37 34 10
48 55 5
49 54 -5
50 53 -15
51 52 5
52 51 25
54 49 15
55 48 10
white_pawns: 130560
9 54 10
10 53 20
11 52 0
12 51 -20
13 50 -10
14 49 0
15 48 5
16 47 10
black_pawns: 53761995429642240
38 33 10
48 55 5
49 54 -5
50 53 -15
51 52 5
52 51 25
53 50 15
55 48 10
white_pawns: 130560
9 54 10
10 53 20
11 52 0
12 51 -20
13 50 -10
14 49 0
15 48 5
16 47 10
black_pawns: 35747871798067200
39 32 10
48 55 5
49 54 -5
50 53 -15
51 52 5
52 51 25
53 50 15
54 49 5
white_pawns: 130560
9 54 10
10 53 20
11 52 0
12 51 -20
13 50 -10
14 49 0
15 48 5
16 47 10
black_pawns: 71776119061217280
48 55 5
49 54 -5
50 53 -15
51 52 5
52 51 25
53 50 15
54 49 5
55 48 0
white_pawns: 130560
9 54 10
10 53 20
11 52 0
12 51 -20
13 50 -10
14 49 0
15 48 5
16 47 10
black_pawns: 71776119061217280
48 55 5
49 54 -5
50 53 -15
51 52 5
52 51 25
53 50 15
54 49 5
55 48 0
white_pawns: 130560
9 54 10
10 53 20
11 52 0
12 51 -20
13 50 -10
14 49 0
15 48 5
16 47 10
black_pawns: 71776119061217280
48 55 5
49 54 -5
50 53 -15
51 52 5
52 51 25
53 50 15
54 49 5
55 48 0
white_pawns: 130560
9 54 10
10 53 20
11 52 0
12 51 -20
13 50 -10
14 49 0
15 48 5
16 47 10
black_pawns: 71776119061217280
48 55 5
49 54 -5
50 53 -15
51 52 5
52 51 25
53 50 15
54 49 5
55 48 0
white_pawns: 195840
8 55 5
10 53 15
11 52 -5
12 51 -25
13 50 -15
14 49 -5
15 48 0
17 46 -5
black_pawns: 71495743596134400
40 47 -10
49 54 -20
50 53 -30
51 52 -10
52 51 10
53 50 0
54 49 -10
55 48 -15
white_pawns: 195840
8 55 5
10 53 15
11 52 -5
12 51 -25
13 50 -15
14 49 -5
15 48 0
17 46 -5
black_pawns: 71215368131051520
41 46 0
48 55 -5
50 53 -15
51 52 5
52 51 25
53 50 15
54 49 5
55 48 0
white_pawns: 195840
8 55 5
10 53 15
11 52 -5
12 51 -25
13 50 -15
14 49 -5
15 48 0
17 46 -5
black_pawns: 70654617200885760
42 45 5
48 55 0
49 54 -10
51 52 10
52 51 30
53 50 20
54 49 10
55 48 5
white_pawns: 195840
8 55 5
10 53 15
11 52 -5
12 51 -25
13 50 -15
14 49 -5
15 48 0
17 46 -5
black_pawns: 69533115340554240
43 44 -5
48 55 -10
49 54 -20
50 53 -30
52 51 -10
53 50 -20
54 49 -30
55 48 -35
white_pawns: 195840
8 55 5
10 53 15
11 52 -5
12 51 -25
13 50 -15
14 49 -5
15 48 0
17 46 -5
black_pawns: 67290111619891200
44 43 -5
48 55 -10
49 54 -20
50 53 -30
51 52 -10
53 50 -20
54 49 -30
55 48 -35
white_pawns: 195840
8 55 5
10 53 15
11 52 -5
12 51 -25
13 50 -15
14 49 -5
15 48 0
17 46 -5
black_pawns: 62804104178565120
45 42 5
48 55 0
49 54 -10
50 53 -20
51 52 0
52 51 20
54 49 10
55 48 5
white_pawns: 195840
8 55 5
10 53 15
11 52 -5
12 51 -25
13 50 -15
14 49 -5
15 48 0
17 46 -5
black_pawns: 53832089295912960
46 41 0
48 55 -5
49 54 -15
50 53 -25
51 52 -5
52 51 15
53 50 5
55 48 0
white_pawns: 195840
8 55 5
10 53 15
11 52 -5
12 51 -25
13 50 -15
14 49 -5
15 48 0
17 46 -5
black_pawns: 35888059530608640
47 40 -10
48 55 -15
49 54 -25
50 53 -35
51 52 -15
52 51 5
53 50 -5
54 49 -15
white_pawns: 195840
8 55 5
10 53 15
11 52 -5
12 51 -25
13 50 -15
14 49 -5
15 48 0
17 46 -5
black_pawns: 71494648379473920
32 39 -5
49 54 -15
50 53 -25
51 52 -5
52 51 15
53 50 5
54 49 -5
55 48 -10
white_pawns: 195840
8 55 5
10 53 15
11 52 -5
12 51 -25
13 50 -15
14 49 -5
15 48 0
17 46 -5
black_pawns: 71213177697730560
33 38 -5
48 55 -10
50 53 -20
51 52 0
52 51 20
53 50 10
54 49 0
55 48 -5
white_pawns: 195840
8 55 5
10 53 15
11 52 -5
12 51 -25
13 50 -15
14 49 -5
15 48 0
17 46 -5
black_pawns: 70650236334243840
34 37 -5
48 55 -10
49 54 -20
51 52 0
52 51 20
53 50 10
54 49 0
55 48 -5
white_pawns: 195840
8 55 5
10 53 15
11 52 -5
12 51 -25
13 50 -15
14 49 -5
15 48 0
17 46 -5
black_pawns: 69524353607270400
35 36 -25
48 55 -30
49 54 -40
50 53 -50
52 51 -30
53 50 -40
54 49 -50
55 48 -55
white_pawns: 195840
8 55 5
10 53 15
11 52 -5
12 51 -25
13 50 -15
14 49 -5
15 48 0
17 46 -5
black_pawns: 67272588153323520
36 35 -25
48 55 -30
49 54 -40
50 53 -50
51 52 -30
53 50 -40
54 49 -50
55 48 -55
white_pawns: 195840
8 55 5
10 53 15
11 52 -5
12 51 -25
13 50 -15
14 49 -5
15 48 0
17 46 -5
black_pawns: 62769057245429760
37 34 -5
48 55 -10
49 54 -20
50 53 -30
51 52 -10
52 51 10
54 49 0
55 48 -5
white_pawns: 195840
8 55 5
10 53 15
11 52 -5
12 51 -25
13 50 -15
14 49 -5
15 48 0
17 46 -5
black_pawns: 53761995429642240
38 33 -5
48 55 -10
49 54 -20
50 53 -30
51 52 -10
52 51 10
53 50 0
55 48 -5
white_pawns: 195840
8 55 5
10 53 15
11 52 -5
12 51 -25
13 50 -15
14 49 -5
15 48 0
17 46 -5
black_pawns: 35747871798067200
39 32 -5
48 55 -10
49 54 -20
50 53 -30
51 52 -10
52 51 10
53 50 0
54 49 -10
white_pawns: 195840
8 55 5
10 53 15
11 52 -5
12 51 -25
13 50 -15
14 49 -5
15 48 0
17 46 -5
black_pawns: 71776119061217280
48 55 -10
49 54 -20
50 53 -30
51 52 -10
52 51 10
53 50 0
54 49 -10
55 48 -15
white_pawns: 195840
8 55 5
10 53 15
11 52 -5
12 51 -25
13 50 -15
14 49 -5
15 48 0
17 46 -5
black_pawns: 71776119061217280
48 55 -10
49 54 -20
50 53 -30
51 52 -10
52 51 10
53 50 0
54 49 -10
55 48 -15
white_pawns: 195840
8 55 5
10 53 15
11 52 -5
12 51 -25
13 50 -15
14 49 -5
15 48 0
17 46 -5
black_pawns: 71776119061217280
48 55 -10
49 54 -20
50 53 -30
51 52 -10
52 51 10
53 50 0
54 49 -10
55 48 -15
white_pawns: 195840
8 55 5
10 53 15
11 52 -5
12 51 -25
13 50 -15
14 49 -5
15 48 0
17 46 -5
black_pawns: 71776119061217280
48 55 -10
49 54 -20
50 53 -30
51 52 -10
52 51 10
53 50 0
54 49 -10
55 48 -15
white_pawns: 326400
8 55 5
9 54 15
11 52 -5
12 51 -25
13 50 -15
14 49 -5
15 48 0
18 45 -10
black_pawns: 71495743596134400
40 47 -15
49 54 -25
50 53 -35
51 52 -15
52 51 5
53 50 -5
54 49 -15
55 48 -20
white_pawns: 326400
8 55 5
9 54 15
11 52 -5
12 51 -25
13 50 -15
14 49 -5
15 48 0
18 45 -10
black_pawns: 71215368131051520
41 46 -5
48 55 -10
50 53 -20
51 52 0
52 51 20
53 50 10
54 49 0
55 48 -5
white_pawns: 326400
8 55 5
9 54 15
11 52 -5
12 51 -25
13 50 -15
14 49 -5
15 48 0
18 45 -10
black_pawns: 70654617200885760
42 45 0
48 55 -5
49 54 -15
51 52 5
52 51 25
53 50 15
54 49 5
55 48 0
white_pawns: 326400
8 55 5
9 54 15
11 52 -5
12 51 -25
13 50 -15
14 49 -5
15 48 0
18 45 -10
black_pawns: 69533115340554240
43 44 -10
48 55 -15
49 54 -25
50 53 -35
52 51 -15
53 50 -25
54 49 -35
55 48 -40
white_pawns: 326400
8 55 5
9 54 15
11 52 -5
12 51 -25
13 50 -15
14 49 -5
15 48 0
18 45 -10
black_pawns: 67290111619891200
44 43 -10
48 55 -15
49 54 -25
50 53 -35
51 52 -15
53 50 -25
54 49 -35
55 48 -40
white_pawns: 326400
8 55 5
9 54 15
11 52 -5
12 51 -25
13 50 -15
14 49 -5
15 48 0
18 45 -10
black_pawns: 62804104178565120
45 42 0
48 55 -5
49 54 -15
50 53 -25
51 52 -5
52 51 15
54 49 5
55 48 0
white_pawns: 326400
8 55 5
9 54 15
11 52 -5
12 51 -25
13 50 -15
14 49 -5
15 48 0
18 45 -10
black_pawns: 53832089295912960
46 41 -5
48 55 -10
49 54 -20
50 53 -30
51 52 -10
52 51 10
53 50 0
55 48 -5
white_pawns: 326400
8 55 5
9 54 15
11 52 -5
12 51 -25
13 50 -15
14 49 -5
15 48 0
18 45 -10
black_pawns: 35888059530608640
47 40 -15
48 55 -20
49 54 -30
50 53 -40
51 52 -20
52 51 0
53 50 -10
54 49 -20
white_pawns: 326400
8 55 5
9 54 15
11 52 -5
12 51 -25
13 50 -15
14 49 -5
15 48 0
18 45 -10
black_pawns: 71494648379473920
32 39 -10
49 54 -20
50 53 -30
51 52 -10
52 51 10
53 50 0
54 49 -10
55 48 -15
white_pawns: 326400
8 55 5
9 54 15
11 52 -5
12 51 -25
13 50 -15
14 49 -5
15 48 0
18 45 -10
black_pawns: 71213177697730560
33 38 -10
48 55 -15
50 53 -25
51 52 -5
52 51 15
53 50 5
54 49 -5
55 48 -10
white_pawns: 326400
8 55 5
9 54 15
11 52 -5
12 51 -25
13 50 -15
14 49 -5
15 48 0
18 45 -10
black_pawns: 70650236334243840
34 37 -10
48 55 -15
49 54 -25
51 52 -5
52 51 15
53 50 5
54 49 -5
55 48 -10
white_pawns: 326400
8 55 5
9 54 15
11 52 -5
12 51 -25
13 50 -15
14 49 -5
15 48 0
18 45 -10
black_pawns: 69524353607270400
35 36 -30
48 55 -35
49 54 -45
50 53 -55
52 51 -35
53 50 -45
54 49 -55
55 48 -60
white_pawns: 326400
8 55 5
9 54 15
11 52 -5
12 51 -25
13 50 -15
14 49 -5
15 48 0
18 45 -10
black_pawns: 67272588153323520
36 35 -30
48 55 -35
49 54 -45
50 53 -55
51 52 -35
53 50 -45
54 49 -55
55 48 -60
white_pawns: 326400
8 55 5
9 54 15
11 52 -5
12 51 -25
13 50 -15
14 49 -5
15 48 0
18 45 -10
black_pawns: 62769057245429760
37 34 -10
48 55 -15
49 54 -25
50 53 -35
51 52 -15
52 51 5
54 49 -5
55 48 -10
white_pawns: 326400
8 55 5
9 54 15
11 52 -5
12 51 -25
13 50 -15
14 49 -5
15 48 0
18 45 -10
black_pawns: 53761995429642240
38 33 -10
48 55 -15
49 54 -25
50 53 -35
51 52 -15
52 51 5
53 50 -5
55 48 -10
white_pawns: 326400
8 55 5
9 54 15
11 52 -5
12 51 -25
13 50 -15
14 49 -5
15 48 0
18 45 -10
black_pawns: 35747871798067200
39 32 -10
48 55 -15
49 54 -25
50 53 -35
51 52 -15
52 51 5
53 50 -5
54 49 -15
white_pawns: 326400
8 55 5
9 54 15
11 52 -5
12 51 -25
13 50 -15
14 49 -5
15 48 0
18 45 -10
black_pawns: 71776119061217280
48 55 -15
49 54 -25
50 53 -35
51 52 -15
52 51 5
53 50 -5
54 49 -15
55 48 -20
white_pawns: 326400
8 55 5
9 54 15
11 52 -5
12 51 -25
13 50 -15
14 49 -5
15 48 0
18 45 -10
black_pawns: 71776119061217280
48 55 -15
49 54 -25
50 53 -35
51 52 -15
52 51 5
53 50 -5
54 49 -15
55 48 -20
white_pawns: 326400
8 55 5
9 54 15
11 52 -5
12 51 -25
13 50 -15
14 49 -5
15 48 0
18 45 -10
black_pawns: 71776119061217280
48 55 -15
49 54 -25
50 53 -35
51 52 -15
52 51 5
53 50 -5
54 49 -15
55 48 -20
white_pawns: 326400
8 55 5
9 54 15
11 52 -5
12 51 -25
13 50 -15
14 49 -5
15 48 0
18 45 -10
black_pawns: 71776119061217280
48 55 -15
49 54 -25
50 53 -35
51 52 -15
52 51 5
53 50 -5
54 49 -15
55 48 -20
white_pawns: 587520
8 55 5
9 54 15
10 53 25
12 51 5
13 50 15
14 49 25
15 48 30
19 44 30
black_pawns: 71495743596134400
40 47 25
49 54 15
50 53 5
51 52 25
52 51 45
53 50 35
54 49 25
55 48 20
white_pawns: 587520
8 55 5
9 54 15
10 53 25
12 51 5
13 50 15
14 49 25
15 48 30
19 44 30
black_pawns: 71215368131051520
41 46 35
48 55 30
50 53 20
51 52 40
52 51 60
53 50 50
54 49 40
55 48 35
white_pawns: 587520
8 55 5
9 54 15
10 53 25
12 51 5
13 50 15
14 49 25
15 48 30
19 44 30
black_pawns: 70654617200885760
42 45 40
48 55 35
49 54 25
51 52 45
52 51 65
53 50 55
54 49 45
55 48 40
white_pawns: 587520
8 55 5
9 54 15
10 53 25
12 51 5
13 50 15
14 49 25
15 48 30
19 44 30
black_pawns: 69533115340554240
43 44 30
48 55 25
49 54 15
50 53 5
52 51 25
53 50 15
54 49 5
55 48 0
white_pawns: 587520
8 55 5
9 54 15
10 53 25
12 51 5
13 50 15
14 49 25
15 48 30
19 44 30
black_pawns: 67290111619891200
44 43 30
48 55 25
49 54 15
50 53 5
51 52 25
53 50 15
54 49 5
55 48 0
white_pawns: 587520
8 55 5
9 54 15
10 53 25
12 51 5
13 50 15
14 49 25
15 48 30
19 44 30
black_pawns: 62804104178565120
45 42 40
48 55 35
49 54 25
50 53 15
51 52 35
52 51 55
54 49 45
55 48 40
white_pawns: 587520
8 55 5
9 54 15
10 53 25
12 51 5
13 50 15
14 49 25
15 48 30
19 44 30
black_pawns: 53832089295912960
46 41 35
48 55 30
49 54 20
50 53 10
51 52 30
52 51 50
53 50 40
55 48 35
white_pawns: 587520
8 55 5
9 54 15
10 53 25
12 51 5
13 50 15
14 49 25
15 48 30
19 44 30
black_pawns: 35888059530608640
47 40 25
48 55 20
49 54 10
50 53 0
51 52 20
52 51 40
53 50 30
54 49 20
white_pawns: 587520
8 55 5
9 54 15
10 53 25
12 51 5
13 50 15
14 49 25
15 48 30
19 44 30
black_pawns: 71494648379473920
32 39 30
49 54 20
50 53 10
51 52 30
52 51 50
53 50 40
54 49 30
55 48 25
white_pawns: 587520
8 55 5
9 54 15
10 53 25
12 51 5
13 50 15
14 49 25
15 48 30
19 44 30
black_pawns: 71213177697730560
33 38 30
48 55 25
50 53 15
51 52 35
52 51 55
53 50 45
54 49 35
55 48 30
white_pawns: 587520
8 55 5
9 54 15
10 53 25
12 51 5
13 50 15
14 49 25
15 48 30
19 44 30
black_pawns: 70650236334243840
34 37 30
48 55 25
49 54 15
51 52 35
52 51 55
53 50 45
54 49 35
55 48 30
white_pawns: 587520
8 55 5
9 54 15
10 53 25
12 51 5
13 50 15
14 49 25
15 48 30
19 44 30
black_pawns: 69524353607270400
35 36 10
48 55 5
49 54 -5
50 53 -15
52 51 5
53 50 -5
54 49 -15
55 48 -20
white_pawns: 587520
8 55 5
9 54 15
10 53 25
12 51 5
13 50 15
14 49 25
15 48 30
19 44 30
black_pawns: 67272588153323520
36 35 10
48 55 5
49 54 -5
50 53 -15
51 52 5
53 50 -5
54 49 -15
55 48 -20
white_pawns: 587520
8 55 5
9 54 15
10 53 25
12 51 5
13 50 15
14 49 25
15 48 30
19 44 30
black_pawns: 62769057245429760
37 34 30
48 55 25
49 54 15
50 53 5
51 52 25
52 51 45
54 49 35
55 48 30
white_pawns: 587520
8 55 5
9 54 15
10 53 25
12 51 5
13 50 15
14 49 25
15 48 30
19 44 30
black_pawns: 53761995429642240
38 33 30
48 55 25
49 54 15
50 53 5
51 52 25
52 51 45
53 50 35
55 48 30
white_pawns: 587520
8 55 5
9 54 15
10 53 25
12 51 5
13 50 15
14 49 25
15 48 30
19 44 30
black_pawns: 35747871798067200
39 32 30
48 55 25
49 54 15
50 53 5
51 52 25
52 51 45
53 50 35
54 49 25
white_pawns: 587520
8 55 5
9 54 15
10 53 25
12 51 5
13 50 15
14 49 25
15 48 30
19 44 30
black_pawns: 71776119061217280
48 55 25
49 54 15
50 53 5
51 52 25
52 51 45
53 50 35
54 49 25
55 48 20
white_pawns: 587520
8 55 5
9 54 15
10 53 25
12 51 5
13 50 15
14 49 25
15 48 30
19 44 30
black_pawns: 71776119061217280
48 55 25
49 54 15
50 53 5
51 52 25
52 51 45
53 50 35
54 49 25
55 48 20
white_pawns: 587520
8 55 5
9 54 15
10 53 25
12 51 5
13 50 15
14 49 25
15 48 30
19 44 30
black_pawns: 71776119061217280
48 55 25
49 54 15
50 53 5
51 52 25
52 51 45
53 50 35
54 49 25
55 48 20
white_pawns: 587520
8 55 5
9 54 15
10 53 25
12 51 5
13 50 15
14 49 25
15 48 30
19 44 30
black_pawns: 71776119061217280
48 55 25
49 54 15
50 53 5
51 52 25
52 51 45
53 50 35
54 49 25
55 48 20
white_pawns: 1109760
8 55 5
9 54 15
10 53 25
11 52 5
13 50 15
14 49 25
15 48 30
20 43 30
black_pawns: 71495743596134400
40 47 25
49 54 15
50 53 5
51 52 25
52 51 45
53 50 35
54 49 25
55 48 20
white_pawns: 1109760
8 55 5
9 54 15
10 53 25
11 52 5
13 50 15
14 49 25
15 48 30
20 43 30
black_pawns: 71494644084506624
49 54 20
50 53 10
51 52 30
52 51 50
53 50 40
54 49 30
55 48 25
white_pawns: 1109760
8 55 5
9 54 15
10 53 25
11 52 5
13 50 15
14 49 25
15 48 30
20 43 30
black_pawns: 70932793642713088
40 47 25
50 53 15
51 52 35
52 51 55
53 50 45
54 49 35
55 48 30
white_pawns: 1109760
8 55 5
9 54 15
10 53 25
11 52 5
13 50 15
14 49 25
15 48 30
20 43 30
black_pawns: 71215368131051520
41 46 35
48 55 30
50 53 20
51 52 40
52 51 60
53 50 50
54 49 40
55 48 35
white_pawns: 1109760
8 55 5
9 54 15
10 53 25
11 52 5
13 50 15
14 49 25
15 48 30
20 43 30
black_pawns: 70654617200885760
42 45 40
48 55 35
49 54 25
51 52 45
52 51 65
53 50 55
54 49 45
55 48 40
white_pawns: 1109760
8 55 5
9 54 15
10 53 25
11 52 5
13 50 15
14 49 25
15 48 30
20 43 30
black_pawns: 69533115340554240
43 44 30
48 55 25
49 54 15
50 53 5
52 51 25
53 50 15
54 49 5
55 48 0
white_pawns: 1109760
8 55 5
9 54 15
10 53 25
11 52 5
13 50 15
14 49 25
15 48 30
20 43 30
black_pawns: 67290111619891200
44 43 30
48 55 25
49 54 15
50 53 5
51 52 25
53 50 15
54 49 5
55 48 0
white_pawns: 1109760
8 55 5
9 54 15
10 53 25
11 52 5
13 50 15
14 49 25
15 48 30
20 43 30
black_pawns: 62804104178565120
45 42 40
48 55 35
49 54 25
50 53 15
51 52 35
52 51 55
54 49 45
55 48 40
white_pawns: 1109760
8 55 5
9 54 15
10 53 25
11 52 5
13 50 15
14 49 25
15 48 30
20 43 30
black_pawns: 53832089295912960
46 41 35
48 55 30
49 54 20
50 53 10
51 52 30
52 51 50
53 50 40
55 48 35
white_pawns: 1109760
8 55 5
9 54 15
10 53 25
11 52 5
13 50 15
14 49 25
15 48 30
20 43 30
black_pawns: 35888059530608640
47 40 25
48 55 20
49 54 10
50 53 0
51 52 20
52 51 40
53 50 30
54 49 20
white_pawns: 1109760
8 55 5
9 54 15
10 53 25
11 52 5
13 50 15
14 49 25
15 48 30
20 43 30
black_pawns: 71494648379473920
32 39 30
49 54 20
50 53 10
51 52 30
52 51 50
53 50 40
54 49 30
55 48 25
white_pawns: 1109760
8 55 5
9 54 15
10 53 25
11 52 5
13 50 15
14 49 25
15 48 30
20 43 30
black_pawns: 71213177697730560
33 38 30
48 55 25
50 53 15
51 52 35
52 51 55
53 50 45
54 49 35
55 48 30
white_pawns: 1109760
8 55 5
9 54 15
10 53 25
11 52 5
13 50 15
14 49 25
15 48 30
20 43 30
black_pawns: 70650236334243840
34 37 30
48 55 25
49 54 15
51 52 35
52 51 55
53 50 45
54 49 35
55 48 30
white_pawns: 1109760
8 55 5
9 54 15
10 53 25
11 52 5
13 50 15
14 49 25
15 48 30
20 43 30
black_pawns: 69524353607270400
35 36 10
48 55 5
49 54 -5
50 53 -15
52 51 5
53 50 -5
54 49 -15
55 48 -20
white_pawns: 1109760
8 55 5
9 54 15
10 53 25
11 52 5
13 50 15
14 49 25
15 48 30
20 43 30
black_pawns: 67272588153323520
36 35 10
48 55 5
49 54 -5
50 53 -15
51 52 5
53 50 -5
54 49 -15
55 48 -20
white_pawns: 1109760
8 55 5
9 54 15
10 53 25
11 52 5
13 50 15
14 49 25
15 48 30
20 43 30
black_pawns: 62769057245429760
37 34 30
48 55 25
49 54 15
50 53 5
51 52 25
52 51 45
54 49 35
55 48 30
white_pawns: 1109760
8 55 5
9 54 15
10 53 25
11 52 5
13 50 15
14 49 25
15 48 30
20 43 30
black_pawns: 53761995429642240
38 33 30
48 55 25
49 54 15
50 53 5
51 52 25
52 51 45
53 50 35
55 48 30
white_pawns: 1109760
8 55 5
9 54 15
10 53 25
11 52 5
13 50 15
14 49 25
15 48 30
20 43 30
black_pawns: 35747871798067200
39 32 30
48 55 25
49 54 15
50 53 5
51 52 25
52 51 45
53 50 35
54 49 25
white_pawns: 1109760
8 55 5
9 54 15
10 53 25
11 52 5
13 50 15
14 49 25
15 48 30
20 43 30
black_pawns: 71776119061217280
48 55 25
49 54 15
50 53 5
51 52 25
52 51 45
53 50 35
54 49 25
55 48 20
white_pawns: 1109760
8 55 5
9 54 15
10 53 25
11 52 5
13 50 15
14 49 25
15 48 30
20 43 30
black_pawns: 71776119061217280
48 55 25
49 54 15
50 53 5
51 52 25
52 51 45
53 50 35
54 49 25
55 48 20
white_pawns: 1109760
8 55 5
9 54 15
10 53 25
11 52 5
13 50 15
14 49 25
15 48 30
20 43 30
black_pawns: 71776119061217280
48 55 25
49 54 15
50 53 5
51 52 25
52 51 45
53 50 35
54 49 25
55 48 20
white_pawns: 1109760
8 55 5
9 54 15
10 53 25
11 52 5
13 50 15
14 49 25
15 48 30
20 43 30
black_pawns: 71776119061217280
48 55 25
49 54 15
50 53 5
51 52 25
52 51 45
53 50 35
54 49 25
55 48 20
white_pawns: 2154240
8 55 5
9 54 15
10 53 25
11 52 5
12 51 -15
14 49 -5
15 48 0
21 42 -10
black_pawns: 71495743596134400
40 47 -15
49 54 -25
50 53 -35
51 52 -15
52 51 5
53 50 -5
54 49 -15
55 48 -20
white_pawns: 2154240
8 55 5
9 54 15
10 53 25
11 52 5
12 51 -15
14 49 -5
15 48 0
21 42 -10
black_pawns: 71215368131051520
41 46 -5
48 55 -10
50 53 -20
51 52 0
52 51 20
53 50 10
54 49 0
55 48 -5
white_pawns: 2154240
8 55 5
9 54 15
10 53 25
11 52 5
12 51 -15
14 49 -5
15 48 0
21 42 -10
black_pawns: 70654617200885760
42 45 0
48 55 -5
49 54 -15
51 52 5
52 51 25
53 50 15
54 49 5
55 48 0
white_pawns: 2154240
8 55 5
9 54 15
10 53 25
11 52 5
12 51 -15
14 49 -5
15 48 0
21 42 -10
black_pawns: 69533115340554240
43 44 -10
48 55 -15
49 54 -25
50 53 -35
52 51 -15
53 50 -25
54 49 -35
55 48 -40
white_pawns: 2154240
8 55 5
9 54 15
10 53 25
11 52 5
12 51 -15
14 49 -5
15 48 0
21 42 -10
black_pawns: 67290111619891200
44 43 -10
48 55 -15
49 54 -25
50 53 -35
51 52 -15
53 50 -25
54 49 -35
55 48 -40
white_pawns: 2154240
8 55 5
9 54 15
10 53 25
11 52 5
12 51 -15
14 49 -5
15 48 0
21 42 -10
black_pawns: 62804104178565120
45 42 0
48 55 -5
49 54 -15
50 53 -25
51 52 -5
52 51 15
54 49 5
55 48 0
white_pawns: 2154240
8 55 5
9 54 15
10 53 25
11 52 5
12 51 -15
14 49 -5
15 48 0
21 42 -10
black_pawns: 53832089295912960
46 41 -5
48 55 -10
49 54 -20
50 53 -30
51 52 -10
52 51 10
53 50 0
55 48 -5
white_pawns: 2154240
8 55 5
9 54 15
10 53 25
11 52 5
12 51 -15
14 49 -5
15 48 0
21 42 -10
black_pawns: 35888059530608640
47 40 -15
48 55 -20
49 54 -30
50 53 -40
51 52 -20
52 51 0
53 50 -10
54 49 -20
white_pawns: 2154240
8 55 5
9 54 15
10 53 25
11 52 5
12 51 -15
14 49 -5
15 48 0
21 42 -10
black_pawns: 71494648379473920
32 39 -10
49 54 -20
50 53 -30
51 52 -10
52 51 10
53 50 0
54 49 -10
55 48 -15
white_pawns: 2154240
8 55 5
9 54 15
10 53 25
11 52 5
12 51 -15
14 49 -5
15 48 0
21 42 -10
black_pawns: 71213177697730560
33 38 -10
48 55 -15
50 53 -25
51 52 -5
52 51 15
53 50 5
54 49 -5
55 48 -10
white_pawns: 2154240
8 55 5
9 54 15
10 53 25
11 52 5
12 51 -15
14 49 -5
15 48 0
21 42 -10
black_pawns: 70650236334243840
34 37 -10
48 55 -15
49 54 -25
51 52 -5
52 51 15
53 50 5
54 49 -5
55 48 -10
white_pawns: 2154240
8 55 5
9 54 15
10 53 25
11 52 5
12 51 -15
14 49 -5
15 48 0
21 42 -10
black_pawns: 69524353607270400
35 36 -30
48 55 -35
49 54 -45
50 53 -55
52 51 -35
53 50 -45
54 49 -55
55 48 -60
white_pawns: 2154240
8 55 5
9 54 15
10 53 25
11 52 5
12 51 -15
14 49 -5
15 48 0
21 42 -10
black_pawns: 67272588153323520
36 35 -30
48 55 -35
49 54 -45
50 53 -55
51 52 -35
53 50 -45
54 49 -55
55 48 -60
white_pawns: 2154240
8 55 5
9 54 15
10 53 25
11 52 5
12 51 -15
14 49 -5
15 48 0
21 42 -10
black_pawns: 62769057245429760
37 34 -10
48 55 -15
49 54 -25
50 53 -35
51 52 -15
52 51 5
54 49 -5
55 48 -10
white_pawns: 2154240
8 55 5
9 54 15
10 53 25
11 52 5
12 51 -15
14 49 -5
15 48 0
21 42 -10
black_pawns: 53761995429642240
38 33 -10
48 55 -15
49 54 -25
50 53 -35
51 52 -15
52 51 5
53 50 -5
55 48 -10
white_pawns: 2154240
8 55 5
9 54 15
10 53 25
11 52 5
12 51 -15
14 49 -5
15 48 0
21 42 -10
black_pawns: 35747871798067200
39 32 -10
48 55 -15
49 54 -25
50 53 -35
51 52 -15
52 51 5
53 50 -5
54 49 -15
white_pawns: 2154240
8 55 5
9 54 15
10 53 25
11 52 5
12 51 -15
14 49 -5
15 48 0
21 42 -10
black_pawns: 71776119061217280
48 55 -15
49 54 -25
50 53 -35
51 52 -15
52 51 5
53 50 -5
54 49 -15
55 48 -20
white_pawns: 2154240
8 55 5
9 54 15
10 53 25
11 52 5
12 51 -15
14 49 -5
15 48 0
21 42 -10
black_pawns: 71776119061217280
48 55 -15
49 54 -25
50 53 -35
51 52 -15
52 51 5
53 50 -5
54 49 -15
55 48 -20
white_pawns: 2154240
8 55 5
9 54 15
10 53 25
11 52 5
12 51 -15
14 49 -5
15 48 0
21 42 -10
black_pawns: 71776119061217280
48 55 -15
49 54 -25
50 53 -35
51 52 -15
52 51 5
53 50 -5
54 49 -15
55 48 -20
white_pawns: 2154240
8 55 5
9 54 15
10 53 25
11 52 5
12 51 -15
14 49 -5
15 48 0
21 42 -10
black_pawns: 71776119061217280
48 55 -15
49 54 -25
50 53 -35
51 52 -15
52 51 5
53 50 -5
54 49 -15
55 48 -20
white_pawns: 4243200
8 55 5
9 54 15
10 53 25
11 52 5
12 51 -15
13 50 -5
15 48 0
22 41 -5
black_pawns: 71495743596134400
40 47 -10
49 54 -20
50 53 -30
51 52 -10
52 51 10
53 50 0
54 49 -10
55 48 -15
white_pawns: 4243200
8 55 5
9 54 15
10 53 25
11 52 5
12 51 -15
13 50 -5
15 48 0
22 41 -5
black_pawns: 71215368131051520
41 46 0
48 55 -5
50 53 -15
51 52 5
52 51 25
53 50 15
54 49 5
55 48 0
white_pawns: 4243200
8 55 5
9 54 15
10 53 25
11 52 5
12 51 -15
13 50 -5
15 48 0
22 41 -5
black_pawns: 70654617200885760
42 45 5
48 55 0
49 54 -10
51 52 10
52 51 30
53 50 20
54 49 10
55 48 5
white_pawns: 4243200
8 55 5
9 54 15
10 53 25
11 52 5
12 51 -15
13 50 -5
15 48 0
22 41 -5
black_pawns: 69533115340554240
43 44 -5
48 55 -10
49 54 -20
50 53 -30
52 51 -10
53 50 -20
54 49 -30
55 48 -35
white_pawns: 4243200
8 55 5
9 54 15
10 53 25
11 52 5
12 51 -15
13 50 -5
15 48 0
22 41 -5
black_pawns: 67290111619891200
44 43 -5
48 55 -10
49 54 -20
50 53 -30
51 52 -10
53 50 -20
54 49 -30
55 48 -35
white_pawns: 4243200
8 55 5
9 54 15
10 53 25
11 52 5
12 51 -15
13 50 -5
15 48 0
22 41 -5
black_pawns: 62804104178565120
45 42 5
48 55 0
49 54 -10
50 53 -20
51 52 0
52 51 20
54 49 10
55 48 5
white_pawns: 4243200
8 55 5
9 54 15
10 53 25
11 52 5
12 51 -15
13 50 -5
15 48 0
22 41 -5
black_pawns: 53832089295912960
46 41 0
48 55 -5
49 54 -15
50 53 -25
51 52 -5
52 51 15
53 50 5
55 48 0
white_pawns: 4243200
8 55 5
9 54 15
10 53 25
11 52 5
12 51 -15
13 50 -5
15 48 0
22 41 -5
black_pawns: 35888059530608640
47 40 -10
48 55 -15
49 54 -25
50 53 -35
51 52 -15
52 51 5
53 50 -5
54 49 -15
white_pawns: 4243200
8 55 5
9 54 15
10 53 25
11 52 5
12 51 -15
13 50 -5
15 48 0
22 41 -5
black_pawns: 71494648379473920
32 39 -5
49 54 -15
50 53 -25
51 52 -5
52 51 15
53 50 5
54 49 -5
55 48 -10
white_pawns: 4243200
8 55 5
9 54 15
10 53 25
11 52 5
12 51 -15
13 50 -5
15 48 0
22 41 -5
black_pawns: 71213177697730560
33 38 -5
48 55 -10
50 53 -20
51 52 0
52 51 20
53 50 10
54 49 0
55 48 -5
white_pawns: 4243200
8 55 5
9 54 15
10 53 25
11 52 5
12 51 -15
13 50 -5
15 48 0
22 41 -5
black_pawns: 70650236334243840
34 37 -5
48 55 -10
49 54 -20
51 52 0
52 51 20
53 50 10
54 49 0
55 48 -5
white_pawns: 4243200
8 55 5
9 54 15
10 53 25
11 52 5
12 51 -15
13 50 -5
15 48 0
22 41 -5
black_pawns: 69524353607270400
35 36 -25
48 55 -30
49 54 -40
50 53 -50
52 51 -30
53 50 -40
54 49 -50
55 48 -55
white_pawns: 4243200
8 55 5
9 54 15
10 53 25
11 52 5
12 51 -15
13 50 -5
15 48 0
22 41 -5
black_pawns: 67272588153323520
36 35 -25
48 55 -30
49 54 -40
50 53 -50
51 52 -30
53 50 -40
54 49 -50
55 48 -55
white_pawns: 4243200
8 55 5
9 54 15
10 53 25
11 52 5
12 51 -15
13 50 -5
15 48 0
22 41 -5
black_pawns: 62769057245429760
37 34 -5
48 55 -10
49 54 -20
50 53 -30
51 52 -10
52 51 10
54 49 0
55 48 -5
white_pawns: 4243200
8 55 5
9 54 15
10 53 25
11 52 5
12 51 -15
13 50 -5
15 48 0
22 41 -5
black_pawns: 53761995429642240
38 33 -5
48 55 -10
49 54 -20
50 53 -30
51 52 -10
52 51 10
53 50 0
55 48 -5
white_pawns: 4243200
8 55 5
9 54 15
10 53 25
11 52 5
12 51 -15
13 50 -5
15 48 0
22 41 -5
black_pawns: 35747871798067200
39 32 -5
48 55 -10
49 54 -20
50 53 -30
51 52 -10
52 51 10
53 50 0
54 49 -10
white_pawns: 4243200
8 55 5
9 54 15
10 53 25
11 52 5
12 51 -15
13 50 -5
15 48 0
22 41 -5
black_pawns: 71776119061217280
48 55 -10
49 54 -20
50 53 -30
51 52 -10
52 51 10
53 50 0
54 49 -10
55 48 -15
white_pawns: 4243200
8 55 5
9 54 15
10 53 25
11 52 5
12 51 -15
13 50 -5
15 48 0
22 41 -5
black_pawns: 71776119061217280
48 55 -10
49 54 -20
50 53 -30
51 52 -10
52 51 10
53 50 0
54 49 -10
55 48 -15
white_pawns: 4243200
8 55 5
9 54 15
10 53 25
11 52 5
12 51 -15
13 50 -5
15 48 0
22 41 -5
black_pawns: 71776119061217280
48 55 -10
49 54 -20
50 53 -30
51 52 -10
52 51 10
53 50 0
54 49 -10
55 48 -15
white_pawns: 4243200
8 55 5
9 54 15
10 53 25
11 52 5
12 51 -15
13 50 -5
15 48 0
22 41 -5
black_pawns: 71776119061217280
48 55 -10
49 54 -20
50 53 -30
51 52 -10
52 51 10
53 50 0
54 49 -10
55 48 -15
white_pawns: 8421120
8 55 5
9 54 15
10 53 25
11 52 5
12 51 -15
13 50 -5
14 49 5
23 40 10
black_pawns: 71495743596134400
40 47 5
49 54 -5
50 53 -15
51 52 5
52 51 25
53 50 15
54 49 5
55 48 0
white_pawns: 8421120
8 55 5
9 54 15
10 53 25
11 52 5
12 51 -15
13 50 -5
14 49 5
23 40 10
black_pawns: 71215368131051520
41 46 15
48 55 10
50 53 0
51 52 20
52 51 40
53 50 30
54 49 20
55 48 15
white_pawns: 8421120
8 55 5
9 54 15
10 53 25
11 52 5
12 51 -15
13 50 -5
14 49 5
23 40 10
black_pawns: 70654617200885760
42 45 20
48 55 15
49 54 5
51 52 25
52 51 45
53 50 35
54 49 25
55 48 20
white_pawns: 8421120
8 55 5
9 54 15
10 53 25
11 52 5
12 51 -15
13 50 -5
14 49 5
23 40 10
black_pawns: 69533115340554240
43 44 10
48 55 5
49 54 -5
50 53 -15
52 51 5
53 50 -5
54 49 -15
55 48 -20
white_pawns: 8421120
8 55 5
9 54 15
10 53 25
11 52 5
12 51 -15
13 50 -5
14 49 5
23 40 10
black_pawns: 67290111619891200
44 43 10
48 55 5
49 54 -5
50 53 -15
51 52 5
53 50 -5
54 49 -15
55 48 -20
white_pawns: 8421120
8 55 5
9 54 15
10 53 25
11 52 5
12 51 -15
13 50 -5
14 49 5
23 40 10
black_pawns: 62804104178565120
45 42 20
48 55 15
49 54 5
50 53 -5
51 52 15
52 51 35
54 49 25
55 48 20
white_pawns: 8421120
8 55 5
9 54 15
10 53 25
11 52 5
12 51 -15
13 50 -5
14 49 5
23 40 10
black_pawns: 53832089295912960
46 41 15
48 55 10
49 54 0
50 53 -10
51 52 10
52 51 30
53 50 20
55 48 15
white_pawns: 8421120
8 55 5
9 54 15
10 53 25
11 52 5
12 51 -15
13 50 -5
14 49 5
23 40 10
black_pawns: 35888059530608640
47 40 5
48 55 0
49 54 -10
50 53 -20
51 52 0
52 51 20
53 50 10
54 49 0
white_pawns: 8421120
8 55 5
9 54 15
10 53 25
11 52 5
12 51 -15
13 50 -5
14 49 5
23 40 10
black_pawns: 71494648379473920
32 39 10
49 54 0
50 53 -10
51 52 10
52 51 30
53 50 20
54 49 10
55 48 5
white_pawns: 8421120
8 55 5
9 54 15
10 53 25
11 52 5
12 51 -15
13 50 -5
14 49 5
23 40 10
black_pawns: 71213177697730560
33 38 10
48 55 5
50 53 -5
51 52 15
52 51 35
53 50 25
54 49 15
55 48 10
white_pawns: 8421120
8 55 5
9 54 15
10 53 25
11 52 5
12 51 -15
13 50 -5
14 49 5
23 40 10
black_pawns: 70650236334243840
34 37 10
48 55 5
49 54 -5
51 52 15
52 51 35
53 50 25
54 49 15
55 48 10
white_pawns: 8421120
8 55 5
9 54 15
10 53 25
11 52 5
12 51 -15
13 50 -5
14 49 5
23 40 10
black_pawns: 69524353607270400
35 36 -10
48 55 -15
49 54 -25
50 53 -35
52 51 -15
53 50 -25
54 49 -35
55 48 -40
white_pawns: 8421120
8 55 5
9 54 15
10 53 25
11 52 5
12 51 -15
13 50 -5
14 49 5
23 40 10
black_pawns: 67272588153323520
36 35 -10
48 55 -15
49 54 -25
50 53 -35
51 52 -15
53 50 -25
54 49 -35
55 48 -40
white_pawns: 8421120
8 55 5
9 54 15
10 53 25
11 52 5
12 51 -15
13 50 -5
14 49 5
23 40 10
black_pawns: 62769057245429760
37 34 10
48 55 5
49 54 -5
50 53 -15
51 52 5
52 51 25
54 49 15
55 48 10
white_pawns: 8421120
8 55 5
9 54 15
10 53 25
11 52 5
12 51 -15
13 50 -5
14 49 5
23 40 10
black_pawns: 53761995429642240
38 33 10
48 55 5
49 54 -5
50 53 -15
51 52 5
52 51 25
53 50 15
55 48 10
white_pawns: 8421120
8 55 5
9 54 15
10 53 25
11 52 5
12 51 -15
13 50 -5
14 49 5
23 40 10
black_pawns: 35747871798067200
39 32 10
48 55 5
49 54 -5
50 53 -15
51 52 5
52 51 25
53 50 15
54 49 5
white_pawns: 8421120
8 55 5
9 54 15
10 53 25
11 52 5
12 51 -15
13 50 -5
14 49 5
23 40 10
black_pawns: 71776119061217280
48 55 5
49 54 -5
50 53 -15
51 52 5
52 51 25
53 50 15
54 49 5
55 48 0
white_pawns: 8421120
8 55 5
9 54 15
10 53 25
11 52 5
12 51 -15
13 50 -5
14 49 5
23 40 10
black_pawns: 71776119061217280
48 55 5
49 54 -5
50 53 -15
51 52 5
52 51 25
53 50 15
54 49 5
55 48 0
white_pawns: 8421120
8 55 5
9 54 15
10 53 25
11 52 5
12 51 -15
13 50 -5
14 49 5
23 40 10
black_pawns: 71776119061217280
48 55 5
49 54 -5
50 53 -15
51 52 5
52 51 25
53 50 15
54 49 5
55 48 0
white_pawns: 8421120
8 55 5
9 54 15
10 53 25
11 52 5
12 51 -15
13 50 -5
14 49 5
23 40 10
black_pawns: 71776119061217280
48 55 5
49 54 -5
50 53 -15
51 52 5
52 51 25
53 50 15
54 49 5
55 48 0
white_pawns: 16842240
9 54 10
10 53 20
11 52 0
12 51 -20
13 50 -10
14 49 0
15 48 5
24 39 5
black_pawns: 71495743596134400
40 47 0
49 54 -10
50 53 -20
51 52 0
52 51 20
53 50 10
54 49 0
55 48 -5
white_pawns: 16842240
9 54 10
10 53 20
11 52 0
12 51 -20
13 50 -10
14 49 0
15 48 5
24 39 5
black_pawns: 71215368131051520
41 46 10
48 55 5
50 53 -5
51 52 15
52 51 35
53 50 25
54 49 15
55 48 10
white_pawns: 16842240
9 54 10
10 53 20
11 52 0
12 51 -20
13 50 -10
14 49 0
15 48 5
24 39 5
black_pawns: 70654617200885760
42 45 15
48 55 10
49 54 0
51 52 20
52 51 40
53 50 30
54 49 20
55 48 15
white_pawns: 16842240
9 54 10
10 53 20
11 52 0
12 51 -20
13 50 -10
14 49 0
15 48 5
24 39 5
black_pawns: 69533115340554240
43 44 5
48 55 0
49 54 -10
50 53 -20
52 51 0
53 50 -10
54 49 -20
55 48 -25
white_pawns: 16842240
9 54 10
10 53 20
11 52 0
12 51 -20
13 50 -10
14 49 0
15 48 5
24 39 5
black_pawns: 67290111619891200
44 43 5
48 55 0
49 54 -10
50 53 -20
51 52 0
53 50 -10
54 49 -20
55 48 -25
white_pawns: 16842240
9 54 10
10 53 20
11 52 0
12 51 -20
13 50 -10
14 49 0
15 48 5
24 39 5
black_pawns: 62804104178565120
45 42 15
48 55 10
49 54 0
50 53 -10
51 52 10
52 51 30
54 49 20
55 48 15
white_pawns: 16842240
9 54 10
10 53 20
11 52 0
12 51 -20
13 50 -10
14 49 0
15 48 5
24 39 5
black_pawns: 53832089295912960
46 41 10
48 55 5
49 54 -5
50 53 -15
51 52 5
52 51 25
53 50 15
55 48 10
white_pawns: 16842240
9 54 10
10 53 20
11 52 0
12 51 -20
13 50 -10
14 49 0
15 48 5
24 39 5
black_pawns: 35888059530608640
47 40 0
48 55 -5
49 54 -15
50 53 -25
51 52 -5
52 51 15
53 50 5
54 49 -5
white_pawns: 16842240
9 54 10
10 53 20
11 52 0
12 51 -20
13 50 -10
14 49 0
15 48 5
24 39 5
black_pawns: 71494648379473920
32 39 5
49 54 -5
50 53 -15
51 52 5
52 51 25
53 50 15
54 49 5
55 48 0
white_pawns: 16842240
9 54 10
10 53 20
11 52 0
12 51 -20
13 50 -10
14 49 0
15 48 5
24 39 5
black_pawns: 71213177697730560
33 38 5
48 55 0
50 53 -10
51 52 10
52 51 30
53 50 20
54 49 10
55 48 5
white_pawns: 16842240
9 54 10
10 53 20
11 52 0
12 51 -20
13 50 -10
14 49 0
15 48 5
24 39 5
black_pawns: 70650236334243840
34 37 5
48 55 0
49 54 -10
51 52 10
52 51 30
53 50 20
54 49 10
55 48 5
white_pawns: 16842240
9 54 10
10 53 20
11 52 0
12 51 -20
13 50 -10
14 49 0
15 48 5
24 39 5
black_pawns: 69524353607270400
35 36 -15
48 55 -20
49 54 -30
50 53 -40
52 51 -20
53 50 -30
54 49 -40
55 48 -45
white_pawns: 16842240
9 54 10
10 53 20
11 52 0
12 51 -20
13 50 -10
14 49 0
15 48 5
24 39 5
black_pawns: 67272588153323520
36 35 -15
48 55 -20
49 54 -30
50 53 -40
51 52 -20
53 50 -30
54 49 -40
55 48 -45
white_pawns: 16842240
9 54 10
10 53 20
11 52 0
12 51 -20
13 50 -10
14 49 0
15 48 5
24 39 5
black_pawns: 62769057245429760
37 34 5
48 55 0
49 54 -10
50 53 -20
51 52 0
52 51 20
54 49 10
55 48 5
white_pawns: 16842240
9 54 10
10 53 20
11 52 0
12 51 -20
13 50 -10
14 49 0
15 48 5
24 39 5
black_pawns: 53761995429642240
38 33 5
48 55 0
49 54 -10
50 53 -20
51 52 0
52 51 20
53 50 10
55 48 5
white_pawns: 16842240
9 54 10
10 53 20
11 52 0
12 51 -20
13 50 -10
14 49 0
15 48 5
24 39 5
black_pawns: 35747871798067200
39 32 5
48 55 0
49 54 -10
50 53 -20
51 52 0
52 51 20
53 50 10
54 49 0
white_pawns: 16842240
9 54 10
10 53 20
11 52 0
12 51 -20
13 50 -10
14 49 0
15 48 5
24 39 5
black_pawns: 71776119061217280
48 55 0
49 54 -10
50 53 -20
51 52 0
52 51 20
53 50 10
54 49 0
55 48 -5
white_pawns: 16842240
9 54 10
10 53 20
11 52 0
12 51 -20
13 50 -10
14 49 0
15 48 5
24 39 5
black_pawns: 71776119061217280
48 55 0
49 54 -10
50 53 -20
51 52 0
52 51 20
53 50 10
54 49 0
55 48 -5
white_pawns: 16842240
9 54 10
10 53 20
11 52 0
12 51 -20
13 50 -10
14 49 0
15 48 5
24 39 5
black_pawns: 71776119061217280
48 55 0
49 54 -10
50 53 -20
51 52 0
52 51 20
53 50 10
54 49 0
55 48 -5
white_pawns: 16842240
9 54 10
10 53 20
11 52 0
12 51 -20
13 50 -10
14 49 0
15 48 5
24 39 5
black_pawns: 71776119061217280
48 55 0
49 54 -10
50 53 -20
51 52 0
52 51 20
53 50 10
54 49 0
55 48 -5
white_pawns: 33619200
8 55 5
10 53 15
11 52 -5
12 51 -25
13 50 -15
14 49 -5
15 48 0
25 38 0
black_pawns: 71495743596134400
40 47 -5
49 54 -15
50 53 -25
51 52 -5
52 51 15
53 50 5
54 49 -5
55 48 -10
white_pawns: 33619200
8 55 5
10 53 15
11 52 -5
12 51 -25
13 50 -15
14 49 -5
15 48 0
25 38 0
black_pawns: 71215368131051520
41 46 5
48 55 0
50 53 -10
51 52 10
52 51 30
53 50 20
54 49 10
55 48 5
white_pawns: 33619200
8 55 5
10 53 15
11 52 -5
12 51 -25
13 50 -15
14 49 -5
15 48 0
25 38 0
black_pawns: 70654617200885760
42 45 10
48 55 5
49 54 -5
51 52 15
52 51 35
53 50 25
54 49 15
55 48 10
white_pawns: 33619200
8 55 5
10 53 15
11 52 -5
12 51 -25
13 50 -15
14 49 -5
15 48 0
25 38 0
black_pawns: 69533115340554240
43 44 0
48 55 -5
49 54 -15
50 53 -25
52 51 -5
53 50 -15
54 49 -25
55 48 -30
white_pawns: 33619200
8 55 5
10 53 15
11 52 -5
12 51 -25
13 50 -15
14 49 -5
15 48 0
25 38 0
black_pawns: 67290111619891200
44 43 0
48 55 -5
49 54 -15
50 53 -25
51 52 -5
53 50 -15
54 49 -25
55 48 -30
white_pawns: 33619200
8 55 5
10 53 15
11 52 -5
12 51 -25
13 50 -15
14 49 -5
15 48 0
25 38 0
black_pawns: 62804104178565120
45 42 10
48 55 5
49 54 -5
50 53 -15
51 52 5
52 51 25
54 49 15
55 48 10
white_pawns: 33619200
8 55 5
10 53 15
11 52 -5
12 51 -25
13 50 -15
14 49 -5
15 48 0
25 38 0
black_pawns: 53832089295912960
46 41 5
48 55 0
49 54 -10
50 53 -20
51 52 0
52 51 20
53 50 10
55 48 5
white_pawns: 33619200
8 55 5
10 53 15
11 52 -5
12 51 -25
13 50 -15
14 49 -5
15 48 0
25 38 0
black_pawns: 35888059530608640
47 40 -5
48 55 -10
49 54 -20
50 53 -30
51 52 -10
52 51 10
53 50 0
54 49 -10
white_pawns: 33619200
8 55 5
10 53 15
11 52 -5
12 51 -25
13 50 -15
14 49 -5
15 48 0
25 38 0
black_pawns: 71494648379473920
32 39 0
49 54 -10
50 53 -20
51 52 0
52 51 20
53 50 10
54 49 0
55 48 -5
white_pawns: 33619200
8 55 5
10 53 15
11 52 -5
12 51 -25
13 50 -15
14 49 -5
15 48 0
25 38 0
black_pawns: 71213177697730560
33 38 0
48 55 -5
50 53 -15
51 52 5
52 51 25
53 50 15
54 49 5
55 48 0
white_pawns: 33619200
8 55 5
10 53 15
11 52 -5
12 51 -25
13 50 -15
14 49 -5
15 48 0
25 38 0
black_pawns: 70650236334243840
34 37 0
48 55 -5
49 54 -15
51 52 5
52 51 25
53 50 15
54 49 5
55 48 0
white_pawns: 33619200
8 55 5
10 53 15
11 52 -5
12 51 -25
13 50 -15
14 49 -5
15 48 0
25 38 0
black_pawns: 69524353607270400
35 36 -20
48 55 -25
49 54 -35
50 53 -45
52 51 -25
53 50 -35
54 49 -45
55 48 -50
white_pawns: 33619200
8 55 5
10 53 15
11 52 -5
12 51 -25
13 50 -15
14 49 -5
15 48 0
25 38 0
black_pawns: 67272588153323520
36 35 -20
48 55 -25
49 54 -35
50 53 -45
51 52 -25
53 50 -35
54 49 -45
55 48 -50
white_pawns: 33619200
8 55 5
10 53 15
11 52 -5
12 51 -25
13 50 -15
14 49 -5
15 48 0
25 38 0
black_pawns: 62769057245429760
37 34 0
48 55 -5
49 54 -15
50 53 -25
51 52 -5
52 51 15
54 49 5
55 48 0
white_pawns: 33619200
8 55 5
10 53 15
11 52 -5
12 51 -25
13 50 -15
14 49 -5
15 48 0
25 38 0
black_pawns: 53761995429642240
38 33 0
48 55 -5
49 54 -15
50 53 -25
51 52 -5
52 51 15
53 50 5
55 48 0
white_pawns: 33619200
8 55 5
10 53 15
11 52 -5
12 51 -25
13 50 -15
14 49 -5
15 48 0
25 38 0
black_pawns: 35747871798067200
39 32 0
48 55 -5
49 54 -15
50 53 -25
51 52 -5
52 51 15
53 50 5
54 49 -5
white_pawns: 33619200
8 55 5
10 53 15
11 52 -5
12 51 -25
13 50 -15
14 49 -5
15 48 0
25 38 0
black_pawns: 71776119061217280
48 55 -5
49 54 -15
50 53 -25
51 52 -5
52 51 15
53 50 5
54 49 -5
55 48 -10
white_pawns: 33619200
8 55 5
10 53 15
11 52 -5
12 51 -25
13 50 -15
14 49 -5
15 48 0
25 38 0
black_pawns: 71776119061217280
48 55 -5
49 54 -15
50 53 -25
51 52 -5
52 51 15
53 50 5
54 49 -5
55 48 -10
white_pawns: 33619200
8 55 5
10 53 15
11 52 -5
12 51 -25
13 50 -15
14 49 -5
15 48 0
25 38 0
black_pawns: 71776119061217280
48 55 -5
49 54 -15
50 53 -25
51 52 -5
52 51 15
53 50 5
54 49 -5
55 48 -10
white_pawns: 33619200
8 55 5
10 53 15
11 52 -5
12 51 -25
13 50 -15
14 49 -5
15 48 0
25 38 0
black_pawns: 71776119061217280
48 55 -5
49 54 -15
50 53 -25
51 52 -5
52 51 15
53 50 5
54 49 -5
55 48 -10
white_pawns: 67173120
8 55 5
9 54 15
11 52 -5
12 51 -25
13 50 -15
14 49 -5
15 48 0
26 37 0
black_pawns: 71495743596134400
40 47 -5
49 54 -15
50 53 -25
51 52 -5
52 51 15
53 50 5
54 49 -5
55 48 -10
white_pawns: 67173120
8 55 5
9 54 15
11 52 -5
12 51 -25
13 50 -15
14 49 -5
15 48 0
26 37 0
black_pawns: 71215368131051520
41 46 5
48 55 0
50 53 -10
51 52 10
52 51 30
53 50 20
54 49 10
55 48 5
white_pawns: 67173120
8 55 5
9 54 15
11 52 -5
12 51 -25
13 50 -15
14 49 -5
15 48 0
26 37 0
black_pawns: 70654617200885760
42 45 10
48 55 5
49 54 -5
51 52 15
52 51 35
53 50 25
54 49 15
55 48 10
white_pawns: 67173120
8 55 5
9 54 15
11 52 -5
12 51 -25
13 50 -15
14 49 -5
15 48 0
26 37 0
black_pawns: 69533115340554240
43 44 0
48 55 -5
49 54 -15
50 53 -25
52 51 -5
53 50 -15
54 49 -25
55 48 -30
white_pawns: 67173120
8 55 5
9 54 15
11 52 -5
12 51 -25
13 50 -15
14 49 -5
15 48 0
26 37 0
black_pawns: 67290111619891200
44 43 0
48 55 -5
49 54 -15
50 53 -25
51 52 -5
53 50 -15
54 49 -25
55 48 -30
white_pawns: 67173120
8 55 5
9 54 15
11 52 -5
12 51 -25
13 50 -15
14 49 -5
15 48 0
26 37 0
black_pawns: 62804104178565120
45 42 10
48 55 5
49 54 -5
50 53 -15
51 52 5
52 51 25
54 49 15
55 48 10
white_pawns: 67173120
8 55 5
9 54 15
11 52 -5
12 51 -25
13 50 -15
14 49 -5
15 48 0
26 37 0
black_pawns: 53832089295912960
46 41 5
48 55 0
49 54 -10
50 53 -20
51 52 0
52 51 20
53 50 10
55 48 5
white_pawns: 67173120
8 55 5
9 54 15
11 52 -5
12 51 -25
13 50 -15
14 49 -5
15 48 0
26 37 0
black_pawns: 35888059530608640
47 40 -5
48 55 -10
49 54 -20
50 53 -30
51 52 -10
52 51 10
53 50 0
54 49 -10
white_pawns: 67173120
8 55 5
9 54 15
11 52 -5
12 51 -25
13 50 -15
14 49 -5
15 48 0
26 37 0
black_pawns: 71494648379473920
32 39 0
49 54 -10
50 53 -20
51 52 0
52 51 20
53 50 10
54 49 0
55 48 -5
white_pawns: 67173120
8 55 5
9 54 15
11 52 -5
12 51 -25
13 50 -15
14 49 -5
15 48 0
26 37 0
black_pawns: 71213177697730560
33 38 0
48 55 -5
50 53 -15
51 52 5
52 51 25
53 50 15
54 49 5
55 48 0
white_pawns: 67173120
8 55 5
9 54 15
11 52 -5
12 51 -25
13 50 -15
14 49 -5
15 48 0
26 37 0
black_pawns: 70650236334243840
34 37 0
48 55 -5
49 54 -15
51 52 5
52 51 25
53 50 15
54 49 5
55 48 0
white_pawns: 67173120
8 55 5
9 54 15
11 52 -5
12 51 -25
13 50 -15
14 49 -5
15 48 0
26 37 0
black_pawns: 69524353607270400
35 36 -20
48 55 -25
49 54 -35
50 53 -45
52 51 -25
53 50 -35
54 49 -45
55 48 -50
white_pawns: 34359802624
8 55 5
9 54 15
11 52 -5
12 51 -25
13 50 -15
14 49 -5
15 48 0
35 28 25
black_pawns: 69524319247532032
48 55 20
49 54 10
50 53 0
52 51 20
53 50 10
54 49 0
55 48 -5
white_pawns: 67173120
8 55 5
9 54 15
11 52 -5
12 51 -25
13 50 -15
14 49 -5
15 48 0
26 37 0
black_pawns: 67272588153323520
36 35 -20
48 55 -25
49 54 -35
50 53 -45
51 52 -25
53 50 -35
54 49 -45
55 48 -50
white_pawns: 67173120
8 55 5
9 54 15
11 52 -5
12 51 -25
13 50 -15
14 49 -5
15 48 0
26 37 0
black_pawns: 62769057245429760
37 34 0
48 55 -5
49 54 -15
50 53 -25
51 52 -5
52 51 15
54 49 5
55 48 0
white_pawns: 67173120
8 55 5
9 54 15
11 52 -5
12 51 -25
13 50 -15
14 49 -5
15 48 0
26 37 0
black_pawns: 53761995429642240
38 33 0
48 55 -5
49 54 -15
50 53 -25
51 52 -5
52 51 15
53 50 5
55 48 0
white_pawns: 67173120
8 55 5
9 54 15
11 52 -5
12 51 -25
13 50 -15
14 49 -5
15 48 0
26 37 0
black_pawns: 35747871798067200
39 32 0
48 55 -5
49 54 -15
50 53 -25
51 52 -5
52 51 15
53 50 5
54 49 -5
white_pawns: 67173120
8 55 5
9 54 15
11 52 -5
12 51 -25
13 50 -15
14 49 -5
15 48 0
26 37 0
black_pawns: 71776119061217280
48 55 -5
49 54 -15
50 53 -25
51 52 -5
52 51 15
53 50 5
54 49 -5
55 48 -10
white_pawns: 67173120
8 55 5
9 54 15
11 52 -5
12 51 -25
13 50 -15
14 49 -5
15 48 0
26 37 0
black_pawns: 71776119061217280
48 55 -5
49 54 -15
50 53 -25
51 52 -5
52 51 15
53 50 5
54 49 -5
55 48 -10
white_pawns: 67173120
8 55 5
9 54 15
11 52 -5
12 51 -25
13 50 -15
14 49 -5
15 48 0
26 37 0
black_pawns: 71776119061217280
48 55 -5
49 54 -15
50 53 -25
51 52 -5
52 51 15
53 50 5
54 49 -5
55 48 -10
white_pawns: 67173120
8 55 5
9 54 15
11 52 -5
12 51 -25
13 50 -15
14 49 -5
15 48 0
26 37 0
black_pawns: 71776119061217280
48 55 -5
49 54 -15
50 53 -25
51 52 -5
52 51 15
53 50 5
54 49 -5
55 48 -10
white_pawns: 134280960
8 55 5
9 54 15
10 53 25
12 51 5
13 50 15
14 49 25
15 48 30
27 36 50
black_pawns: 71495743596134400
40 47 45
49 54 35
50 53 25
51 52 45
52 51 65
53 50 55
54 49 45
55 48 40
white_pawns: 134280960
8 55 5
9 54 15
10 53 25
12 51 5
13 50 15
14 49 25
15 48 30
27 36 50
black_pawns: 71215368131051520
41 46 55
48 55 50
50 53 40
51 52 60
52 51 80
53 50 70
54 49 60
55 48 55
white_pawns: 134280960
8 55 5
9 54 15
10 53 25
12 51 5
13 50 15
14 49 25
15 48 30
27 36 50
black_pawns: 70654617200885760
42 45 60
48 55 55
49 54 45
51 52 65
52 51 85
53 50 75
54 49 65
55 48 60
white_pawns: 134280960
8 55 5
9 54 15
10 53 25
12 51 5
13 50 15
14 49 25
15 48 30
27 36 50
black_pawns: 69533115340554240
43 44 50
48 55 45
49 54 35
50 53 25
52 51 45
53 50 35
54 49 25
55 48 20
white_pawns: 134280960
8 55 5
9 54 15
10 53 25
12 51 5
13 50 15
14 49 25
15 48 30
27 36 50
black_pawns: 67290111619891200
44 43 50
48 55 45
49 54 35
50 53 25
51 52 45
53 50 35
54 49 25
55 48 20
white_pawns: 134280960
8 55 5
9 54 15
10 53 25
12 51 5
13 50 15
14 49 25
15 48 30
27 36 50
black_pawns: 62804104178565120
45 42 60
48 55 55
49 54 45
50 53 35
51 52 55
52 51 75
54 49 65
55 48 60
white_pawns: 134280960
8 55 5
9 54 15
10 53 25
12 51 5
13 50 15
14 49 25
15 48 30
27 36 50
black_pawns: 53832089295912960
46 41 55
48 55 50
49 54 40
50 53 30
51 52 50
52 51 70
53 50 60
55 48 55
white_pawns: 134280960
8 55 5
9 54 15
10 53 25
12 51 5
13 50 15
14 49 25
15 48 30
27 36 50
black_pawns: 35888059530608640
47 40 45
48 55 40
49 54 30
50 53 20
51 52 40
52 51 60
53 50 50
54 49 40
white_pawns: 134280960
8 55 5
9 54 15
10 53 25
12 51 5
13 50 15
14 49 25
15 48 30
27 36 50
black_pawns: 71494648379473920
32 39 50
49 54 40
50 53 30
51 52 50
52 51 70
53 50 60
54 49 50
55 48 45
white_pawns: 134280960
8 55 5
9 54 15
10 53 25
12 51 5
13 50 15
14 49 25
15 48 30
27 36 50
black_pawns: 71213177697730560
33 38 50
48 55 45
50 53 35
51 52 55
52 51 75
53 50 65
54 49 55
55 48 50
white_pawns: 134280960
8 55 5
9 54 15
10 53 25
12 51 5
13 50 15
14 49 25
15 48 30
27 36 50
black_pawns: 70650236334243840
34 37 50
48 55 45
49 54 35
51 52 55
52 51 75
53 50 65
54 49 55
55 48 50
white_pawns: 134280960
8 55 5
9 54 15
10 53 25
12 51 5
13 50 15
14 49 25
15 48 30
27 36 50
black_pawns: 69524353607270400
35 36 30
48 55 25
49 54 15
50 53 5
52 51 25
53 50 15
54 49 5
55 48 0
white_pawns: 134280960
8 55 5
9 54 15
10 53 25
12 51 5
13 50 15
14 49 25
15 48 30
27 36 50
black_pawns: 67272588153323520
36 35 30
48 55 25
49 54 15
50 53 5
51 52 25
53 50 15
54 49 5
55 48 0
white_pawns: 134280960
8 55 5
9 54 15
10 53 25
12 51 5
13 50 15
14 49 25
15 48 30
27 36 50
black_pawns: 62769057245429760
37 34 50
48 55 45
49 54 35
50 53 25
51 52 45
52 51 65
54 49 55
55 48 50
white_pawns: 134280960
8 55 5
9 54 15
10 53 25
12 51 5
13 50 15
14 49 25
15 48 30
27 36 50
black_pawns: 53761995429642240
38 33 50
48 55 45
49 54 35
50 53 25
51 52 45
52 51 65
53 50 55
55 48 50
white_pawns: 134280960
8 55 5
9 54 15
10 53 25
12 51 5
13 50 15
14 49 25
15 48 30
27 36 50
black_pawns: 35747871798067200
39 32 50
48 55 45
49 54 35
50 53 25
51 52 45
52 51 65
53 50 55
54 49 45
white_pawns: 134280960
8 55 5
9 54 15
10 53 25
12 51 5
13 50 15
14 49 25
15 48 30
27 36 50
black_pawns: 71776119061217280
48 55 45
49 54 35
50 53 25
51 52 45
52 51 65
53 50 55
54 49 45
55 48 40
white_pawns: 134280960
8 55 5
9 54 15
10 53 25
12 51 5
13 50 15
14 49 25
15 48 30
27 36 50
black_pawns: 71776119061217280
48 55 45
49 54 35
50 53 25
51 52 45
52 51 65
53 50 55
54 49 45
55 48 40
white_pawns: 134280960
8 55 5
9 54 15
10 53 25
12 51 5
13 50 15
14 49 25
15 48 30
27 36 50
black_pawns: 71776119061217280
48 55 45
49 54 35
50 53 25
51 52 45
52 51 65
53 50 55
54 49 45
55 48 40
white_pawns: 134280960
8 55 5
9 54 15
10 53 25
12 51 5
13 50 15
14 49 25
15 48 30
27 36 50
black_pawns: 71776119061217280
48 55 45
49 54 35
50 53 25
51 52 45
52 51 65
53 50 55
54 49 45
55 48 40
white_pawns: 268496640
8 55 5
9 54 15
10 53 25
11 52 5
13 50 15
14 49 25
15 48 30
28 35 50
black_pawns: 71495743596134400
40 47 45
49 54 35
50 53 25
51 52 45
52 51 65
53 50 55
54 49 45
55 48 40
white_pawns: 268496640
8 55 5
9 54 15
10 53 25
11 52 5
13 50 15
14 49 25
15 48 30
28 35 50
black_pawns: 71494644084506624
49 54 40
50 53 30
51 52 50
52 51 70
53 50 60
54 49 50
55 48 45
white_pawns: 268496640
8 55 5
9 54 15
10 53 25
11 52 5
13 50 15
14 49 25
15 48 30
28 35 50
black_pawns: 70932793642713088
40 47 45
50 53 35
51 52 55
52 51 75
53 50 65
54 49 55
55 48 50
white_pawns: 268496640
8 55 5
9 54 15
10 53 25
11 52 5
13 50 15
14 49 25
15 48 30
28 35 50
black_pawns: 71215368131051520
41 46 55
48 55 50
50 53 40
51 52 60
52 51 80
53 50 70
54 49 60
55 48 55
white_pawns: 268496640
8 55 5
9 54 15
10 53 25
11 52 5
13 50 15
14 49 25
15 48 30
28 35 50
black_pawns: 70654617200885760
42 45 60
48 55 55
49 54 45
51 52 65
52 51 85
53 50 75
54 49 65
55 48 60
white_pawns: 268496640
8 55 5
9 54 15
10 53 25
11 52 5
13 50 15
14 49 25
15 48 30
28 35 50
black_pawns: 69533115340554240
43 44 50
48 55 45
49 54 35
50 53 25
52 51 45
53 50 35
54 49 25
55 48 20
white_pawns: 268496640
8 55 5
9 54 15
10 53 25
11 52 5
13 50 15
14 49 25
15 48 30
28 35 50
black_pawns: 67290111619891200
44 43 50
48 55 45
49 54 35
50 53 25
51 52 45
53 50 35
54 49 25
55 48 20
white_pawns: 268496640
8 55 5
9 54 15
10 53 25
11 52 5
13 50 15
14 49 25
15 48 30
28 35 50
black_pawns: 62804104178565120
45 42 60
48 55 55
49 54 45
50 53 35
51 52 55
52 51 75
54 49 65
55 48 60
white_pawns: 268496640
8 55 5
9 54 15
10 53 25
11 52 5
13 50 15
14 49 25
15 48 30
28 35 50
black_pawns: 53832089295912960
46 41 55
48 55 50
49 54 40
50 53 30
51 52 50
52 51 70
53 50 60
55 48 55
white_pawns: 268496640
8 55 5
9 54 15
10 53 25
11 52 5
13 50 15
14 49 25
15 48 30
28 35 50
black_pawns: 35888059530608640
47 40 45
48 55 40
49 54 30
50 53 20
51 52 40
52 51 60
53 50 50
54 49 40
white_pawns: 268496640
8 55 5
9 54 15
10 53 25
11 52 5
13 50 15
14 49 25
15 48 30
28 35 50
black_pawns: 71494648379473920
32 39 50
49 54 40
50 53 30
51 52 50
52 51 70
53 50 60
54 49 50
55 48 45
white_pawns: 268496640
8 55 5
9 54 15
10 53 25
11 52 5
13 50 15
14 49 25
15 48 30
28 35 50
black_pawns: 71213177697730560
33 38 50
48 55 45
50 53 35
51 52 55
52 51 75
53 50 65
54 49 55
55 48 50
white_pawns: 268496640
8 55 5
9 54 15
10 53 25
11 52 5
13 50 15
14 49 25
15 48 30
28 35 50
black_pawns: 70650236334243840
34 37 50
48 55 45
49 54 35
51 52 55
52 51 75
53 50 65
54 49 55
55 48 50
white_pawns: 268496640
8 55 5
9 54 15
10 53 25
11 52 5
13 50 15
14 49 25
15 48 30
28 35 50
black_pawns: 69524353607270400
35 36 30
48 55 25
49 54 15
50 53 5
52 51 25
53 50 15
54 49 5
55 48 0
white_pawns: 34359799552
8 55 5
9 54 15
10 53 25
11 52 5
13 50 15
14 49 25
15 48 30
35 28 55
black_pawns: 69524319247532032
48 55 50
49 54 40
50 53 30
52 51 50
53 50 40
54 49 30
55 48 25
white_pawns: 268496640
8 55 5
9 54 15
10 53 25
11 52 5
13 50 15
14 49 25
15 48 30
28 35 50
black_pawns: 67272588153323520
36 35 30
48 55 25
49 54 15
50 53 5
51 52 25
53 50 15
54 49 5
55 48 0
white_pawns: 268496640
8 55 5
9 54 15
10 53 25
11 52 5
13 50 15
14 49 25
15 48 30
28 35 50
black_pawns: 62769057245429760
37 34 50
48 55 45
49 54 35
50 53 25
51 52 45
52 51 65
54 49 55
55 48 50
white_pawns: 268496640
8 55 5
9 54 15
10 53 25
11 52 5
13 50 15
14 49 25
15 48 30
28 35 50
black_pawns: 53761995429642240
38 33 50
48 55 45
49 54 35
50 53 25
51 52 45
52 51 65
53 50 55
55 48 50
white_pawns: 268496640
8 55 5
9 54 15
10 53 25
11 52 5
13 50 15
14 49 25
15 48 30
28 35 50
black_pawns: 35747871798067200
39 32 50
48 55 45
49 54 35
50 53 25
51 52 45
52 51 65
53 50 55
54 49 45
white_pawns: 268496640
8 55 5
9 54 15
10 53 25
11 52 5
13 50 15
14 49 25
15 48 30
28 35 50
black_pawns: 71776119061217280
48 55 45
49 54 35
50 53 25
51 52 45
52 51 65
53 50 55
54 49 45
55 48 40
white_pawns: 268496640
8 55 5
9 54 15
10 53 25
11 52 5
13 50 15
14 49 25
15 48 30
28 35 50
black_pawns: 71776119061217280
48 55 45
49 54 35
50 53 25
51 52 45
52 51 65
53 50 55
54 49 45
55 48 40
white_pawns: 268496640
8 55 5
9 54 15
10 53 25
11 52 5
13 50 15
14 49 25
15 48 30
28 35 50
black_pawns: 71776119061217280
48 55 45
49 54 35
50 53 25
51 52 45
52 51 65
53 50 55
54 49 45
55 48 40
white_pawns: 268496640
8 55 5
9 54 15
10 53 25
11 52 5
13 50 15
14 49 25
15 48 30
28 35 50
black_pawns: 71776119061217280
48 55 45
49 54 35
50 53 25
51 52 45
52 51 65
53 50 55
54 49 45
55 48 40
white_pawns: 536928000
8 55 5
9 54 15
10 53 25
11 52 5
12 51 -15
14 49 -5
15 48 0
29 34 0
black_pawns: 71495743596134400
40 47 -5
49 54 -15
50 53 -25
51 52 -5
52 51 15
53 50 5
54 49 -5
55 48 -10
white_pawns: 536928000
8 55 5
9 54 15
10 53 25
11 52 5
12 51 -15
14 49 -5
15 48 0
29 34 0
black_pawns: 71215368131051520
41 46 5
48 55 0
50 53 -10
51 52 10
52 51 30
53 50 20
54 49 10
55 48 5
white_pawns: 536928000
8 55 5
9 54 15
10 53 25
11 52 5
12 51 -15
14 49 -5
15 48 0
29 34 0
black_pawns: 70654617200885760
42 45 10
48 55 5
49 54 -5
51 52 15
52 51 35
53 50 25
54 49 15
55 48 10
white_pawns: 536928000
8 55 5
9 54 15
10 53 25
11 52 5
12 51 -15
14 49 -5
15 48 0
29 34 0
black_pawns: 69533115340554240
43 44 0
48 55 -5
49 54 -15
50 53 -25
52 51 -5
53 50 -15
54 49 -25
55 48 -30
white_pawns: 536928000
8 55 5
9 54 15
10 53 25
11 52 5
12 51 -15
14 49 -5
15 48 0
29 34 0
black_pawns: 67290111619891200
44 43 0
48 55 -5
49 54 -15
50 53 -25
51 52 -5
53 50 -15
54 49 -25
55 48 -30
white_pawns: 536928000
8 55 5
9 54 15
10 53 25
11 52 5
12 51 -15
14 49 -5
15 48 0
29 34 0
black_pawns: 62804104178565120
45 42 10
48 55 5
49 54 -5
50 53 -15
51 52 5
52 51 25
54 49 15
55 48 10
white_pawns: 536928000
8 55 5
9 54 15
10 53 25
11 52 5
12 51 -15
14 49 -5
15 48 0
29 34 0
black_pawns: 53832089295912960
46 41 5
48 55 0
49 54 -10
50 53 -20
51 52 0
52 51 20
53 50 10
55 48 5
white_pawns: 536928000
8 55 5
9 54 15
10 53 25
11 52 5
12 51 -15
14 49 -5
15 48 0
29 34 0
black_pawns: 35888059530608640
47 40 -5
48 55 -10
49 54 -20
50 53 -30
51 52 -10
52 51 10
53 50 0
54 49 -10
white_pawns: 536928000
8 55 5
9 54 15
10 53 25
11 52 5
12 51 -15
14 49 -5
15 48 0
29 34 0
black_pawns: 71494648379473920
32 39 0
49 54 -10
50 53 -20
51 52 0
52 51 20
53 50 10
54 49 0
55 48 -5
white_pawns: 536928000
8 55 5
9 54 15
10 53 25
11 52 5
12 51 -15
14 49 -5
15 48 0
29 34 0
black_pawns: 71213177697730560
33 38 0
48 55 -5
50 53 -15
51 52 5
52 51 25
53 50 15
54 49 5
55 48 0
white_pawns: 536928000
8 55 5
9 54 15
10 53 25
11 52 5
12 51 -15
14 49 -5
15 48 0
29 34 0
black_pawns: 70650236334243840
34 37 0
48 55 -5
49 54 -15
51 52 5
52 51 25
53 50 15
54 49 5
55 48 0
white_pawns: 536928000
8 55 5
9 54 15
10 53 25
11 52 5
12 51 -15
14 49 -5
15 48 0
29 34 0
black_pawns: 69524353607270400
35 36 -20
48 55 -25
49 54 -35
50 53 -45
52 51 -25
53 50 -35
54 49 -45
55 48 -50
white_pawns: 536928000
8 55 5
9 54 15
10 53 25
11 52 5
12 51 -15
14 49 -5
15 48 0
29 34 0
black_pawns: 67272588153323520
36 35 -20
48 55 -25
49 54 -35
50 53 -45
51 52 -25
53 50 -35
54 49 -45
55 48 -50
white_pawns: 536928000
8 55 5
9 54 15
10 53 25
11 52 5
12 51 -15
14 49 -5
15 48 0
29 34 0
black_pawns: 62769057245429760
37 34 0
48 55 -5
49 54 -15
50 53 -25
51 52 -5
52 51 15
54 49 5
55 48 0
white_pawns: 536928000
8 55 5
9 54 15
10 53 25
11 52 5
12 51 -15
14 49 -5
15 48 0
29 34 0
black_pawns: 53761995429642240
38 33 0
48 55 -5
49 54 -15
50 53 -25
51 52 -5
52 51 15
53 50 5
55 48 0
white_pawns: 536928000
8 55 5
9 54 15
10 53 25
11 52 5
12 51 -15
14 49 -5
15 48 0
29 34 0
black_pawns: 35747871798067200
39 32 0
48 55 -5
49 54 -15
50 53 -25
51 52 -5
52 51 15
53 50 5
54 49 -5
white_pawns: 536928000
8 55 5
9 54 15
10 53 25
11 52 5
12 51 -15
14 49 -5
15 48 0
29 34 0
black_pawns: 71776119061217280
48 55 -5
49 54 -15
50 53 -25
51 52 -5
52 51 15
53 50 5
54 49 -5
55 48 -10
white_pawns: 536928000
8 55 5
9 54 15
10 53 25
11 52 5
12 51 -15
14 49 -5
15 48 0
29 34 0
black_pawns: 71776119061217280
48 55 -5
49 54 -15
50 53 -25
51 52 -5
52 51 15
53 50 5
54 49 -5
55 48 -10
white_pawns: 536928000
8 55 5
9 54 15
10 53 25
11 52 5
12 51 -15
14 49 -5
15 48 0
29 34 0
black_pawns: 71776119061217280
48 55 -5
49 54 -15
50 53 -25
51 52 -5
52 51 15
53 50 5
54 49 -5
55 48 -10
white_pawns: 536928000
8 55 5
9 54 15
10 53 25
11 52 5
12 51 -15
14 49 -5
15 48 0
29 34 0
black_pawns: 71776119061217280
48 55 -5
49 54 -15
50 53 -25
51 52 -5
52 51 15
53 50 5
54 49 -5
55 48 -10
white_pawns: 1073790720
8 55 5
9 54 15
10 53 25
11 52 5
12 51 -15
13 50 -5
15 48 0
30 33 0
black_pawns: 71495743596134400
40 47 -5
49 54 -15
50 53 -25
51 52 -5
52 51 15
53 50 5
54 49 -5
55 48 -10
white_pawns: 1073790720
8 55 5
9 54 15
10 53 25
11 52 5
12 51 -15
13 50 -5
15 48 0
30 33 0
black_pawns: 71215368131051520
41 46 5
48 55 0
50 53 -10
51 52 10
52 51 30
53 50 20
54 49 10
55 48 5
white_pawns: 1073790720
8 55 5
9 54 15
10 53 25
11 52 5
12 51 -15
13 50 -5
15 48 0
30 33 0
black_pawns: 70654617200885760
42 45 10
48 55 5
49 54 -5
51 52 15
52 51 35
53 50 25
54 49 15
55 48 10
white_pawns: 1073790720
8 55 5
9 54 15
10 53 25
11 52 5
12 51 -15
13 50 -5
15 48 0
30 33 0
black_pawns: 69533115340554240
43 44 0
48 55 -5
49 54 -15
50 53 -25
52 51 -5
53 50 -15
54 49 -25
55 48 -30
white_pawns: 1073790720
8 55 5
9 54 15
10 53 25
11 52 5
12 51 -15
13 50 -5
15 48 0
30 33 0
black_pawns: 67290111619891200
44 43 0
48 55 -5
49 54 -15
50 53 -25
51 52 -5
53 50 -15
54 49 -25
55 48 -30
white_pawns: 1073790720
8 55 5
9 54 15
10 53 25
11 52 5
12 51 -15
13 50 -5
15 48 0
30 33 0
black_pawns: 62804104178565120
45 42 10
48 55 5
49 54 -5
50 53 -15
51 52 5
52 51 25
54 49 15
55 48 10
white_pawns: 1073790720
8 55 5
9 54 15
10 53 25
11 52 5
12 51 -15
13 50 -5
15 48 0
30 33 0
black_pawns: 53832089295912960
46 41 5
48 55 0
49 54 -10
50 53 -20
51 52 0
52 51 20
53 50 10
55 48 5
white_pawns: 1073790720
8 55 5
9 54 15
10 53 25
11 52 5
12 51 -15
13 50 -5
15 48 0
30 33 0
black_pawns: 35888059530608640
47 40 -5
48 55 -10
49 54 -20
50 53 -30
51 52 -10
52 51 10
53 50 0
54 49 -10
white_pawns: 1073790720
8 55 5
9 54 15
10 53 25
11 52 5
12 51 -15
13 50 -5
15 48 0
30 33 0
black_pawns: 71494648379473920
32 39 0
49 54 -10
50 53 -20
51 52 0
52 51 20
53 50 10
54 49 0
55 48 -5
white_pawns: 1073790720
8 55 5
9 54 15
10 53 25
11 52 5
12 51 -15
13 50 -5
15 48 0
30 33 0
black_pawns: 71213177697730560
33 38 0
48 55 -5
50 53 -15
51 52 5
52 51 25
53 50 15
54 49 5
55 48 0
white_pawns: 1073790720
8 55 5
9 54 15
10 53 25
11 52 5
12 51 -15
13 50 -5
15 48 0
30 33 0
black_pawns: 70650236334243840
34 37 0
48 55 -5
49 54 -15
51 52 5
52 51 25
53 50 15
54 49 5
55 48 0
white_pawns: 1073790720
8 55 5
9 54 15
10 53 25
11 52 5
12 51 -15
13 50 -5
15 48 0
30 33 0
black_pawns: 69524353607270400
35 36 -20
48 55 -25
49 54 -35
50 53 -45
52 51 -25
53 50 -35
54 49 -45
55 48 -50
white_pawns: 1073790720
8 55 5
9 54 15
10 53 25
11 52 5
12 51 -15
13 50 -5
15 48 0
30 33 0
black_pawns: 67272588153323520
36 35 -20
48 55 -25
49 54 -35
50 53 -45
51 52 -25
53 50 -35
54 49 -45
55 48 -50
white_pawns: 1073790720
8 55 5
9 54 15
10 53 25
11 52 5
12 51 -15
13 50 -5
15 48 0
30 33 0
black_pawns: 62769057245429760
37 34 0
48 55 -5
49 54 -15
50 53 -25
51 52 -5
52 51 15
54 49 5
55 48 0
white_pawns: 1073790720
8 55 5
9 54 15
10 53 25
11 52 5
12 51 -15
13 50 -5
15 48 0
30 33 0
black_pawns: 53761995429642240
38 33 0
48 55 -5
49 54 -15
50 53 -25
51 52 -5
52 51 15
53 50 5
55 48 0
white_pawns: 1073790720
8 55 5
9 54 15
10 53 25
11 52 5
12 51 -15
13 50 -5
15 48 0
30 33 0
black_pawns: 35747871798067200
39 32 0
48 55 -5
49 54 -15
50 53 -25
51 52 -5
52 51 15
53 50 5
54 49 -5
white_pawns: 1073790720
8 55 5
9 54 15
10 53 25
11 52 5
12 51 -15
13 50 -5
15 48 0
30 33 0
black_pawns: 71776119061217280
48 55 -5
49 54 -15
50 53 -25
51 52 -5
52 51 15
53 50 5
54 49 -5
55 48 -10
white_pawns: 1073790720
8 55 5
9 54 15
10 53 25
11 52 5
12 51 -15
13 50 -5
15 48 0
30 33 0
black_pawns: 71776119061217280
48 55 -5
49 54 -15
50 53 -25
51 52 -5
52 51 15
53 50 5
54 49 -5
55 48 -10
white_pawns: 1073790720
8 55 5
9 54 15
10 53 25
11 52 5
12 51 -15
13 50 -5
15 48 0
30 33 0
black_pawns: 71776119061217280
48 55 -5
49 54 -15
50 53 -25
51 52 -5
52 51 15
53 50 5
54 49 -5
55 48 -10
white_pawns: 1073790720
8 55 5
9 54 15
10 53 25
11 52 5
12 51 -15
13 50 -5
15 48 0
30 33 0
black_pawns: 71776119061217280
48 55 -5
49 54 -15
50 53 -25
51 52 -5
52 51 15
53 50 5
54 49 -5
55 48 -10
white_pawns: 2147516160
8 55 5
9 54 15
10 53 25
11 52 5
12 51 -15
13 50 -5
14 49 5
31 32 5
black_pawns: 71495743596134400
40 47 0
49 54 -10
50 53 -20
51 52 0
52 51 20
53 50 10
54 49 0
55 48 -5
white_pawns: 2147516160
8 55 5
9 54 15
10 53 25
11 52 5
12 51 -15
13 50 -5
14 49 5
31 32 5
black_pawns: 71215368131051520
41 46 10
48 55 5
50 53 -5
51 52 15
52 51 35
53 50 25
54 49 15
55 48 10
white_pawns: 2147516160
8 55 5
9 54 15
10 53 25
11 52 5
12 51 -15
13 50 -5
14 49 5
31 32 5
black_pawns: 70654617200885760
42 45 15
48 55 10
49 54 0
51 52 20
52 51 40
53 50 30
54 49 20
55 48 15
white_pawns: 2147516160
8 55 5
9 54 15
10 53 25
11 52 5
12 51 -15
13 50 -5
14 49 5
31 32 5
black_pawns: 69533115340554240
43 44 5
48 55 0
49 54 -10
50 53 -20
52 51 0
53 50 -10
54 49 -20
55 48 -25
white_pawns: 2147516160
8 55 5
9 54 15
10 53 25
11 52 5
12 51 -15
13 50 -5
14 49 5
31 32 5
black_pawns: 67290111619891200
44 43 5
48 55 0
49 54 -10
50 53 -20
51 52 0
53 50 -10
54 49 -20
55 48 -25
white_pawns: 2147516160
8 55 5
9 54 15
10 53 25
11 52 5
12 51 -15
13 50 -5
14 49 5
31 32 5
black_pawns: 62804104178565120
45 42 15
48 55 10
49 54 0
50 53 -10
51 52 10
52 51 30
54 49 20
55 48 15
white_pawns: 2147516160
8 55 5
9 54 15
10 53 25
11 52 5
12 51 -15
13 50 -5
14 49 5
31 32 5
black_pawns: 53832089295912960
46 41 10
48 55 5
49 54 -5
50 53 -15
51 52 5
52 51 25
53 50 15
55 48 10
white_pawns: 2147516160
8 55 5
9 54 15
10 53 25
11 52 5
12 51 -15
13 50 -5
14 49 5
31 32 5
black_pawns: 35888059530608640
47 40 0
48 55 -5
49 54 -15
50 53 -25
51 52 -5
52 51 15
53 50 5
54 49 -5
white_pawns: 2147516160
8 55 5
9 54 15
10 53 25
11 52 5
12 51 -15
13 50 -5
14 49 5
31 32 5
black_pawns: 71494648379473920
32 39 5
49 54 -5
50 53 -15
51 52 5
52 51 25
53 50 15
54 49 5
55 48 0
white_pawns: 2147516160
8 55 5
9 54 15
10 53 25
11 52 5
12 51 -15
13 50 -5
14 49 5
31 32 5
black_pawns: 71213177697730560
33 38 5
48 55 0
50 53 -10
51 52 10
52 51 30
53 50 20
54 49 10
55 48 5
white_pawns: 2147516160
8 55 5
9 54 15
10 53 25
11 52 5
12 51 -15
13 50 -5
14 49 5
31 32 5
black_pawns: 70650236334243840
34 37 5
48 55 0
49 54 -10
51 52 10
52 51 30
53 50 20
54 49 10
55 48 5
white_pawns: 2147516160
8 55 5
9 54 15
10 53 25
11 52 5
12 51 -15
13 50 -5
14 49 5
31 32 5
black_pawns: 69524353607270400
35 36 -15
48 55 -20
49 54 -30
50 53 -40
52 51 -20
53 50 -30
54 49 -40
55 48 -45
white_pawns: 2147516160
8 55 5
9 54 15
10 53 25
11 52 5
12 51 -15
13 50 -5
14 49 5
31 32 5
black_pawns: 67272588153323520
36 35 -15
48 55 -20
49 54 -30
50 53 -40
51 52 -20
53 50 -30
54 49 -40
55 48 -45
white_pawns: 2147516160
8 55 5
9 54 15
10 53 25
11 52 5
12 51 -15
13 50 -5
14 49 5
31 32 5
black_pawns: 62769057245429760
37 34 5
48 55 0
49 54 -10
50 53 -20
51 52 0
52 51 20
54 49 10
55 48 5
white_pawns: 2147516160
8 55 5
9 54 15
10 53 25
11 52 5
12 51 -15
13 50 -5
14 49 5
31 32 5
black_pawns: 53761995429642240
38 33 5
48 55 0
49 54 -10
50 53 -20
51 52 0
52 51 20
53 50 10
55 48 5
white_pawns: 2147516160
8 55 5
9 54 15
10 53 25
11 52 5
12 51 -15
13 50 -5
14 49 5
31 32 5
black_pawns: 35747871798067200
39 32 5
48 55 0
49 54 -10
50 53 -20
51 52 0
52 51 20
53 50 10
54 49 0
white_pawns: 2147516160
8 55 5
9 54 15
10 53 25
11 52 5
12 51 -15
13 50 -5
14 49 5
31 32 5
black_pawns: 71776119061217280
48 55 0
49 54 -10
50 53 -20
51 52 0
52 51 20
53 50 10
54 49 0
55 48 -5
white_pawns: 2147516160
8 55 5
9 54 15
10 53 25
11 52 5
12 51 -15
13 50 -5
14 49 5
31 32 5
black_pawns: 71776119061217280
48 55 0
49 54 -10
50 53 -20
51 52 0
52 51 20
53 50 10
54 49 0
55 48 -5
white_pawns: 2147516160
8 55 5
9 54 15
10 53 25
11 52 5
12 51 -15
13 50 -5
14 49 5
31 32 5
black_pawns: 71776119061217280
48 55 0
49 54 -10
50 53 -20
51 52 0
52 51 20
53 50 10
54 49 0
55 48 -5
white_pawns: 2147516160
8 55 5
9 54 15
10 53 25
11 52 5
12 51 -15
13 50 -5
14 49 5
31 32 5
black_pawns: 71776119061217280
48 55 0
49 54 -10
50 53 -20
51 52 0
52 51 20
53 50 10
54 49 0
55 48 -5
white_pawns: 65280
8 55 5
9 54 15
10 53 25
11 52 5
12 51 -15
13 50 -5
14 49 5
15 48 10
black_pawns: 71495743596134400
40 47 5
49 54 -5
50 53 -15
51 52 5
52 51 25
53 50 15
54 49 5
55 48 0
white_pawns: 65280
8 55 5
9 54 15
10 53 25
11 52 5
12 51 -15
13 50 -5
14 49 5
15 48 10
black_pawns: 71215368131051520
41 46 15
48 55 10
50 53 0
51 52 20
52 51 40
53 50 30
54 49 20
55 48 15
white_pawns: 65280
8 55 5
9 54 15
10 53 25
11 52 5
12 51 -15
13 50 -5
14 49 5
15 48 10
black_pawns: 70654617200885760
42 45 20
48 55 15
49 54 5
51 52 25
52 51 45
53 50 35
54 49 25
55 48 20
white_pawns: 65280
8 55 5
9 54 15
10 53 25
11 52 5
12 51 -15
13 50 -5
14 49 5
15 48 10
black_pawns: 69533115340554240
43 44 10
48 55 5
49 54 -5
50 53 -15
52 51 5
53 50 -5
54 49 -15
55 48 -20
white_pawns: 65280
8 55 5
9 54 15
10 53 25
11 52 5
12 51 -15
13 50 -5
14 49 5
15 48 10
black_pawns: 67290111619891200
44 43 10
48 55 5
49 54 -5
50 53 -15
51 52 5
53 50 -5
54 49 -15
55 48 -20
white_pawns: 65280
8 55 5
9 54 15
10 53 25
11 52 5
12 51 -15
13 50 -5
14 49 5
15 48 10
black_pawns: 62804104178565120
45 42 20
48 55 15
49 54 5
50 53 -5
51 52 15
52 51 35
54 49 25
55 48 20
white_pawns: 65280
8 55 5
9 54 15
10 53 25
11 52 5
12 51 -15
13 50 -5
14 49 5
15 48 10
black_pawns: 53832089295912960
46 41 15
48 55 10
49 54 0
50 53 -10
51 52 10
52 51 30
53 50 20
55 48 15
white_pawns: 65280
8 55 5
9 54 15
10 53 25
11 52 5
12 51 -15
13 50 -5
14 49 5
15 48 10
black_pawns: 35888059530608640
47 40 5
48 55 0
49 54 -10
50 53 -20
51 52 0
52 51 20
53 50 10
54 49 0
white_pawns: 65280
8 55 5
9 54 15
10 53 25
11 52 5
12 51 -15
13 50 -5
14 49 5
15 48 10
black_pawns: 71494648379473920
32 39 10
49 54 0
50 53 -10
51 52 10
52 51 30
53 50 20
54 49 10
55 48 5
white_pawns: 65280
8 55 5
9 54 15
10 53 25
11 52 5
12 51 -15
13 50 -5
14 49 5
15 48 10
black_pawns: 71213177697730560
33 38 10
48 55 5
50 53 -5
51 52 15
52 51 35
53 50 25
54 49 15
55 48 10
white_pawns: 65280
8 55 5
9 54 15
10 53 25
11 52 5
12 51 -15
13 50 -5
14 49 5
15 48 10
black_pawns: 70650236334243840
34 37 10
48 55 5
49 54 -5
51 52 15
52 51 35
53 50 25
54 49 15
55 48 10
white_pawns: 65280
8 55 5
9 54 15
10 53 25
11 52 5
12 51 -15
13 50 -5
14 49 5
15 48 10
black_pawns: 69524353607270400
35 36 -10
48 55 -15
49 54 -25
50 53 -35
52 51 -15
53 50 -25
54 49 -35
55 48 -40
white_pawns: 65280
8 55 5
9 54 15
10 53 25
11 52 5
12 51 -15
13 50 -5
14 49 5
15 48 10
black_pawns: 67272588153323520
36 35 -10
48 55 -15
49 54 -25
50 53 -35
51 52 -15
53 50 -25
54 49 -35
55 48 -40
white_pawns: 65280
8 55 5
9 54 15
10 53 25
11 52 5
12 51 -15
13 50 -5
14 49 5
15 48 10
black_pawns: 62769057245429760
37 34 10
48 55 5
49 54 -5
50 53 -15
51 52 5
52 51 25
54 49 15
55 48 10
white_pawns: 65280
8 55 5
9 54 15
10 53 25
11 52 5
12 51 -15
13 50 -5
14 49 5
15 48 10
black_pawns: 53761995429642240
38 33 10
48 55 5
49 54 -5
50 53 -15
51 52 5
52 51 25
53 50 15
55 48 10
white_pawns: 65280
8 55 5
9 54 15
10 53 25
11 52 5
12 51 -15
13 50 -5
14 49 5
15 48 10
black_pawns: 35747871798067200
39 32 10
48 55 5
49 54 -5
50 53 -15
51 52 5
52 51 25
53 50 15
54 49 5
white_pawns: 65280
8 55 5
9 54 15
10 53 25
11 52 5
12 51 -15
13 50 -5
14 49 5
15 48 10
black_pawns: 71776119061217280
48 55 5
49 54 -5
50 53 -15
51 52 5
52 51 25
53 50 15
54 49 5
55 48 0
white_pawns: 65280
8 55 5
9 54 15
10 53 25
11 52 5
12 51 -15
13 50 -5
14 49 5
15 48 10
black_pawns: 71776119061217280
48 55 5
49 54 -5
50 53 -15
51 52 5
52 51 25
53 50 15
54 49 5
55 48 0
white_pawns: 65280
8 55 5
9 54 15
10 53 25
11 52 5
12 51 -15
13 50 -5
14 49 5
15 48 10
black_pawns: 71776119061217280
48 55 5
49 54 -5
50 53 -15
51 52 5
52 51 25
53 50 15
54 49 5
55 48 0
white_pawns: 65280
8 55 5
9 54 15
10 53 25
11 52 5
12 51 -15
13 50 -5
14 49 5
15 48 10
black_pawns: 71776119061217280
48 55 5
49 54 -5
50 53 -15
51 52 5
52 51 25
53 50 15
54 49 5
55 48 0
white_pawns: 65280
8 55 5
9 54 15
10 53 25
11 52 5
12 51 -15
13 50 -5
14 49 5
15 48 10
black_pawns: 71495743596134400
40 47 5
49 54 -5
50 53 -15
51 52 5
52 51 25
53 50 15
54 49 5
55 48 0
white_pawns: 65280
8 55 5
9 54 15
10 53 25
11 52 5
12 51 -15
13 50 -5
14 49 5
15 48 10
black_pawns: 71215368131051520
41 46 15
48 55 10
50 53 0
51 52 20
52 51 40
53 50 30
54 49 20
55 48 15
white_pawns: 65280
8 55 5
9 54 15
10 53 25
11 52 5
12 51 -15
13 50 -5
14 49 5
15 48 10
black_pawns: 70654617200885760
42 45 20
48 55 15
49 54 5
51 52 25
52 51 45
53 50 35
54 49 25
55 48 20
white_pawns: 65280
8 55 5
9 54 15
10 53 25
11 52 5
12 51 -15
13 50 -5
14 49 5
15 48 10
black_pawns: 69533115340554240
43 44 10
48 55 5
49 54 -5
50 53 -15
52 51 5
53 50 -5
54 49 -15
55 48 -20
white_pawns: 65280
8 55 5
9 54 15
10 53 25
11 52 5
12 51 -15
13 50 -5
14 49 5
15 48 10
black_pawns: 67290111619891200
44 43 10
48 55 5
49 54 -5
50 53 -15
51 52 5
53 50 -5
54 49 -15
55 48 -20
white_pawns: 65280
8 55 5
9 54 15
10 53 25
11 52 5
12 51 -15
13 50 -5
14 49 5
15 48 10
black_pawns: 62804104178565120
45 42 20
48 55 15
49 54 5
50 53 -5
51 52 15
52 51 35
54 49 25
55 48 20
white_pawns: 65280
8 55 5
9 54 15
10 53 25
11 52 5
12 51 -15
13 50 -5
14 49 5
15 48 10
black_pawns: 53832089295912960
46 41 15
48 55 10
49 54 0
50 53 -10
51 52 10
52 51 30
53 50 20
55 48 15
white_pawns: 65280
8 55 5
9 54 15
10 53 25
11 52 5
12 51 -15
13 50 -5
14 49 5
15 48 10
black_pawns: 35888059530608640
47 40 5
48 55 0
49 54 -10
50 53 -20
51 52 0
52 51 20
53 50 10
54 49 0
white_pawns: 65280
8 55 5
9 54 15
10 53 25
11 52 5
12 51 -15
13 50 -5
14 49 5
15 48 10
black_pawns: 71494648379473920
32 39 10
49 54 0
50 53 -10
51 52 10
52 51 30
53 50 20
54 49 10
55 48 5
white_pawns: 65280
8 55 5
9 54 15
10 53 25
11 52 5
12 51 -15
13 50 -5
14 49 5
15 48 10
black_pawns: 71213177697730560
33 38 10
48 55 5
50 53 -5
51 52 15
52 51 35
53 50 25
54 49 15
55 48 10
white_pawns: 65280
8 55 5
9 54 15
10 53 25
11 52 5
12 51 -15
13 50 -5
14 49 5
15 48 10
black_pawns: 70650236334243840
34 37 10
48 55 5
49 54 -5
51 52 15
52 51 35
53 50 25
54 49 15
55 48 10
white_pawns: 65280
8 55 5
9 54 15
10 53 25
11 52 5
12 51 -15
13 50 -5
14 49 5
15 48 10
black_pawns: 69524353607270400
35 36 -10
48 55 -15
49 54 -25
50 53 -35
52 51 -15
53 50 -25
54 49 -35
55 48 -40
white_pawns: 65280
8 55 5
9 54 15
10 53 25
11 52 5
12 51 -15
13 50 -5
14 49 5
15 48 10
black_pawns: 69524319247532032
48 55 5
49 54 -5
50 53 -15
52 51 5
53 50 -5
54 49 -15
55 48 -20
white_pawns: 65280
8 55 5
9 54 15
10 53 25
11 52 5
12 51 -15
13 50 -5
14 49 5
15 48 10
black_pawns: 67272588153323520
36 35 -10
48 55 -15
49 54 -25
50 53 -35
51 52 -15
53 50 -25
54 49 -35
55 48 -40
white_pawns: 65280
8 55 5
9 54 15
10 53 25
11 52 5
12 51 -15
13 50 -5
14 49 5
15 48 10
black_pawns: 62769057245429760
37 34 10
48 55 5
49 54 -5
50 53 -15
51 52 5
52 51 25
54 49 15
55 48 10
white_pawns: 65280
8 55 5
9 54 15
10 53 25
11 52 5
12 51 -15
13 50 -5
14 49 5
15 48 10
black_pawns: 53761995429642240
38 33 10
48 55 5
49 54 -5
50 53 -15
51 52 5
52 51 25
53 50 15
55 48 10
white_pawns: 65280
8 55 5
9 54 15
10 53 25
11 52 5
12 51 -15
13 50 -5
14 49 5
15 48 10
black_pawns: 35747871798067200
39 32 10
48 55 5
49 54 -5
50 53 -15
51 52 5
52 51 25
53 50 15
54 49 5
white_pawns: 65280
8 55 5
9 54 15
10 53 25
11 52 5
12 51 -15
13 50 -5
14 49 5
15 48 10
black_pawns: 71776119061217280
48 55 5
49 54 -5
50 53 -15
51 52 5
52 51 25
53 50 15
54 49 5
55 48 0
white_pawns: 65280
8 55 5
9 54 15
10 53 25
11 52 5
12 51 -15
13 50 -5
14 49 5
15 48 10
black_pawns: 71776119061217280
48 55 5
49 54 -5
50 53 -15
51 52 5
52 51 25
53 50 15
54 49 5
55 48 0
white_pawns: 65280
8 55 5
9 54 15
10 53 25
11 52 5
12 51 -15
13 50 -5
14 49 5
15 48 10
black_pawns: 71776119061217280
48 55 5
49 54 -5
50 53 -15
51 52 5
52 51 25
53 50 15
54 49 5
55 48 0
white_pawns: 65280
8 55 5
9 54 15
10 53 25
11 52 5
12 51 -15
13 50 -5
14 49 5
15 48 10
black_pawns: 71776119061217280
48 55 5
49 54 -5
50 53 -15
51 52 5
52 51 25
53 50 15
54 49 5
55 48 0
white_pawns: 65280
8 55 5
9 54 15
10 53 25
11 52 5
12 51 -15
13 50 -5
14 49 5
15 48 10
black_pawns: 71495743596134400
40 47 5
49 54 -5
50 53 -15
51 52 5
52 51 25
53 50 15
54 49 5
55 48 0
white_pawns: 65280
8 55 5
9 54 15
10 53 25
11 52 5
12 51 -15
13 50 -5
14 49 5
15 48 10
black_pawns: 71215368131051520
41 46 15
48 55 10
50 53 0
51 52 20
52 51 40
53 50 30
54 49 20
55 48 15
white_pawns: 65280
8 55 5
9 54 15
10 53 25
11 52 5
12 51 -15
13 50 -5
14 49 5
15 48 10
black_pawns: 70654617200885760
42 45 20
48 55 15
49 54 5
51 52 25
52 51 45
53 50 35
54 49 25
55 48 20
white_pawns: 65280
8 55 5
9 54 15
10 53 25
11 52 5
12 51 -15
13 50 -5
14 49 5
15 48 10
black_pawns: 69533115340554240
43 44 10
48 55 5
49 54 -5
50 53 -15
52 51 5
53 50 -5
54 49 -15
55 48 -20
white_pawns: 65280
8 55 5
9 54 15
10 53 25
11 52 5
12 51 -15
13 50 -5
14 49 5
15 48 10
black_pawns: 67290111619891200
44 43 10
48 55 5
49 54 -5
50 53 -15
51 52 5
53 50 -5
54 49 -15
55 48 -20
white_pawns: 65280
8 55 5
9 54 15
10 53 25
11 52 5
12 51 -15
13 50 -5
14 49 5
15 48 10
black_pawns: 62804104178565120
45 42 20
48 55 15
49 54 5
50 53 -5
51 52 15
52 51 35
54 49 25
55 48 20
white_pawns: 65280
8 55 5
9 54 15
10 53 25
11 52 5
12 51 -15
13 50 -5
14 49 5
15 48 10
black_pawns: 53832089295912960
46 41 15
48 55 10
49 54 0
50 53 -10
51 52 10
52 51 30
53 50 20
55 48 15
white_pawns: 65280
8 55 5
9 54 15
10 53 25
11 52 5
12 51 -15
13 50 -5
14 49 5
15 48 10
black_pawns: 35888059530608640
47 40 5
48 55 0
49 54 -10
50 53 -20
51 52 0
52 51 20
53 50 10
54 49 0
white_pawns: 65280
8 55 5
9 54 15
10 53 25
11 52 5
12 51 -15
13 50 -5
14 49 5
15 48 10
black_pawns: 71494648379473920
32 39 10
49 54 0
50 53 -10
51 52 10
52 51 30
53 50 20
54 49 10
55 48 5
white_pawns: 65280
8 55 5
9 54 15
10 53 25
11 52 5
12 51 -15
13 50 -5
14 49 5
15 48 10
black_pawns: 71213177697730560
33 38 10
48 55 5
50 53 -5
51 52 15
52 51 35
53 50 25
54 49 15
55 48 10
white_pawns: 65280
8 55 5
9 54 15
10 53 25
11 52 5
12 51 -15
13 50 -5
14 49 5
15 48 10
black_pawns: 70650236334243840
34 37 10
48 55 5
49 54 -5
51 52 15
52 51 35
53 50 25
54 49 15
55 48 10
white_pawns: 65280
8 55 5
9 54 15
10 53 25
11 52 5
12 51 -15
13 50 -5
14 49 5
15 48 10
black_pawns: 69524353607270400
35 36 -10
48 55 -15
49 54 -25
50 53 -35
52 51 -15
53 50 -25
54 49 -35
55 48 -40
white_pawns: 65280
8 55 5
9 54 15
10 53 25
11 52 5
12 51 -15
13 50 -5
14 49 5
15 48 10
black_pawns: 67272588153323520
36 35 -10
48 55 -15
49 54 -25
50 53 -35
51 52 -15
53 50 -25
54 49 -35
55 48 -40
white_pawns: 65280
8 55 5
9 54 15
10 53 25
11 52 5
12 51 -15
13 50 -5
14 49 5
15 48 10
black_pawns: 62769057245429760
37 34 10
48 55 5
49 54 -5
50 53 -15
51 52 5
52 51 25
54 49 15
55 48 10
white_pawns: 65280
8 55 5
9 54 15
10 53 25
11 52 5
12 51 -15
13 50 -5
14 49 5
15 48 10
black_pawns: 53761995429642240
38 33 10
48 55 5
49 54 -5
50 53 -15
51 52 5
52 51 25
53 50 15
55 48 10
white_pawns: 65280
8 55 5
9 54 15
10 53 25
11 52 5
12 51 -15
13 50 -5
14 49 5
15 48 10
black_pawns: 35747871798067200
39 32 10
48 55 5
49 54 -5
50 53 -15
51 52 5
52 51 25
53 50 15
54 49 5
white_pawns: 65280
8 55 5
9 54 15
10 53 25
11 52 5
12 51 -15
13 50 -5
14 49 5
15 48 10
black_pawns: 71776119061217280
48 55 5
49 54 -5
50 53 -15
51 52 5
52 51 25
53 50 15
54 49 5
55 48 0
white_pawns: 65280
8 55 5
9 54 15
10 53 25
11 52 5
12 51 -15
13 50 -5
14 49 5
15 48 10
black_pawns: 71776119061217280
48 55 5
49 54 -5
50 53 -15
51 52 5
52 51 25
53 50 15
54 49 5
55 48 0
white_pawns: 65280
8 55 5
9 54 15
10 53 25
11 52 5
12 51 -15
13 50 -5
14 49 5
15 48 10
black_pawns: 71776119061217280
48 55 5
49 54 -5
50 53 -15
51 52 5
52 51 25
53 50 15
54 49 5
55 48 0
white_pawns: 65280
8 55 5
9 54 15
10 53 25
11 52 5
12 51 -15
13 50 -5
14 49 5
15 48 10
black_pawns: 71776119061217280
48 55 5
49 54 -5
50 53 -15
51 52 5
52 51 25
53 50 15
54 49 5
55 48 0
white_pawns: 65280
8 55 5
9 54 15
10 53 25
11 52 5
12 51 -15
13 50 -5
14 49 5
15 48 10
black_pawns: 71495743596134400
40 47 5
49 54 -5
50 53 -15
51 52 5
52 51 25
53 50 15
54 49 5
55 48 0
white_pawns: 65280
8 55 5
9 54 15
10 53 25
11 52 5
12 51 -15
13 50 -5
14 49 5
15 48 10
black_pawns: 71215368131051520
41 46 15
48 55 10
50 53 0
51 52 20
52 51 40
53 50 30
54 49 20
55 48 15
white_pawns: 65280
8 55 5
9 54 15
10 53 25
11 52 5
12 51 -15
13 50 -5
14 49 5
15 48 10
black_pawns: 70654617200885760
42 45 20
48 55 15
49 54 5
51 52 25
52 51 45
53 50 35
54 49 25
55 48 20
white_pawns: 65280
8 55 5
9 54 15
10 53 25
11 52 5
12 51 -15
13 50 -5
14 49 5
15 48 10
black_pawns: 69533115340554240
43 44 10
48 55 5
49 54 -5
50 53 -15
52 51 5
53 50 -5
54 49 -15
55 48 -20
white_pawns: 65280
8 55 5
9 54 15
10 53 25
11 52 5
12 51 -15
13 50 -5
14 49 5
15 48 10
black_pawns: 67290111619891200
44 43 10
48 55 5
49 54 -5
50 53 -15
51 52 5
53 50 -5
54 49 -15
55 48 -20
white_pawns: 65280
8 55 5
9 54 15
10 53 25
11 52 5
12 51 -15
13 50 -5
14 49 5
15 48 10
black_pawns: 62804104178565120
45 42 20
48 55 15
49 54 5
50 53 -5
51 52 15
52 51 35
54 49 25
55 48 20
white_pawns: 65280
8 55 5
9 54 15
10 53 25
11 52 5
12 51 -15
13 50 -5
14 49 5
15 48 10
black_pawns: 53832089295912960
46 41 15
48 55 10
49 54 0
50 53 -10
51 52 10
52 51 30
53 50 20
55 48 15
white_pawns: 65280
8 55 5
9 54 15
10 53 25
11 52 5
12 51 -15
13 50 -5
14 49 5
15 48 10
black_pawns: 35888059530608640
47 40 5
48 55 0
49 54 -10
50 53 -20
51 52 0
52 51 20
53 50 10
54 49 0
white_pawns: 65280
8 55 5
9 54 15
10 53 25
11 52 5
12 51 -15
13 50 -5
14 49 5
15 48 10
black_pawns: 71494648379473920
32 39 10
49 54 0
50 53 -10
51 52 10
52 51 30
53 50 20
54 49 10
55 48 5
white_pawns: 65280
8 55 5
9 54 15
10 53 25
11 52 5
12 51 -15
13 50 -5
14 49 5
15 48 10
black_pawns: 71213177697730560
33 38 10
48 55 5
50 53 -5
51 52 15
52 51 35
53 50 25
54 49 15
55 48 10
white_pawns: 65280
8 55 5
9 54 15
10 53 25
11 52 5
12 51 -15
13 50 -5
14 49 5
15 48 10
black_pawns: 70650236334243840
34 37 10
48 55 5
49 54 -5
51 52 15
52 51 35
53 50 25
54 49 15
55 48 10
white_pawns: 65280
8 55 5
9 54 15
10 53 25
11 52 5
12 51 -15
13 50 -5
14 49 5
15 48 10
black_pawns: 69524353607270400
35 36 -10
48 55 -15
49 54 -25
50 53 -35
52 51 -15
53 50 -25
54 49 -35
55 48 -40
white_pawns: 65280
8 55 5
9 54 15
10 53 25
11 52 5
12 51 -15
13 50 -5
14 49 5
15 48 10
black_pawns: 67272588153323520
36 35 -10
48 55 -15
49 54 -25
50 53 -35
51 52 -15
53 50 -25
54 49 -35
55 48 -40
white_pawns: 65280
8 55 5
9 54 15
10 53 25
11 52 5
12 51 -15
13 50 -5
14 49 5
15 48 10
black_pawns: 62769057245429760
37 34 10
48 55 5
49 54 -5
50 53 -15
51 52 5
52 51 25
54 49 15
55 48 10
white_pawns: 65280
8 55 5
9 54 15
10 53 25
11 52 5
12 51 -15
13 50 -5
14 49 5
15 48 10
black_pawns: 53761995429642240
38 33 10
48 55 5
49 54 -5
50 53 -15
51 52 5
52 51 25
53 50 15
55 48 10
white_pawns: 65280
8 55 5
9 54 15
10 53 25
11 52 5
12 51 -15
13 50 -5
14 49 5
15 48 10
black_pawns: 35747871798067200
39 32 10
48 55 5
49 54 -5
50 53 -15
51 52 5
52 51 25
53 50 15
54 49 5
white_pawns: 65280
8 55 5
9 54 15
10 53 25
11 52 5
12 51 -15
13 50 -5
14 49 5
15 48 10
black_pawns: 71776119061217280
48 55 5
49 54 -5
50 53 -15
51 52 5
52 51 25
53 50 15
54 49 5
55 48 0
white_pawns: 65280
8 55 5
9 54 15
10 53 25
11 52 5
12 51 -15
13 50 -5
14 49 5
15 48 10
black_pawns: 71776119061217280
48 55 5
49 54 -5
50 53 -15
51 52 5
52 51 25
53 50 15
54 49 5
55 48 0
white_pawns: 65280
8 55 5
9 54 15
10 53 25
11 52 5
12 51 -15
13 50 -5
14 49 5
15 48 10
black_pawns: 71776119061217280
48 55 5
49 54 -5
50 53 -15
51 52 5
52 51 25
53 50 15
54 49 5
55 48 0
white_pawns: 65280
8 55 5
9 54 15
10 53 25
11 52 5
12 51 -15
13 50 -5
14 49 5
15 48 10
black_pawns: 71776119061217280
48 55 5
49 54 -5
50 53 -15
51 52 5
52 51 25
53 50 15
54 49 5
55 48 0
white_pawns: 261120
10 53 10
11 52 -10
12 51 -30
13 50 -20
14 49 -10
15 48 -5
16 47 0
17 46 -5
black_pawns: 71495743596134400
40 47 -10
49 54 -20
50 53 -30
51 52 -10
52 51 10
53 50 0
54 49 -10
55 48 -15
white_pawns: 391680
9 54 10
11 52 -10
12 51 -30
13 50 -20
14 49 -10
15 48 -5
16 47 0
18 45 -10
black_pawns: 71495743596134400
40 47 -15
49 54 -25
50 53 -35
51 52 -15
52 51 5
53 50 -5
54 49 -15
55 48 -20
white_pawns: 652800
9 54 10
10 53 20
12 51 0
13 50 10
14 49 20
15 48 25
16 47 30
19 44 30
black_pawns: 71495743596134400
40 47 25
49 54 15
50 53 5
51 52 25
52 51 45
53 50 35
54 49 25
55 48 20
white_pawns: 1175040
9 54 10
10 53 20
11 52 0
13 50 10
14 49 20
15 48 25
16 47 30
20 43 30
black_pawns: 71495743596134400
40 47 25
49 54 15
50 53 5
51 52 25
52 51 45
53 50 35
54 49 25
55 48 20
white_pawns: 2219520
9 54 10
10 53 20
11 52 0
12 51 -20
14 49 -10
15 48 -5
16 47 0
21 42 -10
black_pawns: 71495743596134400
40 47 -15
49 54 -25
50 53 -35
51 52 -15
52 51 5
53 50 -5
54 49 -15
55 48 -20
white_pawns: 4308480
9 54 10
10 53 20
11 52 0
12 51 -20
13 50 -10
15 48 -5
16 47 0
22 41 -5
black_pawns: 71495743596134400
40 47 -10
49 54 -20
50 53 -30
51 52 -10
52 51 10
53 50 0
54 49 -10
55 48 -15
white_pawns: 8486400
9 54 10
10 53 20
11 52 0
12 51 -20
13 50 -10
14 49 0
16 47 5
23 40 10
black_pawns: 71495743596134400
40 47 5
49 54 -5
50 53 -15
51 52 5
52 51 25
53 50 15
54 49 5
55 48 0
white_pawns: 16842240
9 54 10
10 53 20
11 52 0
12 51 -20
13 50 -10
14 49 0
15 48 5
24 39 5
black_pawns: 71495743596134400
40 47 0
49 54 -10
50 53 -20
51 52 0
52 51 20
53 50 10
54 49 0
55 48 -5
white_pawns: 33684480
10 53 10
11 52 -10
12 51 -30
13 50 -20
14 49 -10
15 48 -5
16 47 0
25 38 0
black_pawns: 71495743596134400
40 47 -5
49 54 -15
50 53 -25
51 52 -5
52 51 15
53 50 5
54 49 -5
55 48 -10
white_pawns: 67238400
9 54 10
11 52 -10
12 51 -30
13 50 -20
14 49 -10
15 48 -5
16 47 0
26 37 0
black_pawns: 71495743596134400
40 47 -5
49 54 -15
50 53 -25
51 52 -5
52 51 15
53 50 5
54 49 -5
55 48 -10
white_pawns: 134346240
9 54 10
10 53 20
12 51 0
13 50 10
14 49 20
15 48 25
16 47 30
27 36 50
black_pawns: 71495743596134400
40 47 45
49 54 35
50 53 25
51 52 45
52 51 65
53 50 55
54 49 45
55 48 40
white_pawns: 268561920
9 54 10
10 53 20
11 52 0
13 50 10
14 49 20
15 48 25
16 47 30
28 35 50
black_pawns: 71495743596134400
40 47 45
49 54 35
50 53 25
51 52 45
52 51 65
53 50 55
54 49 45
55 48 40
white_pawns: 536993280
9 54 10
10 53 20
11 52 0
12 51 -20
14 49 -10
15 48 -5
16 47 0
29 34 0
black_pawns: 71495743596134400
40 47 -5
49 54 -15
50 53 -25
51 52 -5
52 51 15
53 50 5
54 49 -5
55 48 -10
white_pawns: 1073856000
9 54 10
10 53 20
11 52 0
12 51 -20
13 50 -10
15 48 -5
16 47 0
30 33 0
black_pawns: 71495743596134400
40 47 -5
49 54 -15
50 53 -25
51 52 -5
52 51 15
53 50 5
54 49 -5
55 48 -10
white_pawns: 2147581440
9 54 10
10 53 20
11 52 0
12 51 -20
13 50 -10
14 49 0
16 47 5
31 32 5
black_pawns: 71495743596134400
40 47 0
49 54 -10
50 53 -20
51 52 0
52 51 20
53 50 10
54 49 0
55 48 -5
white_pawns: 130560
9 54 10
10 53 20
11 52 0
12 51 -20
13 50 -10
14 49 0
15 48 5
16 47 10
black_pawns: 71495743596134400
40 47 5
49 54 -5
50 53 -15
51 52 5
52 51 25
53 50 15
54 49 5
55 48 0
white_pawns: 130560
9 54 10
10 53 20
11 52 0
12 51 -20
13 50 -10
14 49 0
15 48 5
16 47 10
black_pawns: 71495743596134400
40 47 5
49 54 -5
50 53 -15
51 52 5
52 51 25
53 50 15
54 49 5
55 48 0
white_pawns: 130560
9 54 10
10 53 20
11 52 0
12 51 -20
13 50 -10
14 49 0
15 48 5
16 47 10
black_pawns: 71495743596134400
40 47 5
49 54 -5
50 53 -15
51 52 5
52 51 25
53 50 15
54 49 5
55 48 0
white_pawns: 130560
9 54 10
10 53 20
11 52 0
12 51 -20
13 50 -10
14 49 0
15 48 5
16 47 10
black_pawns: 71495743596134400
40 47 5
49 54 -5
50 53 -15
51 52 5
52 51 25
53 50 15
54 49 5
55 48 0
white_pawns: 261120
10 53 10
11 52 -10
12 51 -30
13 50 -20
14 49 -10
15 48 -5
16 47 0
17 46 -5
black_pawns: 71215368131051520
41 46 0
48 55 -5
50 53 -15
51 52 5
52 51 25
53 50 15
54 49 5
55 48 0
white_pawns: 391680
9 54 10
11 52 -10
12 51 -30
13 50 -20
14 49 -10
15 48 -5
16 47 0
18 45 -10
black_pawns: 71215368131051520
41 46 -5
48 55 -10
50 53 -20
51 52 0
52 51 20
53 50 10
54 49 0
55 48 -5
white_pawns: 652800
9 54 10
10 53 20
12 51 0
13 50 10
14 49 20
15 48 25
16 47 30
19 44 30
black_pawns: 71215368131051520
41 46 35
48 55 30
50 53 20
51 52 40
52 51 60
53 50 50
54 49 40
55 48 35
white_pawns: 1175040
9 54 10
10 53 20
11 52 0
13 50 10
14 49 20
15 48 25
16 47 30
20 43 30
black_pawns: 71215368131051520
41 46 35
48 55 30
50 53 20
51 52 40
52 51 60
53 50 50
54 49 40
55 48 35
white_pawns: 2219520
9 54 10
10 53 20
11 52 0
12 51 -20
14 49 -10
15 48 -5
16 47 0
21 42 -10
black_pawns: 71215368131051520
41 46 -5
48 55 -10
50 53 -20
51 52 0
52 51 20
53 50 10
54 49 0
55 48 -5
white_pawns: 4308480
9 54 10
10 53 20
11 52 0
12 51 -20
13 50 -10
15 48 -5
16 47 0
22 41 -5
black_pawns: 71215368131051520
41 46 0
48 55 -5
50 53 -15
51 52 5
52 51 25
53 50 15
54 49 5
55 48 0
white_pawns: 8486400
9 54 10
10 53 20
11 52 0
12 51 -20
13 50 -10
14 49 0
16 47 5
23 40 10
black_pawns: 71215368131051520
41 46 15
48 55 10
50 53 0
51 52 20
52 51 40
53 50 30
54 49 20
55 48 15
white_pawns: 16842240
9 54 10
10 53 20
11 52 0
12 51 -20
13 50 -10
14 49 0
15 48 5
24 39 5
black_pawns: 71215368131051520
41 46 10
48 55 5
50 53 -5
51 52 15
52 51 35
53 50 25
54 49 15
55 48 10
white_pawns: 33684480
10 53 10
11 52 -10
12 51 -30
13 50 -20
14 49 -10
15 48 -5
16 47 0
25 38 0
black_pawns: 71215368131051520
41 46 5
48 55 0
50 53 -10
51 52 10
52 51 30
53 50 20
54 49 10
55 48 5
white_pawns: 67238400
9 54 10
11 52 -10
12 51 -30
13 50 -20
14 49 -10
15 48 -5
16 47 0
26 37 0
black_pawns: 71215368131051520
41 46 5
48 55 0
50 53 -10
51 52 10
52 51 30
53 50 20
54 49 10
55 48 5
white_pawns: 134346240
9 54 10
10 53 20
12 51 0
13 50 10
14 49 20
15 48 25
16 47 30
27 36 50
black_pawns: 71215368131051520
41 46 55
48 55 50
50 53 40
51 52 60
52 51 80
53 50 70
54 49 60
55 48 55
white_pawns: 268561920
9 54 10
10 53 20
11 52 0
13 50 10
14 49 20
15 48 25
16 47 30
28 35 50
black_pawns: 71215368131051520
41 46 55
48 55 50
50 53 40
51 52 60
52 51 80
53 50 70
54 49 60
55 48 55
white_pawns: 536993280
9 54 10
10 53 20
11 52 0
12 51 -20
14 49 -10
15 48 -5
16 47 0
29 34 0
black_pawns: 71215368131051520
41 46 5
48 55 0
50 53 -10
51 52 10
52 51 30
53 50 20
54 49 10
55 48 5
white_pawns: 1073856000
9 54 10
10 53 20
11 52 0
12 51 -20
13 50 -10
15 48 -5
16 47 0
30 33 0
black_pawns: 71215368131051520
41 46 5
48 55 0
50 53 -10
51 52 10
52 51 30
53 50 20
54 49 10
55 48 5
white_pawns: 2147581440
9 54 10
10 53 20
11 52 0
12 51 -20
13 50 -10
14 49 0
16 47 5
31 32 5
black_pawns: 71215368131051520
41 46 10
48 55 5
50 53 -5
51 52 15
52 51 35
53 50 25
54 49 15
55 48 10
white_pawns: 130560
9 54 10
10 53 20
11 52 0
12 51 -20
13 50 -10
14 49 0
15 48 5
16 47 10
black_pawns: 71215368131051520
41 46 15
48 55 10
50 53 0
51 52 20
52 51 40
53 50 30
54 49 20
55 48 15
white_pawns: 130560
9 54 10
10 53 20
11 52 0
12 51 -20
13 50 -10
14 49 0
15 48 5
16 47 10
black_pawns: 71215368131051520
41 46 15
48 55 10
50 53 0
51 52 20
52 51 40
53 50 30
54 49 20
55 48 15
white_pawns: 130560
9 54 10
10 53 20
11 52 0
12 51 -20
13 50 -10
14 49 0
15 48 5
16 47 10
black_pawns: 71215368131051520
41 46 15
48 55 10
50 53 0
51 52 20
52 51 40
53 50 30
54 49 20
55 48 15
white_pawns: 130560
9 54 10
10 53 20
11 52 0
12 51 -20
13 50 -10
14 49 0
15 48 5
16 47 10
black_pawns: 71215368131051520
41 46 15
48 55 10
50 53 0
51 52 20
52 51 40
53 50 30
54 49 20
55 48 15
white_pawns: 261120
10 53 10
11 52 -10
12 51 -30
13 50 -20
14 49 -10
15 48 -5
16 47 0
17 46 -5
black_pawns: 70654617200885760
42 45 5
48 55 0
49 54 -10
51 52 10
52 51 30
53 50 20
54 49 10
55 48 5
white_pawns: 391680
9 54 10
11 52 -10
12 51 -30
13 50 -20
14 49 -10
15 48 -5
16 47 0
18 45 -10
black_pawns: 70654617200885760
42 45 0
48 55 -5
49 54 -15
51 52 5
52 51 25
53 50 15
54 49 5
55 48 0
white_pawns: 652800
9 54 10
10 53 20
12 51 0
13 50 10
14 49 20
15 48 25
16 47 30
19 44 30
black_pawns: 70654617200885760
42 45 40
48 55 35
49 54 25
51 52 45
52 51 65
53 50 55
54 49 45
55 48 40
white_pawns: 261120
10 53 10
11 52 -10
12 51 -30
13 50 -20
14 49 -10
15 48 -5
16 47 0
17 46 -5
black_pawns: 69533115340554240
43 44 -5
48 55 -10
49 54 -20
50 53 -30
52 51 -10
53 50 -20
54 49 -30
55 48 -35
white_pawns: 391680
9 54 10
11 52 -10
12 51 -30
13 50 -20
14 49 -10
15 48 -5
16 47 0
18 45 -10
black_pawns: 69533115340554240
43 44 -10
48 55 -15
49 54 -25
50 53 -35
52 51 -15
53 50 -25
54 49 -35
55 48 -40
white_pawns: 652800
9 54 10
10 53 20
12 51 0
13 50 10
14 49 20
15 48 25
16 47 30
19 44 30
black_pawns: 69533115340554240
43 44 30
48 55 25
49 54 15
50 53 5
52 51 25
53 50 15
54 49 5
55 48 0
white_pawns: 1175040
9 54 10
10 53 20
11 52 0
13 50 10
14 49 20
15 48 25
16 47 30
20 43 30
black_pawns: 69533115340554240
43 44 30
48 55 25
49 54 15
50 53 5
52 51 25
53 50 15
54 49 5
55 48 0
white_pawns: 2219520
9 54 10
10 53 20
11 52 0
12 51 -20
14 49 -10
15 48 -5
16 47 0
21 42 -10
black_pawns: 69533115340554240
43 44 -10
48 55 -15
49 54 -25
50 53 -35
52 51 -15
53 50 -25
54 49 -35
55 48 -40
white_pawns: 4308480
9 54 10
10 53 20
11 52 0
12 51 -20
13 50 -10
15 48 -5
16 47 0
22 41 -5
black_pawns: 69533115340554240
43 44 -5
48 55 -10
49 54 -20
50 53 -30
52 51 -10
53 50 -20
54 49 -30
55 48 -35
white_pawns: 8486400
9 54 10
10 53 20
11 52 0
12 51 -20
13 50 -10
14 49 0
16 47 5
23 40 10
black_pawns: 69533115340554240
43 44 10
48 55 5
49 54 -5
50 53 -15
52 51 5
53 50 -5
54 49 -15
55 48 -20
white_pawns: 16842240
9 54 10
10 53 20
11 52 0
12 51 -20
13 50 -10
14 49 0
15 48 5
24 39 5
black_pawns: 69533115340554240
43 44 5
48 55 0
49 54 -10
50 53 -20
52 51 0
53 50 -10
54 49 -20
55 48 -25
white_pawns: 33684480
10 53 10
11 52 -10
12 51 -30
13 50 -20
14 49 -10
15 48 -5
16 47 0
25 38 0
black_pawns: 69533115340554240
43 44 0
48 55 -5
49 54 -15
50 53 -25
52 51 -5
53 50 -15
54 49 -25
55 48 -30
white_pawns: 67238400
9 54 10
11 52 -10
12 51 -30
13 50 -20
14 49 -10
15 48 -5
16 47 0
26 37 0
black_pawns: 69533115340554240
43 44 0
48 55 -5
49 54 -15
50 53 -25
52 51 -5
53 50 -15
54 49 -25
55 48 -30
white_pawns: 134346240
9 54 10
10 53 20
12 51 0
13 50 10
14 49 20
15 48 25
16 47 30
27 36 50
black_pawns: 69533115340554240
43 44 50
48 55 45
49 54 35
50 53 25
52 51 45
53 50 35
54 49 25
55 48 20
white_pawns: 268561920
9 54 10
10 53 20
11 52 0
13 50 10
14 49 20
15 48 25
16 47 30
28 35 50
black_pawns: 69533115340554240
43 44 50
48 55 45
49 54 35
50 53 25
52 51 45
53 50 35
54 49 25
55 48 20
white_pawns: 536993280
9 54 10
10 53 20
11 52 0
12 51 -20
14 49 -10
15 48 -5
16 47 0
29 34 0
black_pawns: 69533115340554240
43 44 0
48 55 -5
49 54 -15
50 53 -25
52 51 -5
53 50 -15
54 49 -25
55 48 -30
white_pawns: 1073856000
9 54 10
10 53 20
11 52 0
12 51 -20
13 50 -10
15 48 -5
16 47 0
30 33 0
black_pawns: 69533115340554240
43 44 0
48 55 -5
49 54 -15
50 53 -25
52 51 -5
53 50 -15
54 49 -25
55 48 -30
white_pawns: 2147581440
9 54 10
10 53 20
11 52 0
12 51 -20
13 50 -10
14 49 0
16 47 5
31 32 5
black_pawns: 69533115340554240
43 44 5
48 55 0
49 54 -10
50 53 -20
52 51 0
53 50 -10
54 49 -20
55 48 -25
white_pawns: 130560
9 54 10
10 53 20
11 52 0
12 51 -20
13 50 -10
14 49 0
15 48 5
16 47 10
black_pawns: 69533115340554240
43 44 10
48 55 5
49 54 -5
50 53 -15
52 51 5
53 50 -5
54 49 -15
55 48 -20
white_pawns: 130560
9 54 10
10 53 20
11 52 0
12 51 -20
13 50 -10
14 49 0
15 48 5
16 47 10
black_pawns: 69533115340554240
43 44 10
48 55 5
49 54 -5
50 53 -15
52 51 5
53 50 -5
54 49 -15
55 48 -20
white_pawns: 130560
9 54 10
10 53 20
11 52 0
12 51 -20
13 50 -10
14 49 0
15 48 5
16 47 10
black_pawns: 69533115340554240
43 44 10
48 55 5
49 54 -5
50 53 -15
52 51 5
53 50 -5
54 49 -15
55 48 -20
white_pawns: 130560
9 54 10
10 53 20
11 52 0
12 51 -20
13 50 -10
14 49 0
15 48 5
16 47 10
black_pawns: 69533115340554240
43 44 10
48 55 5
49 54 -5
50 53 -15
52 51 5
53 50 -5
54 49 -15
55 48 -20
white_pawns: 261120
10 53 10
11 52 -10
12 51 -30
13 50 -20
14 49 -10
15 48 -5
16 47 0
17 46 -5
black_pawns: 67290111619891200
44 43 -5
48 55 -10
49 54 -20
50 53 -30
51 52 -10
53 50 -20
54 49 -30
55 48 -35
white_pawns: 195584
10 53 10
11 52 -10
12 51 -30
13 50 -20
14 49 -10
15 48 -5
17 46 -10
black_pawns: 67290111619891200
44 43 -10
48 55 -15
49 54 -25
50 53 -35
51 52 -15
53 50 -25
54 49 -35
55 48 -40
white_pawns: 195584
10 53 10
11 52 -10
12 51 -30
13 50 -20
14 49 -10
15 48 -5
17 46 -10
black_pawns: 67290111619891200
44 43 -10
48 55 -15
49 54 -25
50 53 -35
51 52 -15
53 50 -25
54 49 -35
55 48 -40
white_pawns: 391680
9 54 10
11 52 -10
12 51 -30
13 50 -20
14 49 -10
15 48 -5
16 47 0
18 45 -10
black_pawns: 67290111619891200
44 43 -10
48 55 -15
49 54 -25
50 53 -35
51 52 -15
53 50 -25
54 49 -35
55 48 -40
white_pawns: 652800
9 54 10
10 53 20
12 51 0
13 50 10
14 49 20
15 48 25
16 47 30
19 44 30
black_pawns: 67290111619891200
44 43 30
48 55 25
49 54 15
50 53 5
51 52 25
53 50 15
54 49 5
55 48 0
white_pawns: 587264
9 54 10
10 53 20
12 51 0
13 50 10
14 49 20
15 48 25
19 44 25
black_pawns: 67290111619891200
44 43 25
48 55 20
49 54 10
50 53 0
51 52 20
53 50 10
54 49 0
55 48 -5
white_pawns: 652288
10 53 10
12 51 -10
13 50 0
14 49 10
15 48 15
16 47 20
19 44 20
black_pawns: 67290111619891200
44 43 20
48 55 15
49 54 5
50 53 -5
51 52 15
53 50 5
54 49 -5
55 48 -10
white_pawns: 261120
10 53 10
11 52 -10
12 51 -30
13 50 -20
14 49 -10
15 48 -5
16 47 0
17 46 -5
black_pawns: 62804104178565120
45 42 5
48 55 0
49 54 -10
50 53 -20
51 52 0
52 51 20
54 49 10
55 48 5
white_pawns: 391680
9 54 10
11 52 -10
12 51 -30
13 50 -20
14 49 -10
15 48 -5
16 47 0
18 45 -10
black_pawns: 62804104178565120
45 42 0
48 55 -5
49 54 -15
50 53 -25
51 52 -5
52 51 15
54 49 5
55 48 0
white_pawns: 652800
9 54 10
10 53 20
12 51 0
13 50 10
14 49 20
15 48 25
16 47 30
19 44 30
black_pawns: 62804104178565120
45 42 40
48 55 35
49 54 25
50 53 15
51 52 35
52 51 55
54 49 45
55 48 40
white_pawns: 261120
10 53 10
11 52 -10
12 51 -30
13 50 -20
14 49 -10
15 48 -5
16 47 0
17 46 -5
black_pawns: 53832089295912960
46 41 0
48 55 -5
49 54 -15
50 53 -25
51 52 -5
52 51 15
53 50 5
55 48 0
white_pawns: 391680
9 54 10
11 52 -10
12 51 -30
13 50 -20
14 49 -10
15 48 -5
16 47 0
18 45 -10
black_pawns: 53832089295912960
46 41 -5
48 55 -10
49 54 -20
50 53 -30
51 52 -10
52 51 10
53 50 0
55 48 -5
white_pawns: 652800
9 54 10
10 53 20
12 51 0
13 50 10
14 49 20
15 48 25
16 47 30
19 44 30
black_pawns: 53832089295912960
46 41 35
48 55 30
49 54 20
50 53 10
51 52 30
52 51 50
53 50 40
55 48 35
white_pawns: 261120
10 53 10
11 52 -10
12 51 -30
13 50 -20
14 49 -10
15 48 -5
16 47 0
17 46 -5
black_pawns: 35888059530608640
47 40 -10
48 55 -15
49 54 -25
50 53 -35
51 52 -15
52 51 5
53 50 -5
54 49 -15
white_pawns: 391680
9 54 10
11 52 -10
12 51 -30
13 50 -20
14 49 -10
15 48 -5
16 47 0
18 45 -10
black_pawns: 35888059530608640
47 40 -15
48 55 -20
49 54 -30
50 53 -40
51 52 -20
52 51 0
53 50 -10
54 49 -20
white_pawns: 652800
9 54 10
10 53 20
12 51 0
13 50 10
14 49 20
15 48 25
16 47 30
19 44 30
black_pawns: 35888059530608640
47 40 25
48 55 20
49 54 10
50 53 0
51 52 20
52 51 40
53 50 30
54 49 20
white_pawns: 261120
10 53 10
11 52 -10
12 51 -30
13 50 -20
14 49 -10
15 48 -5
16 47 0
17 46 -5
black_pawns: 71494648379473920
32 39 -5
49 54 -15
50 53 -25
51 52 -5
52 51 15
53 50 5
54 49 -5
55 48 -10
white_pawns: 391680
9 54 10
11 52 -10
12 51 -30
13 50 -20
14 49 -10
15 48 -5
16 47 0
18 45 -10
black_pawns: 71494648379473920
32 39 -10
49 54 -20
50 53 -30
51 52 -10
52 51 10
53 50 0
54 49 -10
55 48 -15
white_pawns: 652800
9 54 10
10 53 20
12 51 0
13 50 10
14 49 20
15 48 25
16 47 30
19 44 30
black_pawns: 71494648379473920
32 39 30
49 54 20
50 53 10
51 52 30
52 51 50
53 50 40
54 49 30
55 48 25
white_pawns: 261120
10 53 10
11 52 -10
12 51 -30
13 50 -20
14 49 -10
15 48 -5
16 47 0
17 46 -5
black_pawns: 71213177697730560
33 38 -5
48 55 -10
50 53 -20
51 52 0
52 51 20
53 50 10
54 49 0
55 48 -5
white_pawns: 391680
9 54 10
11 52 -10
12 51 -30
13 50 -20
14 49 -10
15 48 -5
16 47 0
18 45 -10
black_pawns: 71213177697730560
33 38 -10
48 55 -15
50 53 -25
51 52 -5
52 51 15
53 50 5
54 49 -5
55 48 -10
white_pawns: 652800
9 54 10
10 53 20
12 51 0
13 50 10
14 49 20
15 48 25
16 47 30
19 44 30
black_pawns: 71213177697730560
33 38 30
48 55 25
50 53 15
51 52 35
52 51 55
53 50 45
54 49 35
55 48 30
white_pawns: 261120
10 53 10
11 52 -10
12 51 -30
13 50 -20
14 49 -10
15 48 -5
16 47 0
17 46 -5
black_pawns: 70650236334243840
34 37 -5
48 55 -10
49 54 -20
51 52 0
52 51 20
53 50 10
54 49 0
55 48 -5
white_pawns: 391680
9 54 10
11 52 -10
12 51 -30
13 50 -20
14 49 -10
15 48 -5
16 47 0
18 45 -10
black_pawns: 70650236334243840
34 37 -10
48 55 -15
49 54 -25
51 52 -5
52 51 15
53 50 5
54 49 -5
55 48 -10
white_pawns: 652800
9 54 10
10 53 20
12 51 0
13 50 10
14 49 20
15 48 25
16 47 30
19 44 30
black_pawns: 70650236334243840
34 37 30
48 55 25
49 54 15
51 52 35
52 51 55
53 50 45
54 49 35
55 48 30
white_pawns: 261120
10 53 10
11 52 -10
12 51 -30
13 50 -20
14 49 -10
15 48 -5
16 47 0
17 46 -5
black_pawns: 69524353607270400
35 36 -25
48 55 -30
49 54 -40
50 53 -50
52 51 -30
53 50 -40
54 49 -50
55 48 -55
white_pawns: 391680
9 54 10
11 52 -10
12 51 -30
13 50 -20
14 49 -10
15 48 -5
16 47 0
18 45 -10
black_pawns: 69524353607270400
35 36 -30
48 55 -35
49 54 -45
50 53 -55
52 51 -35
53 50 -45
54 49 -55
55 48 -60
white_pawns: 652800
9 54 10
10 53 20
12 51 0
13 50 10
14 49 20
15 48 25
16 47 30
19 44 30
black_pawns: 69524353607270400
35 36 10
48 55 5
49 54 -5
50 53 -15
52 51 5
53 50 -5
54 49 -15
55 48 -20
white_pawns: 1175040
9 54 10
10 53 20
11 52 0
13 50 10
14 49 20
15 48 25
16 47 30
20 43 30
black_pawns: 69524353607270400
35 36 10
48 55 5
49 54 -5
50 53 -15
52 51 5
53 50 -5
54 49 -15
55 48 -20
white_pawns: 2219520
9 54 10
10 53 20
11 52 0
12 51 -20
14 49 -10
15 48 -5
16 47 0
21 42 -10
black_pawns: 69524353607270400
35 36 -30
48 55 -35
49 54 -45
50 53 -55
52 51 -35
53 50 -45
54 49 -55
55 48 -60
white_pawns: 4308480
9 54 10
10 53 20
11 52 0
12 51 -20
13 50 -10
15 48 -5
16 47 0
22 41 -5
black_pawns: 69524353607270400
35 36 -25
48 55 -30
49 54 -40
50 53 -50
52 51 -30
53 50 -40
54 49 -50
55 48 -55
white_pawns: 8486400
9 54 10
10 53 20
11 52 0
12 51 -20
13 50 -10
14 49 0
16 47 5
23 40 10
black_pawns: 69524353607270400
35 36 -10
48 55 -15
49 54 -25
50 53 -35
52 51 -15
53 50 -25
54 49 -35
55 48 -40
white_pawns: 16842240
9 54 10
10 53 20
11 52 0
12 51 -20
13 50 -10
14 49 0
15 48 5
24 39 5
black_pawns: 69524353607270400
35 36 -15
48 55 -20
49 54 -30
50 53 -40
52 51 -20
53 50 -30
54 49 -40
55 48 -45
white_pawns: 33684480
10 53 10
11 52 -10
12 51 -30
13 50 -20
14 49 -10
15 48 -5
16 47 0
25 38 0
black_pawns: 69524353607270400
35 36 -20
48 55 -25
49 54 -35
50 53 -45
52 51 -25
53 50 -35
54 49 -45
55 48 -50
white_pawns: 67238400
9 54 10
11 52 -10
12 51 -30
13 50 -20
14 49 -10
15 48 -5
16 47 0
26 37 0
black_pawns: 69524353607270400
35 36 -20
48 55 -25
49 54 -35
50 53 -45
52 51 -25
53 50 -35
54 49 -45
55 48 -50
white_pawns: 134346240
9 54 10
10 53 20
12 51 0
13 50 10
14 49 20
15 48 25
16 47 30
27 36 50
black_pawns: 69524353607270400
35 36 30
48 55 25
49 54 15
50 53 5
52 51 25
53 50 15
54 49 5
55 48 0
white_pawns: 268561920
9 54 10
10 53 20
11 52 0
13 50 10
14 49 20
15 48 25
16 47 30
28 35 50
black_pawns: 69524353607270400
35 36 30
48 55 25
49 54 15
50 53 5
52 51 25
53 50 15
54 49 5
55 48 0
white_pawns: 536993280
9 54 10
10 53 20
11 52 0
12 51 -20
14 49 -10
15 48 -5
16 47 0
29 34 0
black_pawns: 69524353607270400
35 36 -20
48 55 -25
49 54 -35
50 53 -45
52 51 -25
53 50 -35
54 49 -45
55 48 -50
white_pawns: 1073856000
9 54 10
10 53 20
11 52 0
12 51 -20
13 50 -10
15 48 -5
16 47 0
30 33 0
black_pawns: 69524353607270400
35 36 -20
48 55 -25
49 54 -35
50 53 -45
52 51 -25
53 50 -35
54 49 -45
55 48 -50
white_pawns: 2147581440
9 54 10
10 53 20
11 52 0
12 51 -20
13 50 -10
14 49 0
16 47 5
31 32 5
black_pawns: 69524353607270400
35 36 -15
48 55 -20
49 54 -30
50 53 -40
52 51 -20
53 50 -30
54 49 -40
55 48 -45
white_pawns: 130560
9 54 10
10 53 20
11 52 0
12 51 -20
13 50 -10
14 49 0
15 48 5
16 47 10
black_pawns: 69524353607270400
35 36 -10
48 55 -15
49 54 -25
50 53 -35
52 51 -15
53 50 -25
54 49 -35
55 48 -40
white_pawns: 130560
9 54 10
10 53 20
11 52 0
12 51 -20
13 50 -10
14 49 0
15 48 5
16 47 10
black_pawns: 69524353607270400
35 36 -10
48 55 -15
49 54 -25
50 53 -35
52 51 -15
53 50 -25
54 49 -35
55 48 -40
white_pawns: 130560
9 54 10
10 53 20
11 52 0
12 51 -20
13 50 -10
14 49 0
15 48 5
16 47 10
black_pawns: 69524353607270400
35 36 -10
48 55 -15
49 54 -25
50 53 -35
52 51 -15
53 50 -25
54 49 -35
55 48 -40
white_pawns: 130560
9 54 10
10 53 20
11 52 0
12 51 -20
13 50 -10
14 49 0
15 48 5
16 47 10
black_pawns: 69524353607270400
35 36 -10
48 55 -15
49 54 -25
50 53 -35
52 51 -15
53 50 -25
54 49 -35
55 48 -40
white_pawns: 261120
10 53 10
11 52 -10
12 51 -30
13 50 -20
14 49 -10
15 48 -5
16 47 0
17 46 -5
black_pawns: 67272588153323520
36 35 -25
48 55 -30
49 54 -40
50 53 -50
51 52 -30
53 50 -40
54 49 -50
55 48 -55
white_pawns: 195584
10 53 10
11 52 -10
12 51 -30
13 50 -20
14 49 -10
15 48 -5
17 46 -10
black_pawns: 67272588153323520
36 35 -30
48 55 -35
49 54 -45
50 53 -55
51 52 -35
53 50 -45
54 49 -55
55 48 -60
white_pawns: 195584
10 53 10
11 52 -10
12 51 -30
13 50 -20
14 49 -10
15 48 -5
17 46 -10
black_pawns: 67272588153323520
36 35 -30
48 55 -35
49 54 -45
50 53 -55
51 52 -35
53 50 -45
54 49 -55
55 48 -60
white_pawns: 391680
9 54 10
11 52 -10
12 51 -30
13 50 -20
14 49 -10
15 48 -5
16 47 0
18 45 -10
black_pawns: 67272588153323520
36 35 -30
48 55 -35
49 54 -45
50 53 -55
51 52 -35
53 50 -45
54 49 -55
55 48 -60
white_pawns: 652800
9 54 10
10 53 20
12 51 0
13 50 10
14 49 20
15 48 25
16 47 30
19 44 30
black_pawns: 67272588153323520
36 35 10
48 55 5
49 54 -5
50 53 -15
51 52 5
53 50 -5
54 49 -15
55 48 -20
white_pawns: 587264
9 54 10
10 53 20
12 51 0
13 50 10
14 49 20
15 48 25
19 44 25
black_pawns: 67272588153323520
36 35 5
48 55 0
49 54 -10
50 53 -20
51 52 0
53 50 -10
54 49 -20
55 48 -25
white_pawns: 652288
10 53 10
12 51 -10
13 50 0
14 49 10
15 48 15
16 47 20
19 44 20
black_pawns: 67272588153323520
36 35 0
48 55 -5
49 54 -15
50 53 -25
51 52 -5
53 50 -15
54 49 -25
55 48 -30
white_pawns: 1175040
9 54 10
10 53 20
11 52 0
13 50 10
14 49 20
15 48 25
16 47 30
20 43 30
black_pawns: 67272588153323520
36 35 10
48 55 5
49 54 -5
50 53 -15
51 52 5
53 50 -5
54 49 -15
55 48 -20
white_pawns: 2219520
9 54 10
10 53 20
11 52 0
12 51 -20
14 49 -10
15 48 -5
16 47 0
21 42 -10
black_pawns: 67272588153323520
36 35 -30
48 55 -35
49 54 -45
50 53 -55
51 52 -35
53 50 -45
54 49 -55
55 48 -60
white_pawns: 4308480
9 54 10
10 53 20
11 52 0
12 51 -20
13 50 -10
15 48 -5
16 47 0
22 41 -5
black_pawns: 67272588153323520
36 35 -25
48 55 -30
49 54 -40
50 53 -50
51 52 -30
53 50 -40
54 49 -50
55 48 -55
white_pawns: 8486400
9 54 10
10 53 20
11 52 0
12 51 -20
13 50 -10
14 49 0
16 47 5
23 40 10
black_pawns: 67272588153323520
36 35 -10
48 55 -15
49 54 -25
50 53 -35
51 52 -15
53 50 -25
54 49 -35
55 48 -40
white_pawns: 16842240
9 54 10
10 53 20
11 52 0
12 51 -20
13 50 -10
14 49 0
15 48 5
24 39 5
black_pawns: 67272588153323520
36 35 -15
48 55 -20
49 54 -30
50 53 -40
51 52 -20
53 50 -30
54 49 -40
55 48 -45
white_pawns: 33684480
10 53 10
11 52 -10
12 51 -30
13 50 -20
14 49 -10
15 48 -5
16 47 0
25 38 0
black_pawns: 67272588153323520
36 35 -20
48 55 -25
49 54 -35
50 53 -45
51 52 -25
53 50 -35
54 49 -45
55 48 -50
white_pawns: 67238400
9 54 10
11 52 -10
12 51 -30
13 50 -20
14 49 -10
15 48 -5
16 47 0
26 37 0
black_pawns: 67272588153323520
36 35 -20
48 55 -25
49 54 -35
50 53 -45
51 52 -25
53 50 -35
54 49 -45
55 48 -50
white_pawns: 134346240
9 54 10
10 53 20
12 51 0
13 50 10
14 49 20
15 48 25
16 47 30
27 36 50
black_pawns: 67272588153323520
36 35 30
48 55 25
49 54 15
50 53 5
51 52 25
53 50 15
54 49 5
55 48 0
white_pawns: 128512
9 54 10
10 53 20
12 51 0
13 50 10
14 49 20
15 48 25
16 47 30
black_pawns: 67272519568064512
27 28 5
48 55 0
49 54 -10
50 53 -20
51 52 0
53 50 -10
54 49 -20
55 48 -25
white_pawns: 268561920
9 54 10
10 53 20
11 52 0
13 50 10
14 49 20
15 48 25
16 47 30
28 35 50
black_pawns: 67272588153323520
36 35 30
48 55 25
49 54 15
50 53 5
51 52 25
53 50 15
54 49 5
55 48 0
white_pawns: 268496384
9 54 10
10 53 20
11 52 0
13 50 10
14 49 20
15 48 25
28 35 45
black_pawns: 67272588153323520
36 35 25
48 55 20
49 54 10
50 53 0
51 52 20
53 50 10
54 49 0
55 48 -5
white_pawns: 268561408
10 53 10
11 52 -10
13 50 0
14 49 10
15 48 15
16 47 20
28 35 40
black_pawns: 67272588153323520
36 35 20
48 55 15
49 54 5
50 53 -5
51 52 15
53 50 5
54 49 -5
55 48 -10
white_pawns: 261120
10 53 10
11 52 -10
12 51 -30
13 50 -20
14 49 -10
15 48 -5
16 47 0
17 46 -5
black_pawns: 62769057245429760
37 34 -5
48 55 -10
49 54 -20
50 53 -30
51 52 -10
52 51 10
54 49 0
55 48 -5
white_pawns: 391680
9 54 10
11 52 -10
12 51 -30
13 50 -20
14 49 -10
15 48 -5
16 47 0
18 45 -10
black_pawns: 62769057245429760
37 34 -10
48 55 -15
49 54 -25
50 53 -35
51 52 -15
52 51 5
54 49 -5
55 48 -10
white_pawns: 652800
9 54 10
10 53 20
12 51 0
13 50 10
14 49 20
15 48 25
16 47 30
19 44 30
black_pawns: 62769057245429760
37 34 30
48 55 25
49 54 15
50 53 5
51 52 25
52 51 45
54 49 35
55 48 30
white_pawns: 261120
10 53 10
11 52 -10
12 51 -30
13 50 -20
14 49 -10
15 48 -5
16 47 0
17 46 -5
black_pawns: 53761995429642240
38 33 -5
48 55 -10
49 54 -20
50 53 -30
51 52 -10
52 51 10
53 50 0
55 48 -5
white_pawns: 391680
9 54 10
11 52 -10
12 51 -30
13 50 -20
14 49 -10
15 48 -5
16 47 0
18 45 -10
black_pawns: 53761995429642240
38 33 -10
48 55 -15
49 54 -25
50 53 -35
51 52 -15
52 51 5
53 50 -5
55 48 -10
white_pawns: 652800
9 54 10
10 53 20
12 51 0
13 50 10
14 49 20
15 48 25
16 47 30
19 44 30
black_pawns: 53761995429642240
38 33 30
48 55 25
49 54 15
50 53 5
51 52 25
52 51 45
53 50 35
55 48 30
white_pawns: 261120
10 53 10
11 52 -10
12 51 -30
13 50 -20
14 49 -10
15 48 -5
16 47 0
17 46 -5
black_pawns: 35747871798067200
39 32 -5
48 55 -10
49 54 -20
50 53 -30
51 52 -10
52 51 10
53 50 0
54 49 -10
white_pawns: 391680
9 54 10
11 52 -10
12 51 -30
13 50 -20
14 49 -10
15 48 -5
16 47 0
18 45 -10
black_pawns: 35747871798067200
39 32 -10
48 55 -15
49 54 -25
50 53 -35
51 52 -15
52 51 5
53 50 -5
54 49 -15
white_pawns: 652800
9 54 10
10 53 20
12 51 0
13 50 10
14 49 20
15 48 25
16 47 30
19 44 30
black_pawns: 35747871798067200
39 32 30
48 55 25
49 54 15
50 53 5
51 52 25
52 51 45
53 50 35
54 49 25
white_pawns: 261120
10 53 10
11 52 -10
12 51 -30
13 50 -20
14 49 -10
15 48 -5
16 47 0
17 46 -5
black_pawns: 71776119061217280
48 55 -10
49 54 -20
50 53 -30
51 52 -10
52 51 10
53 50 0
54 49 -10
55 48 -15
white_pawns: 391680
9 54 10
11 52 -10
12 51 -30
13 50 -20
14 49 -10
15 48 -5
16 47 0
18 45 -10
black_pawns: 71776119061217280
48 55 -15
49 54 -25
50 53 -35
51 52 -15
52 51 5
53 50 -5
54 49 -15
55 48 -20
white_pawns: 652800
9 54 10
10 53 20
12 51 0
13 50 10
14 49 20
15 48 25
16 47 30
19 44 30
black_pawns: 71776119061217280
48 55 25
49 54 15
50 53 5
51 52 25
52 51 45
53 50 35
54 49 25
55 48 20
white_pawns: 261120
10 53 10
11 52 -10
12 51 -30
13 50 -20
14 49 -10
15 48 -5
16 47 0
17 46 -5
black_pawns: 71776119061217280
48 55 -10
49 54 -20
50 53 -30
51 52 -10
52 51 10
53 50 0
54 49 -10
55 48 -15
white_pawns: 391680
9 54 10
11 52 -10
12 51 -30
13 50 -20
14 49 -10
15 48 -5
16 47 0
18 45 -10
black_pawns: 71776119061217280
48 55 -15
49 54 -25
50 53 -35
51 52 -15
52 51 5
53 50 -5
54 49 -15
55 48 -20
white_pawns: 652800
9 54 10
10 53 20
12 51 0
13 50 10
14 49 20
15 48 25
16 47 30
19 44 30
black_pawns: 71776119061217280
48 55 25
49 54 15
50 53 5
51 52 25
52 51 45
53 50 35
54 49 25
55 48 20
white_pawns: 261120
10 53 10
11 52 -10
12 51 -30
13 50 -20
14 49 -10
15 48 -5
16 47 0
17 46 -5
black_pawns: 71776119061217280
48 55 -10
49 54 -20
50 53 -30
51 52 -10
52 51 10
53 50 0
54 49 -10
55 48 -15
white_pawns: 391680
9 54 10
11 52 -10
12 51 -30
13 50 -20
14 49 -10
15 48 -5
16 47 0
18 45 -10
black_pawns: 71776119061217280
48 55 -15
49 54 -25
50 53 -35
51 52 -15
52 51 5
53 50 -5
54 49 -15
55 48 -20
white_pawns: 652800
9 54 10
10 53 20
12 51 0
13 50 10
14 49 20
15 48 25
16 47 30
19 44 30
black_pawns: 71776119061217280
48 55 25
49 54 15
50 53 5
51 52 25
52 51 45
53 50 35
54 49 25
55 48 20
white_pawns: 261120
10 53 10
11 52 -10
12 51 -30
13 50 -20
14 49 -10
15 48 -5
16 47 0
17 46 -5
black_pawns: 71776119061217280
48 55 -10
49 54 -20
50 53 -30
51 52 -10
52 51 10
53 50 0
54 49 -10
55 48 -15
white_pawns: 391680
9 54 10
11 52 -10
12 51 -30
13 50 -20
14 49 -10
15 48 -5
16 47 0
18 45 -10
black_pawns: 71776119061217280
48 55 -15
49 54 -25
50 53 -35
51 52 -15
52 51 5
53 50 -5
54 49 -15
55 48 -20
white_pawns: 652800
9 54 10
10 53 20
12 51 0
13 50 10
14 49 20
15 48 25
16 47 30
19 44 30
black_pawns: 71776119061217280
48 55 25
49 54 15
50 53 5
51 52 25
52 51 45
53 50 35
54 49 25
55 48 20
white_pawns: 261120
10 53 10
11 52 -10
12 51 -30
13 50 -20
14 49 -10
15 48 -5
16 47 0
17 46 -5
black_pawns: 71495743596134400
40 47 -10
49 54 -20
50 53 -30
51 52 -10
52 51 10
53 50 0
54 49 -10
55 48 -15
white_pawns: 456960
8 55 5
11 52 -15
12 51 -35
13 50 -25
14 49 -15
15 48 -10
17 46 -15
18 45 -25
black_pawns: 71495743596134400
40 47 -30
49 54 -40
50 53 -50
51 52 -30
52 51 -10
53 50 -20
54 49 -30
55 48 -35
white_pawns: 718080
8 55 5
10 53 15
12 51 -5
13 50 5
14 49 15
15 48 20
17 46 15
19 44 15
black_pawns: 71495743596134400
40 47 10
49 54 0
50 53 -10
51 52 10
52 51 30
53 50 20
54 49 10
55 48 5
white_pawns: 1240320
8 55 5
10 53 15
11 52 -5
13 50 5
14 49 15
15 48 20
17 46 15
20 43 15
black_pawns: 71495743596134400
40 47 10
49 54 0
50 53 -10
51 52 10
52 51 30
53 50 20
54 49 10
55 48 5
white_pawns: 2284800
8 55 5
10 53 15
11 52 -5
12 51 -25
14 49 -15
15 48 -10
17 46 -15
21 42 -25
black_pawns: 71495743596134400
40 47 -30
49 54 -40
50 53 -50
51 52 -30
52 51 -10
53 50 -20
54 49 -30
55 48 -35
white_pawns: 4373760
8 55 5
10 53 15
11 52 -5
12 51 -25
13 50 -15
15 48 -10
17 46 -15
22 41 -20
black_pawns: 71495743596134400
40 47 -25
49 54 -35
50 53 -45
51 52 -25
52 51 -5
53 50 -15
54 49 -25
55 48 -30
white_pawns: 8551680
8 55 5
10 53 15
11 52 -5
12 51 -25
13 50 -15
14 49 -5
17 46 -10
23 40 -5
black_pawns: 71495743596134400
40 47 -10
49 54 -20
50 53 -30
51 52 -10
52 51 10
53 50 0
54 49 -10
55 48 -15
white_pawns: 33619200
8 55 5
10 53 15
11 52 -5
12 51 -25
13 50 -15
14 49 -5
15 48 0
25 38 0
black_pawns: 71495743596134400
40 47 -5
49 54 -15
50 53 -25
51 52 -5
52 51 15
53 50 5
54 49 -5
55 48 -10
white_pawns: 16972800
10 53 10
11 52 -10
12 51 -30
13 50 -20
14 49 -10
15 48 -5
17 46 -10
24 39 -10
black_pawns: 71495743596134400
40 47 -15
49 54 -25
50 53 -35
51 52 -15
52 51 5
53 50 -5
54 49 -15
55 48 -20
white_pawns: 67303680
8 55 5
11 52 -15
12 51 -35
13 50 -25
14 49 -15
15 48 -10
17 46 -15
26 37 -15
black_pawns: 71495743596134400
40 47 -20
49 54 -30
50 53 -40
51 52 -20
52 51 0
53 50 -10
54 49 -20
55 48 -25
white_pawns: 134411520
8 55 5
10 53 15
12 51 -5
13 50 5
14 49 15
15 48 20
17 46 15
27 36 35
black_pawns: 71495743596134400
40 47 30
49 54 20
50 53 10
51 52 30
52 51 50
53 50 40
54 49 30
55 48 25
white_pawns: 268627200
8 55 5
10 53 15
11 52 -5
13 50 5
14 49 15
15 48 20
17 46 15
28 35 35
black_pawns: 71495743596134400
40 47 30
49 54 20
50 53 10
51 52 30
52 51 50
53 50 40
54 49 30
55 48 25
white_pawns: 537058560
8 55 5
10 53 15
11 52 -5
12 51 -25
14 49 -15
15 48 -10
17 46 -15
29 34 -15
black_pawns: 71495743596134400
40 47 -20
49 54 -30
50 53 -40
51 52 -20
52 51 0
53 50 -10
54 49 -20
55 48 -25
white_pawns: 1073921280
8 55 5
10 53 15
11 52 -5
12 51 -25
13 50 -15
15 48 -10
17 46 -15
30 33 -15
black_pawns: 71495743596134400
40 47 -20
49 54 -30
50 53 -40
51 52 -20
52 51 0
53 50 -10
54 49 -20
55 48 -25
white_pawns: 2147646720
8 55 5
10 53 15
11 52 -5
12 51 -25
13 50 -15
14 49 -5
17 46 -10
31 32 -10
black_pawns: 71495743596134400
40 47 -15
49 54 -25
50 53 -35
51 52 -15
52 51 5
53 50 -5
54 49 -15
55 48 -20
white_pawns: 195840
8 55 5
10 53 15
11 52 -5
12 51 -25
13 50 -15
14 49 -5
15 48 0
17 46 -5
black_pawns: 71495743596134400
40 47 -10
49 54 -20
50 53 -30
51 52 -10
52 51 10
53 50 0
54 49 -10
55 48 -15
white_pawns: 195840
8 55 5
10 53 15
11 52 -5
12 51 -25
13 50 -15
14 49 -5
15 48 0
17 46 -5
black_pawns: 71495743596134400
40 47 -10
49 54 -20
50 53 -30
51 52 -10
52 51 10
53 50 0
54 49 -10
55 48 -15
white_pawns: 195840
8 55 5
10 53 15
11 52 -5
12 51 -25
13 50 -15
14 49 -5
15 48 0
17 46 -5
black_pawns: 71495743596134400
40 47 -10
49 54 -20
50 53 -30
51 52 -10
52 51 10
53 50 0
54 49 -10
55 48 -15
white_pawns: 195840
8 55 5
10 53 15
11 52 -5
12 51 -25
13 50 -15
14 49 -5
15 48 0
17 46 -5
black_pawns: 71495743596134400
40 47 -10
49 54 -20
50 53 -30
51 52 -10
52 51 10
53 50 0
54 49 -10
55 48 -15
white_pawns: 195840
8 55 5
10 53 15
11 52 -5
12 51 -25
13 50 -15
14 49 -5
15 48 0
17 46 -5
black_pawns: 71495743596134400
40 47 -10
49 54 -20
50 53 -30
51 52 -10
52 51 10
53 50 0
54 49 -10
55 48 -15
white_pawns: 195840
8 55 5
10 53 15
11 52 -5
12 51 -25
13 50 -15
14 49 -5
15 48 0
17 46 -5
black_pawns: 71495743596134400
40 47 -10
49 54 -20
50 53 -30
51 52 -10
52 51 10
53 50 0
54 49 -10
55 48 -15
white_pawns: 261120
10 53 10
11 52 -10
12 51 -30
13 50 -20
14 49 -10
15 48 -5
16 47 0
17 46 -5
black_pawns: 71215368131051520
41 46 0
48 55 -5
50 53 -15
51 52 5
52 51 25
53 50 15
54 49 5
55 48 0
white_pawns: 456960
8 55 5
11 52 -15
12 51 -35
13 50 -25
14 49 -15
15 48 -10
17 46 -15
18 45 -25
black_pawns: 71215368131051520
41 46 -20
48 55 -25
50 53 -35
51 52 -15
52 51 5
53 50 -5
54 49 -15
55 48 -20
white_pawns: 718080
8 55 5
10 53 15
12 51 -5
13 50 5
14 49 15
15 48 20
17 46 15
19 44 15
black_pawns: 71215368131051520
41 46 20
48 55 15
50 53 5
51 52 25
52 51 45
53 50 35
54 49 25
55 48 20
white_pawns: 1240320
8 55 5
10 53 15
11 52 -5
13 50 5
14 49 15
15 48 20
17 46 15
20 43 15
black_pawns: 71215368131051520
41 46 20
48 55 15
50 53 5
51 52 25
52 51 45
53 50 35
54 49 25
55 48 20
white_pawns: 2284800
8 55 5
10 53 15
11 52 -5
12 51 -25
14 49 -15
15 48 -10
17 46 -15
21 42 -25
black_pawns: 71215368131051520
41 46 -20
48 55 -25
50 53 -35
51 52 -15
52 51 5
53 50 -5
54 49 -15
55 48 -20
white_pawns: 4373760
8 55 5
10 53 15
11 52 -5
12 51 -25
13 50 -15
15 48 -10
17 46 -15
22 41 -20
black_pawns: 71215368131051520
41 46 -15
48 55 -20
50 53 -30
51 52 -10
52 51 10
53 50 0
54 49 -10
55 48 -15
white_pawns: 8551680
8 55 5
10 53 15
11 52 -5
12 51 -25
13 50 -15
14 49 -5
17 46 -10
23 40 -5
black_pawns: 71215368131051520
41 46 0
48 55 -5
50 53 -15
51 52 5
52 51 25
53 50 15
54 49 5
55 48 0
white_pawns: 33619200
8 55 5
10 53 15
11 52 -5
12 51 -25
13 50 -15
14 49 -5
15 48 0
25 38 0
black_pawns: 71215368131051520
41 46 5
48 55 0
50 53 -10
51 52 10
52 51 30
53 50 20
54 49 10
55 48 5
white_pawns: 16972800
10 53 10
11 52 -10
12 51 -30
13 50 -20
14 49 -10
15 48 -5
17 46 -10
24 39 -10
black_pawns: 71215368131051520
41 46 -5
48 55 -10
50 53 -20
51 52 0
52 51 20
53 50 10
54 49 0
55 48 -5
white_pawns: 67303680
8 55 5
11 52 -15
12 51 -35
13 50 -25
14 49 -15
15 48 -10
17 46 -15
26 37 -15
black_pawns: 71215368131051520
41 46 -10
48 55 -15
50 53 -25
51 52 -5
52 51 15
53 50 5
54 49 -5
55 48 -10
white_pawns: 134411520
8 55 5
10 53 15
12 51 -5
13 50 5
14 49 15
15 48 20
17 46 15
27 36 35
black_pawns: 71215368131051520
41 46 40
48 55 35
50 53 25
51 52 45
52 51 65
53 50 55
54 49 45
55 48 40
white_pawns: 268627200
8 55 5
10 53 15
11 52 -5
13 50 5
14 49 15
15 48 20
17 46 15
28 35 35
black_pawns: 71215368131051520
41 46 40
48 55 35
50 53 25
51 52 45
52 51 65
53 50 55
54 49 45
55 48 40
white_pawns: 537058560
8 55 5
10 53 15
11 52 -5
12 51 -25
14 49 -15
15 48 -10
17 46 -15
29 34 -15
black_pawns: 71215368131051520
41 46 -10
48 55 -15
50 53 -25
51 52 -5
52 51 15
53 50 5
54 49 -5
55 48 -10
white_pawns: 1073921280
8 55 5
10 53 15
11 52 -5
12 51 -25
13 50 -15
15 48 -10
17 46 -15
30 33 -15
black_pawns: 71215368131051520
41 46 -10
48 55 -15
50 53 -25
51 52 -5
52 51 15
53 50 5
54 49 -5
55 48 -10
white_pawns: 2147646720
8 55 5
10 53 15
11 52 -5
12 51 -25
13 50 -15
14 49 -5
17 46 -10
31 32 -10
black_pawns: 71215368131051520
41 46 -5
48 55 -10
50 53 -20
51 52 0
52 51 20
53 50 10
54 49 0
55 48 -5
white_pawns: 195840
8 55 5
10 53 15
11 52 -5
12 51 -25
13 50 -15
14 49 -5
15 48 0
17 46 -5
black_pawns: 71215368131051520
41 46 0
48 55 -5
50 53 -15
51 52 5
52 51 25
53 50 15
54 49 5
55 48 0
white_pawns: 195840
8 55 5
10 53 15
11 52 -5
12 51 -25
13 50 -15
14 49 -5
15 48 0
17 46 -5
black_pawns: 71215368131051520
41 46 0
48 55 -5
50 53 -15
51 52 5
52 51 25
53 50 15
54 49 5
55 48 0
white_pawns: 195840
8 55 5
10 53 15
11 52 -5
12 51 -25
13 50 -15
14 49 -5
15 48 0
17 46 -5
black_pawns: 71215368131051520
41 46 0
48 55 -5
50 53 -15
51 52 5
52 51 25
53 50 15
54 49 5
55 48 0
white_pawns: 195840
8 55 5
10 53 15
11 52 -5
12 51 -25
13 50 -15
14 49 -5
15 48 0
17 46 -5
black_pawns: 71215368131051520
41 46 0
48 55 -5
50 53 -15
51 52 5
52 51 25
53 50 15
54 49 5
55 48 0
white_pawns: 195840
8 55 5
10 53 15
11 52 -5
12 51 -25
13 50 -15
14 49 -5
15 48 0
17 46 -5
black_pawns: 71215368131051520
41 46 0
48 55 -5
50 53 -15
51 52 5
52 51 25
53 50 15
54 49 5
55 48 0
white_pawns: 195840
8 55 5
10 53 15
11 52 -5
12 51 -25
13 50 -15
14 49 -5
15 48 0
17 46 -5
black_pawns: 71215368131051520
41 46 0
48 55 -5
50 53 -15
51 52 5
52 51 25
53 50 15
54 49 5
55 48 0
white_pawns: 261120
10 53 10
11 52 -10
12 51 -30
13 50 -20
14 49 -10
15 48 -5
16 47 0
17 46 -5
black_pawns: 70654617200885760
42 45 5
48 55 0
49 54 -10
51 52 10
52 51 30
53 50 20
54 49 10
55 48 5
white_pawns: 456960
8 55 5
11 52 -15
12 51 -35
13 50 -25
14 49 -15
15 48 -10
17 46 -15
18 45 -25
black_pawns: 70654617200885760
42 45 -15
48 55 -20
49 54 -30
51 52 -10
52 51 10
53 50 0
54 49 -10
55 48 -15
white_pawns: 718080
8 55 5
10 53 15
12 51 -5
13 50 5
14 49 15
15 48 20
17 46 15
19 44 15
black_pawns: 70654617200885760
42 45 25
48 55 20
49 54 10
51 52 30
52 51 50
53 50 40
54 49 30
55 48 25
white_pawns: 261120
10 53 10
11 52 -10
12 51 -30
13 50 -20
14 49 -10
15 48 -5
16 47 0
17 46 -5
black_pawns: 69533115340554240
43 44 -5
48 55 -10
49 54 -20
50 53 -30
52 51 -10
53 50 -20
54 49 -30
55 48 -35
white_pawns: 456960
8 55 5
11 52 -15
12 51 -35
13 50 -25
14 49 -15
15 48 -10
17 46 -15
18 45 -25
black_pawns: 69533115340554240
43 44 -25
48 55 -30
49 54 -40
50 53 -50
52 51 -30
53 50 -40
54 49 -50
55 48 -55
white_pawns: 718080
8 55 5
10 53 15
12 51 -5
13 50 5
14 49 15
15 48 20
17 46 15
19 44 15
black_pawns: 69533115340554240
43 44 15
48 55 10
49 54 0
50 53 -10
52 51 10
53 50 0
54 49 -10
55 48 -15
white_pawns: 1240320
8 55 5
10 53 15
11 52 -5
13 50 5
14 49 15
15 48 20
17 46 15
20 43 15
black_pawns: 69533115340554240
43 44 15
48 55 10
49 54 0
50 53 -10
52 51 10
53 50 0
54 49 -10
55 48 -15
white_pawns: 2284800
8 55 5
10 53 15
11 52 -5
12 51 -25
14 49 -15
15 48 -10
17 46 -15
21 42 -25
black_pawns: 69533115340554240
43 44 -25
48 55 -30
49 54 -40
50 53 -50
52 51 -30
53 50 -40
54 49 -50
55 48 -55
white_pawns: 4373760
8 55 5
10 53 15
11 52 -5
12 51 -25
13 50 -15
15 48 -10
17 46 -15
22 41 -20
black_pawns: 69533115340554240
43 44 -20
48 55 -25
49 54 -35
50 53 -45
52 51 -25
53 50 -35
54 49 -45
55 48 -50
white_pawns: 8551680
8 55 5
10 53 15
11 52 -5
12 51 -25
13 50 -15
14 49 -5
17 46 -10
23 40 -5
black_pawns: 69533115340554240
43 44 -5
48 55 -10
49 54 -20
50 53 -30
52 51 -10
53 50 -20
54 49 -30
55 48 -35
white_pawns: 33619200
8 55 5
10 53 15
11 52 -5
12 51 -25
13 50 -15
14 49 -5
15 48 0
25 38 0
black_pawns: 69533115340554240
43 44 0
48 55 -5
49 54 -15
50 53 -25
52 51 -5
53 50 -15
54 49 -25
55 48 -30
white_pawns: 16972800
10 53 10
11 52 -10
12 51 -30
13 50 -20
14 49 -10
15 48 -5
17 46 -10
24 39 -10
black_pawns: 69533115340554240
43 44 -10
48 55 -15
49 54 -25
50 53 -35
52 51 -15
53 50 -25
54 49 -35
55 48 -40
white_pawns: 67303680
8 55 5
11 52 -15
12 51 -35
13 50 -25
14 49 -15
15 48 -10
17 46 -15
26 37 -15
black_pawns: 69533115340554240
43 44 -15
48 55 -20
49 54 -30
50 53 -40
52 51 -20
53 50 -30
54 49 -40
55 48 -45
white_pawns: 134411520
8 55 5
10 53 15
12 51 -5
13 50 5
14 49 15
15 48 20
17 46 15
27 36 35
black_pawns: 69533115340554240
43 44 35
48 55 30
49 54 20
50 53 10
52 51 30
53 50 20
54 49 10
55 48 5
white_pawns: 268627200
8 55 5
10 53 15
11 52 -5
13 50 5
14 49 15
15 48 20
17 46 15
28 35 35
black_pawns: 69533115340554240
43 44 35
48 55 30
49 54 20
50 53 10
52 51 30
53 50 20
54 49 10
55 48 5
white_pawns: 537058560
8 55 5
10 53 15
11 52 -5
12 51 -25
14 49 -15
15 48 -10
17 46 -15
29 34 -15
black_pawns: 69533115340554240
43 44 -15
48 55 -20
49 54 -30
50 53 -40
52 51 -20
53 50 -30
54 49 -40
55 48 -45
white_pawns: 1073921280
8 55 5
10 53 15
11 52 -5
12 51 -25
13 50 -15
15 48 -10
17 46 -15
30 33 -15
black_pawns: 69533115340554240
43 44 -15
48 55 -20
49 54 -30
50 53 -40
52 51 -20
53 50 -30
54 49 -40
55 48 -45
white_pawns: 2147646720
8 55 5
10 53 15
11 52 -5
12 51 -25
13 50 -15
14 49 -5
17 46 -10
31 32 -10
black_pawns: 69533115340554240
43 44 -10
48 55 -15
49 54 -25
50 53 -35
52 51 -15
53 50 -25
54 49 -35
55 48 -40
white_pawns: 195840
8 55 5
10 53 15
11 52 -5
12 51 -25
13 50 -15
14 49 -5
15 48 0
17 46 -5
black_pawns: 69533115340554240
43 44 -5
48 55 -10
49 54 -20
50 53 -30
52 51 -10
53 50 -20
54 49 -30
55 48 -35
white_pawns: 195840
8 55 5
10 53 15
11 52 -5
12 51 -25
13 50 -15
14 49 -5
15 48 0
17 46 -5
black_pawns: 69533115340554240
43 44 -5
48 55 -10
49 54 -20
50 53 -30
52 51 -10
53 50 -20
54 49 -30
55 48 -35
white_pawns: 195840
8 55 5
10 53 15
11 52 -5
12 51 -25
13 50 -15
14 49 -5
15 48 0
17 46 -5
black_pawns: 69533115340554240
43 44 -5
48 55 -10
49 54 -20
50 53 -30
52 51 -10
53 50 -20
54 49 -30
55 48 -35
white_pawns: 195840
8 55 5
10 53 15
11 52 -5
12 51 -25
13 50 -15
14 49 -5
15 48 0
17 46 -5
black_pawns: 69533115340554240
43 44 -5
48 55 -10
49 54 -20
50 53 -30
52 51 -10
53 50 -20
54 49 -30
55 48 -35
white_pawns: 195840
8 55 5
10 53 15
11 52 -5
12 51 -25
13 50 -15
14 49 -5
15 48 0
17 46 -5
black_pawns: 69533115340554240
43 44 -5
48 55 -10
49 54 -20
50 53 -30
52 51 -10
53 50 -20
54 49 -30
55 48 -35
white_pawns: 195840
8 55 5
10 53 15
11 52 -5
12 51 -25
13 50 -15
14 49 -5
15 48 0
17 46 -5
black_pawns: 69533115340554240
43 44 -5
48 55 -10
49 54 -20
50 53 -30
52 51 -10
53 50 -20
54 49 -30
55 48 -35
white_pawns: 261120
10 53 10
11 52 -10
12 51 -30
13 50 -20
14 49 -10
15 48 -5
16 47 0
17 46 -5
black_pawns: 67290111619891200
44 43 -5
48 55 -10
49 54 -20
50 53 -30
51 52 -10
53 50 -20
54 49 -30
55 48 -35
white_pawns: 195584
10 53 10
11 52 -10
12 51 -30
13 50 -20
14 49 -10
15 48 -5
17 46 -10
black_pawns: 67290111619891200
44 43 -10
48 55 -15
49 54 -25
50 53 -35
51 52 -15
53 50 -25
54 49 -35
55 48 -40
white_pawns: 195584
10 53 10
11 52 -10
12 51 -30
13 50 -20
14 49 -10
15 48 -5
17 46 -10
black_pawns: 67290111619891200
44 43 -10
48 55 -15
49 54 -25
50 53 -35
51 52 -15
53 50 -25
54 49 -35
55 48 -40
white_pawns: 456960
8 55 5
11 52 -15
12 51 -35
13 50 -25
14 49 -15
15 48 -10
17 46 -15
18 45 -25
black_pawns: 67290111619891200
44 43 -25
48 55 -30
49 54 -40
50 53 -50
51 52 -30
53 50 -40
54 49 -50
55 48 -55
white_pawns: 718080
8 55 5
10 53 15
12 51 -5
13 50 5
14 49 15
15 48 20
17 46 15
19 44 15
black_pawns: 67290111619891200
44 43 15
48 55 10
49 54 0
50 53 -10
51 52 10
53 50 0
54 49 -10
55 48 -15
white_pawns: 261120
10 53 10
11 52 -10
12 51 -30
13 50 -20
14 49 -10
15 48 -5
16 47 0
17 46 -5
black_pawns: 62804104178565120
45 42 5
48 55 0
49 54 -10
50 53 -20
51 52 0
52 51 20
54 49 10
55 48 5
white_pawns: 456960
8 55 5
11 52 -15
12 51 -35
13 50 -25
14 49 -15
15 48 -10
17 46 -15
18 45 -25
black_pawns: 62804104178565120
45 42 -15
48 55 -20
49 54 -30
50 53 -40
51 52 -20
52 51 0
54 49 -10
55 48 -15
white_pawns: 718080
8 55 5
10 53 15
12 51 -5
13 50 5
14 49 15
15 48 20
17 46 15
19 44 15
black_pawns: 62804104178565120
45 42 25
48 55 20
49 54 10
50 53 0
51 52 20
52 51 40
54 49 30
55 48 25
white_pawns: 261120
10 53 10
11 52 -10
12 51 -30
13 50 -20
14 49 -10
15 48 -5
16 47 0
17 46 -5
black_pawns: 53832089295912960
46 41 0
48 55 -5
49 54 -15
50 53 -25
51 52 -5
52 51 15
53 50 5
55 48 0
white_pawns: 456960
8 55 5
11 52 -15
12 51 -35
13 50 -25
14 49 -15
15 48 -10
17 46 -15
18 45 -25
black_pawns: 53832089295912960
46 41 -20
48 55 -25
49 54 -35
50 53 -45
51 52 -25
52 51 -5
53 50 -15
55 48 -20
white_pawns: 718080
8 55 5
10 53 15
12 51 -5
13 50 5
14 49 15
15 48 20
17 46 15
19 44 15
black_pawns: 53832089295912960
46 41 20
48 55 15
49 54 5
50 53 -5
51 52 15
52 51 35
53 50 25
55 48 20
white_pawns: 261120
10 53 10
11 52 -10
12 51 -30
13 50 -20
14 49 -10
15 48 -5
16 47 0
17 46 -5
black_pawns: 35888059530608640
47 40 -10
48 55 -15
49 54 -25
50 53 -35
51 52 -15
52 51 5
53 50 -5
54 49 -15
white_pawns: 456960
8 55 5
11 52 -15
12 51 -35
13 50 -25
14 49 -15
15 48 -10
17 46 -15
18 45 -25
black_pawns: 35888059530608640
47 40 -30
48 55 -35
49 54 -45
50 53 -55
51 52 -35
52 51 -15
53 50 -25
54 49 -35
white_pawns: 718080
8 55 5
10 53 15
12 51 -5
13 50 5
14 49 15
15 48 20
17 46 15
19 44 15
black_pawns: 35888059530608640
47 40 10
48 55 5
49 54 -5
50 53 -15
51 52 5
52 51 25
53 50 15
54 49 5
white_pawns: 261120
10 53 10
11 52 -10
12 51 -30
13 50 -20
14 49 -10
15 48 -5
16 47 0
17 46 -5
black_pawns: 71494648379473920
32 39 -5
49 54 -15
50 53 -25
51 52 -5
52 51 15
53 50 5
54 49 -5
55 48 -10
white_pawns: 456960
8 55 5
11 52 -15
12 51 -35
13 50 -25
14 49 -15
15 48 -10
17 46 -15
18 45 -25
black_pawns: 71494648379473920
32 39 -25
49 54 -35
50 53 -45
51 52 -25
52 51 -5
53 50 -15
54 49 -25
55 48 -30
white_pawns: 718080
8 55 5
10 53 15
12 51 -5
13 50 5
14 49 15
15 48 20
17 46 15
19 44 15
black_pawns: 71494648379473920
32 39 15
49 54 5
50 53 -5
51 52 15
52 51 35
53 50 25
54 49 15
55 48 10
white_pawns: 261120
10 53 10
11 52 -10
12 51 -30
13 50 -20
14 49 -10
15 48 -5
16 47 0
17 46 -5
black_pawns: 71213177697730560
33 38 -5
48 55 -10
50 53 -20
51 52 0
52 51 20
53 50 10
54 49 0
55 48 -5
white_pawns: 456960
8 55 5
11 52 -15
12 51 -35
13 50 -25
14 49 -15
15 48 -10
17 46 -15
18 45 -25
black_pawns: 71213177697730560
33 38 -25
48 55 -30
50 53 -40
51 52 -20
52 51 0
53 50 -10
54 49 -20
55 48 -25
white_pawns: 718080
8 55 5
10 53 15
12 51 -5
13 50 5
14 49 15
15 48 20
17 46 15
19 44 15
black_pawns: 71213177697730560
33 38 15
48 55 10
50 53 0
51 52 20
52 51 40
53 50 30
54 49 20
55 48 15
white_pawns: 261120
10 53 10
11 52 -10
12 51 -30
13 50 -20
14 49 -10
15 48 -5
16 47 0
17 46 -5
black_pawns: 70650236334243840
34 37 -5
48 55 -10
49 54 -20
51 52 0
52 51 20
53 50 10
54 49 0
55 48 -5
white_pawns: 456960
8 55 5
11 52 -15
12 51 -35
13 50 -25
14 49 -15
15 48 -10
17 46 -15
18 45 -25
black_pawns: 70650236334243840
34 37 -25
48 55 -30
49 54 -40
51 52 -20
52 51 0
53 50 -10
54 49 -20
55 48 -25
white_pawns: 718080
8 55 5
10 53 15
12 51 -5
13 50 5
14 49 15
15 48 20
17 46 15
19 44 15
black_pawns: 70650236334243840
34 37 15
48 55 10
49 54 0
51 52 20
52 51 40
53 50 30
54 49 20
55 48 15
white_pawns: 261120
10 53 10
11 52 -10
12 51 -30
13 50 -20
14 49 -10
15 48 -5
16 47 0
17 46 -5
black_pawns: 69524353607270400
35 36 -25
48 55 -30
49 54 -40
50 53 -50
52 51 -30
53 50 -40
54 49 -50
55 48 -55
white_pawns: 456960
8 55 5
11 52 -15
12 51 -35
13 50 -25
14 49 -15
15 48 -10
17 46 -15
18 45 -25
black_pawns: 69524353607270400
35 36 -45
48 55 -50
49 54 -60
50 53 -70
52 51 -50
53 50 -60
54 49 -70
55 48 -75
white_pawns: 718080
8 55 5
10 53 15
12 51 -5
13 50 5
14 49 15
15 48 20
17 46 15
19 44 15
black_pawns: 69524353607270400
35 36 -5
48 55 -10
49 54 -20
50 53 -30
52 51 -10
53 50 -20
54 49 -30
55 48 -35
white_pawns: 1240320
8 55 5
10 53 15
11 52 -5
13 50 5
14 49 15
15 48 20
17 46 15
20 43 15
black_pawns: 69524353607270400
35 36 -5
48 55 -10
49 54 -20
50 53 -30
52 51 -10
53 50 -20
54 49 -30
55 48 -35
white_pawns: 2284800
8 55 5
10 53 15
11 52 -5
12 51 -25
14 49 -15
15 48 -10
17 46 -15
21 42 -25
black_pawns: 69524353607270400
35 36 -45
48 55 -50
49 54 -60
50 53 -70
52 51 -50
53 50 -60
54 49 -70
55 48 -75
white_pawns: 4373760
8 55 5
10 53 15
11 52 -5
12 51 -25
13 50 -15
15 48 -10
17 46 -15
22 41 -20
black_pawns: 69524353607270400
35 36 -40
48 55 -45
49 54 -55
50 53 -65
52 51 -45
53 50 -55
54 49 -65
55 48 -70
white_pawns: 8551680
8 55 5
10 53 15
11 52 -5
12 51 -25
13 50 -15
14 49 -5
17 46 -10
23 40 -5
black_pawns: 69524353607270400
35 36 -25
48 55 -30
49 54 -40
50 53 -50
52 51 -30
53 50 -40
54 49 -50
55 48 -55
white_pawns: 33619200
8 55 5
10 53 15
11 52 -5
12 51 -25
13 50 -15
14 49 -5
15 48 0
25 38 0
black_pawns: 69524353607270400
35 36 -20
48 55 -25
49 54 -35
50 53 -45
52 51 -25
53 50 -35
54 49 -45
55 48 -50
white_pawns: 16972800
10 53 10
11 52 -10
12 51 -30
13 50 -20
14 49 -10
15 48 -5
17 46 -10
24 39 -10
black_pawns: 69524353607270400
35 36 -30
48 55 -35
49 54 -45
50 53 -55
52 51 -35
53 50 -45
54 49 -55
55 48 -60
white_pawns: 67303680
8 55 5
11 52 -15
12 51 -35
13 50 -25
14 49 -15
15 48 -10
17 46 -15
26 37 -15
black_pawns: 69524353607270400
35 36 -35
48 55 -40
49 54 -50
50 53 -60
52 51 -40
53 50 -50
54 49 -60
55 48 -65
white_pawns: 134411520
8 55 5
10 53 15
12 51 -5
13 50 5
14 49 15
15 48 20
17 46 15
27 36 35
black_pawns: 69524353607270400
35 36 15
48 55 10
49 54 0
50 53 -10
52 51 10
53 50 0
54 49 -10
55 48 -15
white_pawns: 268627200
8 55 5
10 53 15
11 52 -5
13 50 5
14 49 15
15 48 20
17 46 15
28 35 35
black_pawns: 69524353607270400
35 36 15
48 55 10
49 54 0
50 53 -10
52 51 10
53 50 0
54 49 -10
55 48 -15
white_pawns: 537058560
8 55 5
10 53 15
11 52 -5
12 51 -25
14 49 -15
15 48 -10
17 46 -15
29 34 -15
black_pawns: 69524353607270400
35 36 -35
48 55 -40
49 54 -50
50 53 -60
52 51 -40
53 50 -50
54 49 -60
55 48 -65
white_pawns: 1073921280
8 55 5
10 53 15
11 52 -5
12 51 -25
13 50 -15
15 48 -10
17 46 -15
30 33 -15
black_pawns: 69524353607270400
35 36 -35
48 55 -40
49 54 -50
50 53 -60
52 51 -40
53 50 -50
54 49 -60
55 48 -65
white_pawns: 2147646720
8 55 5
10 53 15
11 52 -5
12 51 -25
13 50 -15
14 49 -5
17 46 -10
31 32 -10
black_pawns: 69524353607270400
35 36 -30
48 55 -35
49 54 -45
50 53 -55
52 51 -35
53 50 -45
54 49 -55
55 48 -60
white_pawns: 195840
8 55 5
10 53 15
11 52 -5
12 51 -25
13 50 -15
14 49 -5
15 48 0
17 46 -5
black_pawns: 69524353607270400
35 36 -25
48 55 -30
49 54 -40
50 53 -50
52 51 -30
53 50 -40
54 49 -50
55 48 -55
white_pawns: 195840
8 55 5
10 53 15
11 52 -5
12 51 -25
13 50 -15
14 49 -5
15 48 0
17 46 -5
black_pawns: 69524353607270400
35 36 -25
48 55 -30
49 54 -40
50 53 -50
52 51 -30
53 50 -40
54 49 -50
55 48 -55
white_pawns: 195840
8 55 5
10 53 15
11 52 -5
12 51 -25
13 50 -15
14 49 -5
15 48 0
17 46 -5
black_pawns: 69524353607270400
35 36 -25
48 55 -30
49 54 -40
50 53 -50
52 51 -30
53 50 -40
54 49 -50
55 48 -55
white_pawns: 195840
8 55 5
10 53 15
11 52 -5
12 51 -25
13 50 -15
14 49 -5
15 48 0
17 46 -5
black_pawns: 69524353607270400
35 36 -25
48 55 -30
49 54 -40
50 53 -50
52 51 -30
53 50 -40
54 49 -50
55 48 -55
white_pawns: 195840
8 55 5
10 53 15
11 52 -5
12 51 -25
13 50 -15
14 49 -5
15 48 0
17 46 -5
black_pawns: 69524353607270400
35 36 -25
48 55 -30
49 54 -40
50 53 -50
52 51 -30
53 50 -40
54 49 -50
55 48 -55
white_pawns: 195840
8 55 5
10 53 15
11 52 -5
12 51 -25
13 50 -15
14 49 -5
15 48 0
17 46 -5
black_pawns: 69524353607270400
35 36 -25
48 55 -30
49 54 -40
50 53 -50
52 51 -30
53 50 -40
54 49 -50
55 48 -55
white_pawns: 261120
10 53 10
11 52 -10
12 51 -30
13 50 -20
14 49 -10
15 48 -5
16 47 0
17 46 -5
black_pawns: 67272588153323520
36 35 -25
48 55 -30
49 54 -40
50 53 -50
51 52 -30
53 50 -40
54 49 -50
55 48 -55
white_pawns: 195584
10 53 10
11 52 -10
12 51 -30
13 50 -20
14 49 -10
15 48 -5
17 46 -10
black_pawns: 67272588153323520
36 35 -30
48 55 -35
49 54 -45
50 53 -55
51 52 -35
53 50 -45
54 49 -55
55 48 -60
white_pawns: 195584
10 53 10
11 52 -10
12 51 -30
13 50 -20
14 49 -10
15 48 -5
17 46 -10
black_pawns: 67272588153323520
36 35 -30
48 55 -35
49 54 -45
50 53 -55
51 52 -35
53 50 -45
54 49 -55
55 48 -60
white_pawns: 456960
8 55 5
11 52 -15
12 51 -35
13 50 -25
14 49 -15
15 48 -10
17 46 -15
18 45 -25
black_pawns: 67272588153323520
36 35 -45
48 55 -50
49 54 -60
50 53 -70
51 52 -50
53 50 -60
54 49 -70
55 48 -75
white_pawns: 718080
8 55 5
10 53 15
12 51 -5
13 50 5
14 49 15
15 48 20
17 46 15
19 44 15
black_pawns: 67272588153323520
36 35 -5
48 55 -10
49 54 -20
50 53 -30
51 52 -10
53 50 -20
54 49 -30
55 48 -35
white_pawns: 1240320
8 55 5
10 53 15
11 52 -5
13 50 5
14 49 15
15 48 20
17 46 15
20 43 15
black_pawns: 67272588153323520
36 35 -5
48 55 -10
49 54 -20
50 53 -30
51 52 -10
53 50 -20
54 49 -30
55 48 -35
white_pawns: 2284800
8 55 5
10 53 15
11 52 -5
12 51 -25
14 49 -15
15 48 -10
17 46 -15
21 42 -25
black_pawns: 67272588153323520
36 35 -45
48 55 -50
49 54 -60
50 53 -70
51 52 -50
53 50 -60
54 49 -70
55 48 -75
white_pawns: 4373760
8 55 5
10 53 15
11 52 -5
12 51 -25
13 50 -15
15 48 -10
17 46 -15
22 41 -20
black_pawns: 67272588153323520
36 35 -40
48 55 -45
49 54 -55
50 53 -65
51 52 -45
53 50 -55
54 49 -65
55 48 -70
white_pawns: 8551680
8 55 5
10 53 15
11 52 -5
12 51 -25
13 50 -15
14 49 -5
17 46 -10
23 40 -5
black_pawns: 67272588153323520
36 35 -25
48 55 -30
49 54 -40
50 53 -50
51 52 -30
53 50 -40
54 49 -50
55 48 -55
white_pawns: 33619200
8 55 5
10 53 15
11 52 -5
12 51 -25
13 50 -15
14 49 -5
15 48 0
25 38 0
black_pawns: 67272588153323520
36 35 -20
48 55 -25
49 54 -35
50 53 -45
51 52 -25
53 50 -35
54 49 -45
55 48 -50
white_pawns: 16972800
10 53 10
11 52 -10
12 51 -30
13 50 -20
14 49 -10
15 48 -5
17 46 -10
24 39 -10
black_pawns: 67272588153323520
36 35 -30
48 55 -35
49 54 -45
50 53 -55
51 52 -35
53 50 -45
54 49 -55
55 48 -60
white_pawns: 67303680
8 55 5
11 52 -15
12 51 -35
13 50 -25
14 49 -15
15 48 -10
17 46 -15
26 37 -15
black_pawns: 67272588153323520
36 35 -35
48 55 -40
49 54 -50
50 53 -60
51 52 -40
53 50 -50
54 49 -60
55 48 -65
white_pawns: 134411520
8 55 5
10 53 15
12 51 -5
13 50 5
14 49 15
15 48 20
17 46 15
27 36 35
black_pawns: 67272588153323520
36 35 15
48 55 10
49 54 0
50 53 -10
51 52 10
53 50 0
54 49 -10
55 48 -15
white_pawns: 193792
8 55 5
10 53 15
12 51 -5
13 50 5
14 49 15
15 48 20
17 46 15
black_pawns: 67272519568064512
27 28 -10
48 55 -15
49 54 -25
50 53 -35
51 52 -15
53 50 -25
54 49 -35
55 48 -40
white_pawns: 268627200
8 55 5
10 53 15
11 52 -5
13 50 5
14 49 15
15 48 20
17 46 15
28 35 35
black_pawns: 67272588153323520
36 35 15
48 55 10
49 54 0
50 53 -10
51 52 10
53 50 0
54 49 -10
55 48 -15
white_pawns: 261120
10 53 10
11 52 -10
12 51 -30
13 50 -20
14 49 -10
15 48 -5
16 47 0
17 46 -5
black_pawns: 62769057245429760
37 34 -5
48 55 -10
49 54 -20
50 53 -30
51 52 -10
52 51 10
54 49 0
55 48 -5
white_pawns: 456960
8 55 5
11 52 -15
12 51 -35
13 50 -25
14 49 -15
15 48 -10
17 46 -15
18 45 -25
black_pawns: 62769057245429760
37 34 -25
48 55 -30
49 54 -40
50 53 -50
51 52 -30
52 51 -10
54 49 -20
55 48 -25
white_pawns: 718080
8 55 5
10 53 15
12 51 -5
13 50 5
14 49 15
15 48 20
17 46 15
19 44 15
black_pawns: 62769057245429760
37 34 15
48 55 10
49 54 0
50 53 -10
51 52 10
52 51 30
54 49 20
55 48 15
white_pawns: 261120
10 53 10
11 52 -10
12 51 -30
13 50 -20
14 49 -10
15 48 -5
16 47 0
17 46 -5
black_pawns: 53761995429642240
38 33 -5
48 55 -10
49 54 -20
50 53 -30
51 52 -10
52 51 10
53 50 0
55 48 -5
white_pawns: 456960
8 55 5
11 52 -15
12 51 -35
13 50 -25
14 49 -15
15 48 -10
17 46 -15
18 45 -25
black_pawns: 53761995429642240
38 33 -25
48 55 -30
49 54 -40
50 53 -50
51 52 -30
52 51 -10
53 50 -20
55 48 -25
white_pawns: 718080
8 55 5
10 53 15
12 51 -5
13 50 5
14 49 15
15 48 20
17 46 15
19 44 15
black_pawns: 53761995429642240
38 33 15
48 55 10
49 54 0
50 53 -10
51 52 10
52 51 30
53 50 20
55 48 15
white_pawns: 261120
10 53 10
11 52 -10
12 51 -30
13 50 -20
14 49 -10
15 48 -5
16 47 0
17 46 -5
black_pawns: 35747871798067200
39 32 -5
48 55 -10
49 54 -20
50 53 -30
51 52 -10
52 51 10
53 50 0
54 49 -10
white_pawns: 456960
8 55 5
11 52 -15
12 51 -35
13 50 -25
14 49 -15
15 48 -10
17 46 -15
18 45 -25
black_pawns: 35747871798067200
39 32 -25
48 55 -30
49 54 -40
50 53 -50
51 52 -30
52 51 -10
53 50 -20
54 49 -30
white_pawns: 718080
8 55 5
10 53 15
12 51 -5
13 50 5
14 49 15
15 48 20
17 46 15
19 44 15
black_pawns: 35747871798067200
39 32 15
48 55 10
49 54 0
50 53 -10
51 52 10
52 51 30
53 50 20
54 49 10
white_pawns: 261120
10 53 10
11 52 -10
12 51 -30
13 50 -20
14 49 -10
15 48 -5
16 47 0
17 46 -5
black_pawns: 71776119061217280
48 55 -10
49 54 -20
50 53 -30
51 52 -10
52 51 10
53 50 0
54 49 -10
55 48 -15
white_pawns: 456960
8 55 5
11 52 -15
12 51 -35
13 50 -25
14 49 -15
15 48 -10
17 46 -15
18 45 -25
black_pawns: 71776119061217280
48 55 -30
49 54 -40
50 53 -50
51 52 -30
52 51 -10
53 50 -20
54 49 -30
55 48 -35
white_pawns: 718080
8 55 5
10 53 15
12 51 -5
13 50 5
14 49 15
15 48 20
17 46 15
19 44 15
black_pawns: 71776119061217280
48 55 10
49 54 0
50 53 -10
51 52 10
52 51 30
53 50 20
54 49 10
55 48 5
white_pawns: 261120
10 53 10
11 52 -10
12 51 -30
13 50 -20
14 49 -10
15 48 -5
16 47 0
17 46 -5
black_pawns: 71776119061217280
48 55 -10
49 54 -20
50 53 -30
51 52 -10
52 51 10
53 50 0
54 49 -10
55 48 -15
white_pawns: 456960
8 55 5
11 52 -15
12 51 -35
13 50 -25
14 49 -15
15 48 -10
17 46 -15
18 45 -25
black_pawns: 71776119061217280
48 55 -30
49 54 -40
50 53 -50
51 52 -30
52 51 -10
53 50 -20
54 49 -30
55 48 -35
white_pawns: 718080
8 55 5
10 53 15
12 51 -5
13 50 5
14 49 15
15 48 20
17 46 15
19 44 15
black_pawns: 71776119061217280
48 55 10
49 54 0
50 53 -10
51 52 10
52 51 30
53 50 20
54 49 10
55 48 5
white_pawns: 261120
10 53 10
11 52 -10
12 51 -30
13 50 -20
14 49 -10
15 48 -5
16 47 0
17 46 -5
black_pawns: 71776119061217280
48 55 -10
49 54 -20
50 53 -30
51 52 -10
52 51 10
53 50 0
54 49 -10
55 48 -15
white_pawns: 456960
8 55 5
11 52 -15
12 51 -35
13 50 -25
14 49 -15
15 48 -10
17 46 -15
18 45 -25
black_pawns: 71776119061217280
48 55 -30
49 54 -40
50 53 -50
51 52 -30
52 51 -10
53 50 -20
54 49 -30
55 48 -35
white_pawns: 718080
8 55 5
10 53 15
12 51 -5
13 50 5
14 49 15
15 48 20
17 46 15
19 44 15
black_pawns: 71776119061217280
48 55 10
49 54 0
50 53 -10
51 52 10
52 51 30
53 50 20
54 49 10
55 48 5
white_pawns: 261120
10 53 10
11 52 -10
12 51 -30
13 50 -20
14 49 -10
15 48 -5
16 47 0
17 46 -5
black_pawns: 71776119061217280
48 55 -10
49 54 -20
50 53 -30
51 52 -10
52 51 10
53 50 0
54 49 -10
55 48 -15
white_pawns: 456960
8 55 5
11 52 -15
12 51 -35
13 50 -25
14 49 -15
15 48 -10
17 46 -15
18 45 -25
black_pawns: 71776119061217280
48 55 -30
49 54 -40
50 53 -50
51 52 -30
52 51 -10
53 50 -20
54 49 -30
55 48 -35
white_pawns: 718080
8 55 5
10 53 15
12 51 -5
13 50 5
14 49 15
15 48 20
17 46 15
19 44 15
black_pawns: 71776119061217280
48 55 10
49 54 0
50 53 -10
51 52 10
52 51 30
53 50 20
54 49 10
55 48 5
white_pawns: 391680
9 54 10
11 52 -10
12 51 -30
13 50 -20
14 49 -10
15 48 -5
16 47 0
18 45 -10
black_pawns: 71495743596134400
40 47 -15
49 54 -25
50 53 -35
51 52 -15
52 51 5
53 50 -5
54 49 -15
55 48 -20
white_pawns: 456960
8 55 5
11 52 -15
12 51 -35
13 50 -25
14 49 -15
15 48 -10
17 46 -15
18 45 -25
black_pawns: 71495743596134400
40 47 -30
49 54 -40
50 53 -50
51 52 -30
52 51 -10
53 50 -20
54 49 -30
55 48 -35
white_pawns: 848640
8 55 5
9 54 15
12 51 -5
13 50 5
14 49 15
15 48 20
18 45 10
19 44 10
black_pawns: 71495743596134400
40 47 5
49 54 -5
50 53 -15
51 52 5
52 51 25
53 50 15
54 49 5
55 48 0
white_pawns: 1370880
8 55 5
9 54 15
11 52 -5
13 50 5
14 49 15
15 48 20
18 45 10
20 43 10
black_pawns: 71495743596134400
40 47 5
49 54 -5
50 53 -15
51 52 5
52 51 25
53 50 15
54 49 5
55 48 0
white_pawns: 2415360
8 55 5
9 54 15
11 52 -5
12 51 -25
14 49 -15
15 48 -10
18 45 -20
21 42 -30
black_pawns: 71495743596134400
40 47 -35
49 54 -45
50 53 -55
51 52 -35
52 51 -15
53 50 -25
54 49 -35
55 48 -40
white_pawns: 4504320
8 55 5
9 54 15
11 52 -5
12 51 -25
13 50 -15
15 48 -10
18 45 -20
22 41 -25
black_pawns: 71495743596134400
40 47 -30
49 54 -40
50 53 -50
51 52 -30
52 51 -10
53 50 -20
54 49 -30
55 48 -35
white_pawns: 8682240
8 55 5
9 54 15
11 52 -5
12 51 -25
13 50 -15
14 49 -5
18 45 -15
23 40 -10
black_pawns: 71495743596134400
40 47 -15
49 54 -25
50 53 -35
51 52 -15
52 51 5
53 50 -5
54 49 -15
55 48 -20
white_pawns: 67173120
8 55 5
9 54 15
11 52 -5
12 51 -25
13 50 -15
14 49 -5
15 48 0
26 37 0
black_pawns: 71495743596134400
40 47 -5
49 54 -15
50 53 -25
51 52 -5
52 51 15
53 50 5
54 49 -5
55 48 -10
white_pawns: 17103360
9 54 10
11 52 -10
12 51 -30
13 50 -20
14 49 -10
15 48 -5
18 45 -15
24 39 -15
black_pawns: 71495743596134400
40 47 -20
49 54 -30
50 53 -40
51 52 -20
52 51 0
53 50 -10
54 49 -20
55 48 -25
white_pawns: 33880320
8 55 5
11 52 -15
12 51 -35
13 50 -25
14 49 -15
15 48 -10
18 45 -20
25 38 -20
black_pawns: 71495743596134400
40 47 -25
49 54 -35
50 53 -45
51 52 -25
52 51 -5
53 50 -15
54 49 -25
55 48 -30
white_pawns: 134542080
8 55 5
9 54 15
12 51 -5
13 50 5
14 49 15
15 48 20
18 45 10
27 36 30
black_pawns: 71495743596134400
40 47 25
49 54 15
50 53 5
51 52 25
52 51 45
53 50 35
54 49 25
55 48 20
white_pawns: 268757760
8 55 5
9 54 15
11 52 -5
13 50 5
14 49 15
15 48 20
18 45 10
28 35 30
black_pawns: 71495743596134400
40 47 25
49 54 15
50 53 5
51 52 25
52 51 45
53 50 35
54 49 25
55 48 20
white_pawns: 537189120
8 55 5
9 54 15
11 52 -5
12 51 -25
14 49 -15
15 48 -10
18 45 -20
29 34 -20
black_pawns: 71495743596134400
40 47 -25
49 54 -35
50 53 -45
51 52 -25
52 51 -5
53 50 -15
54 49 -25
55 48 -30
white_pawns: 1074051840
8 55 5
9 54 15
11 52 -5
12 51 -25
13 50 -15
15 48 -10
18 45 -20
30 33 -20
black_pawns: 71495743596134400
40 47 -25
49 54 -35
50 53 -45
51 52 -25
52 51 -5
53 50 -15
54 49 -25
55 48 -30
white_pawns: 2147777280
8 55 5
9 54 15
11 52 -5
12 51 -25
13 50 -15
14 49 -5
18 45 -15
31 32 -15
black_pawns: 71495743596134400
40 47 -20
49 54 -30
50 53 -40
51 52 -20
52 51 0
53 50 -10
54 49 -20
55 48 -25
white_pawns: 326400
8 55 5
9 54 15
11 52 -5
12 51 -25
13 50 -15
14 49 -5
15 48 0
18 45 -10
black_pawns: 71495743596134400
40 47 -15
49 54 -25
50 53 -35
51 52 -15
52 51 5
53 50 -5
54 49 -15
55 48 -20
white_pawns: 326400
8 55 5
9 54 15
11 52 -5
12 51 -25
13 50 -15
14 49 -5
15 48 0
18 45 -10
black_pawns: 71495743596134400
40 47 -15
49 54 -25
50 53 -35
51 52 -15
52 51 5
53 50 -5
54 49 -15
55 48 -20
white_pawns: 326400
8 55 5
9 54 15
11 52 -5
12 51 -25
13 50 -15
14 49 -5
15 48 0
18 45 -10
black_pawns: 71495743596134400
40 47 -15
49 54 -25
50 53 -35
51 52 -15
52 51 5
53 50 -5
54 49 -15
55 48 -20
white_pawns: 326400
8 55 5
9 54 15
11 52 -5
12 51 -25
13 50 -15
14 49 -5
15 48 0
18 45 -10
black_pawns: 71495743596134400
40 47 -15
49 54 -25
50 53 -35
51 52 -15
52 51 5
53 50 -5
54 49 -15
55 48 -20
white_pawns: 391680
9 54 10
11 52 -10
12 51 -30
13 50 -20
14 49 -10
15 48 -5
16 47 0
18 45 -10
black_pawns: 71215368131051520
41 46 -5
48 55 -10
50 53 -20
51 52 0
52 51 20
53 50 10
54 49 0
55 48 -5
white_pawns: 456960
8 55 5
11 52 -15
12 51 -35
13 50 -25
14 49 -15
15 48 -10
17 46 -15
18 45 -25
black_pawns: 71215368131051520
41 46 -20
48 55 -25
50 53 -35
51 52 -15
52 51 5
53 50 -5
54 49 -15
55 48 -20
white_pawns: 848640
8 55 5
9 54 15
12 51 -5
13 50 5
14 49 15
15 48 20
18 45 10
19 44 10
black_pawns: 71215368131051520
41 46 15
48 55 10
50 53 0
51 52 20
52 51 40
53 50 30
54 49 20
55 48 15
white_pawns: 1370880
8 55 5
9 54 15
11 52 -5
13 50 5
14 49 15
15 48 20
18 45 10
20 43 10
black_pawns: 71215368131051520
41 46 15
48 55 10
50 53 0
51 52 20
52 51 40
53 50 30
54 49 20
55 48 15
white_pawns: 2415360
8 55 5
9 54 15
11 52 -5
12 51 -25
14 49 -15
15 48 -10
18 45 -20
21 42 -30
black_pawns: 71215368131051520
41 46 -25
48 55 -30
50 53 -40
51 52 -20
52 51 0
53 50 -10
54 49 -20
55 48 -25
white_pawns: 4504320
8 55 5
9 54 15
11 52 -5
12 51 -25
13 50 -15
15 48 -10
18 45 -20
22 41 -25
black_pawns: 71215368131051520
41 46 -20
48 55 -25
50 53 -35
51 52 -15
52 51 5
53 50 -5
54 49 -15
55 48 -20
white_pawns: 8682240
8 55 5
9 54 15
11 52 -5
12 51 -25
13 50 -15
14 49 -5
18 45 -15
23 40 -10
black_pawns: 71215368131051520
41 46 -5
48 55 -10
50 53 -20
51 52 0
52 51 20
53 50 10
54 49 0
55 48 -5
white_pawns: 67173120
8 55 5
9 54 15
11 52 -5
12 51 -25
13 50 -15
14 49 -5
15 48 0
26 37 0
black_pawns: 71215368131051520
41 46 5
48 55 0
50 53 -10
51 52 10
52 51 30
53 50 20
54 49 10
55 48 5
white_pawns: 17103360
9 54 10
11 52 -10
12 51 -30
13 50 -20
14 49 -10
15 48 -5
18 45 -15
24 39 -15
black_pawns: 71215368131051520
41 46 -10
48 55 -15
50 53 -25
51 52 -5
52 51 15
53 50 5
54 49 -5
55 48 -10
white_pawns: 33880320
8 55 5
11 52 -15
12 51 -35
13 50 -25
14 49 -15
15 48 -10
18 45 -20
25 38 -20
black_pawns: 71215368131051520
41 46 -15
48 55 -20
50 53 -30
51 52 -10
52 51 10
53 50 0
54 49 -10
55 48 -15
white_pawns: 134542080
8 55 5
9 54 15
12 51 -5
13 50 5
14 49 15
15 48 20
18 45 10
27 36 30
black_pawns: 71215368131051520
41 46 35
48 55 30
50 53 20
51 52 40
52 51 60
53 50 50
54 49 40
55 48 35
white_pawns: 268757760
8 55 5
9 54 15
11 52 -5
13 50 5
14 49 15
15 48 20
18 45 10
28 35 30
black_pawns: 71215368131051520
41 46 35
48 55 30
50 53 20
51 52 40
52 51 60
53 50 50
54 49 40
55 48 35
white_pawns: 537189120
8 55 5
9 54 15
11 52 -5
12 51 -25
14 49 -15
15 48 -10
18 45 -20
29 34 -20
black_pawns: 71215368131051520
41 46 -15
48 55 -20
50 53 -30
51 52 -10
52 51 10
53 50 0
54 49 -10
55 48 -15
white_pawns: 1074051840
8 55 5
9 54 15
11 52 -5
12 51 -25
13 50 -15
15 48 -10
18 45 -20
30 33 -20
black_pawns: 71215368131051520
41 46 -15
48 55 -20
50 53 -30
51 52 -10
52 51 10
53 50 0
54 49 -10
55 48 -15
white_pawns: 2147777280
8 55 5
9 54 15
11 52 -5
12 51 -25
13 50 -15
14 49 -5
18 45 -15
31 32 -15
black_pawns: 71215368131051520
41 46 -10
48 55 -15
50 53 -25
51 52 -5
52 51 15
53 50 5
54 49 -5
55 48 -10
white_pawns: 326400
8 55 5
9 54 15
11 52 -5
12 51 -25
13 50 -15
14 49 -5
15 48 0
18 45 -10
black_pawns: 71215368131051520
41 46 -5
48 55 -10
50 53 -20
51 52 0
52 51 20
53 50 10
54 49 0
55 48 -5
white_pawns: 326400
8 55 5
9 54 15
11 52 -5
12 51 -25
13 50 -15
14 49 -5
15 48 0
18 45 -10
black_pawns: 71215368131051520
41 46 -5
48 55 -10
50 53 -20
51 52 0
52 51 20
53 50 10
54 49 0
55 48 -5
white_pawns: 326400
8 55 5
9 54 15
11 52 -5
12 51 -25
13 50 -15
14 49 -5
15 48 0
18 45 -10
black_pawns: 71215368131051520
41 46 -5
48 55 -10
50 53 -20
51 52 0
52 51 20
53 50 10
54 49 0
55 48 -5
white_pawns: 326400
8 55 5
9 54 15
11 52 -5
12 51 -25
13 50 -15
14 49 -5
15 48 0
18 45 -10
black_pawns: 71215368131051520
41 46 -5
48 55 -10
50 53 -20
51 52 0
52 51 20
53 50 10
54 49 0
55 48 -5
white_pawns: 391680
9 54 10
11 52 -10
12 51 -30
13 50 -20
14 49 -10
15 48 -5
16 47 0
18 45 -10
black_pawns: 70654617200885760
42 45 0
48 55 -5
49 54 -15
51 52 5
52 51 25
53 50 15
54 49 5
55 48 0
white_pawns: 456960
8 55 5
11 52 -15
12 51 -35
13 50 -25
14 49 -15
15 48 -10
17 46 -15
18 45 -25
black_pawns: 70654617200885760
42 45 -15
48 55 -20
49 54 -30
51 52 -10
52 51 10
53 50 0
54 49 -10
55 48 -15
white_pawns: 848640
8 55 5
9 54 15
12 51 -5
13 50 5
14 49 15
15 48 20
18 45 10
19 44 10
black_pawns: 70654617200885760
42 45 20
48 55 15
49 54 5
51 52 25
52 51 45
53 50 35
54 49 25
55 48 20
white_pawns: 391680
9 54 10
11 52 -10
12 51 -30
13 50 -20
14 49 -10
15 48 -5
16 47 0
18 45 -10
black_pawns: 69533115340554240
43 44 -10
48 55 -15
49 54 -25
50 53 -35
52 51 -15
53 50 -25
54 49 -35
55 48 -40
white_pawns: 456960
8 55 5
11 52 -15
12 51 -35
13 50 -25
14 49 -15
15 48 -10
17 46 -15
18 45 -25
black_pawns: 69533115340554240
43 44 -25
48 55 -30
49 54 -40
50 53 -50
52 51 -30
53 50 -40
54 49 -50
55 48 -55
white_pawns: 848640
8 55 5
9 54 15
12 51 -5
13 50 5
14 49 15
15 48 20
18 45 10
19 44 10
black_pawns: 69533115340554240
43 44 10
48 55 5
49 54 -5
50 53 -15
52 51 5
53 50 -5
54 49 -15
55 48 -20
white_pawns: 1370880
8 55 5
9 54 15
11 52 -5
13 50 5
14 49 15
15 48 20
18 45 10
20 43 10
black_pawns: 69533115340554240
43 44 10
48 55 5
49 54 -5
50 53 -15
52 51 5
53 50 -5
54 49 -15
55 48 -20
white_pawns: 2415360
8 55 5
9 54 15
11 52 -5
12 51 -25
14 49 -15
15 48 -10
18 45 -20
21 42 -30
black_pawns: 69533115340554240
43 44 -30
48 55 -35
49 54 -45
50 53 -55
52 51 -35
53 50 -45
54 49 -55
55 48 -60
white_pawns: 4504320
8 55 5
9 54 15
11 52 -5
12 51 -25
13 50 -15
15 48 -10
18 45 -20
22 41 -25
black_pawns: 69533115340554240
43 44 -25
48 55 -30
49 54 -40
50 53 -50
52 51 -30
53 50 -40
54 49 -50
55 48 -55
white_pawns: 8682240
8 55 5
9 54 15
11 52 -5
12 51 -25
13 50 -15
14 49 -5
18 45 -15
23 40 -10
black_pawns: 69533115340554240
43 44 -10
48 55 -15
49 54 -25
50 53 -35
52 51 -15
53 50 -25
54 49 -35
55 48 -40
white_pawns: 67173120
8 55 5
9 54 15
11 52 -5
12 51 -25
13 50 -15
14 49 -5
15 48 0
26 37 0
black_pawns: 69533115340554240
43 44 0
48 55 -5
49 54 -15
50 53 -25
52 51 -5
53 50 -15
54 49 -25
55 48 -30
white_pawns: 17103360
9 54 10
11 52 -10
12 51 -30
13 50 -20
14 49 -10
15 48 -5
18 45 -15
24 39 -15
black_pawns: 69533115340554240
43 44 -15
48 55 -20
49 54 -30
50 53 -40
52 51 -20
53 50 -30
54 49 -40
55 48 -45
white_pawns: 33880320
8 55 5
11 52 -15
12 51 -35
13 50 -25
14 49 -15
15 48 -10
18 45 -20
25 38 -20
black_pawns: 69533115340554240
43 44 -20
48 55 -25
49 54 -35
50 53 -45
52 51 -25
53 50 -35
54 49 -45
55 48 -50
white_pawns: 134542080
8 55 5
9 54 15
12 51 -5
13 50 5
14 49 15
15 48 20
18 45 10
27 36 30
black_pawns: 69533115340554240
43 44 30
48 55 25
49 54 15
50 53 5
52 51 25
53 50 15
54 49 5
55 48 0
white_pawns: 268757760
8 55 5
9 54 15
11 52 -5
13 50 5
14 49 15
15 48 20
18 45 10
28 35 30
black_pawns: 69533115340554240
43 44 30
48 55 25
49 54 15
50 53 5
52 51 25
53 50 15
54 49 5
55 48 0
white_pawns: 537189120
8 55 5
9 54 15
11 52 -5
12 51 -25
14 49 -15
15 48 -10
18 45 -20
29 34 -20
black_pawns: 69533115340554240
43 44 -20
48 55 -25
49 54 -35
50 53 -45
52 51 -25
53 50 -35
54 49 -45
55 48 -50
white_pawns: 1074051840
8 55 5
9 54 15
11 52 -5
12 51 -25
13 50 -15
15 48 -10
18 45 -20
30 33 -20
black_pawns: 69533115340554240
43 44 -20
48 55 -25
49 54 -35
50 53 -45
52 51 -25
53 50 -35
54 49 -45
55 48 -50
white_pawns: 2147777280
8 55 5
9 54 15
11 52 -5
12 51 -25
13 50 -15
14 49 -5
18 45 -15
31 32 -15
black_pawns: 69533115340554240
43 44 -15
48 55 -20
49 54 -30
50 53 -40
52 51 -20
53 50 -30
54 49 -40
55 48 -45
white_pawns: 326400
8 55 5
9 54 15
11 52 -5
12 51 -25
13 50 -15
14 49 -5
15 48 0
18 45 -10
black_pawns: 69533115340554240
43 44 -10
48 55 -15
49 54 -25
50 53 -35
52 51 -15
53 50 -25
54 49 -35
55 48 -40
white_pawns: 326400
8 55 5
9 54 15
11 52 -5
12 51 -25
13 50 -15
14 49 -5
15 48 0
18 45 -10
black_pawns: 69533115340554240
43 44 -10
48 55 -15
49 54 -25
50 53 -35
52 51 -15
53 50 -25
54 49 -35
55 48 -40
white_pawns: 326400
8 55 5
9 54 15
11 52 -5
12 51 -25
13 50 -15
14 49 -5
15 48 0
18 45 -10
black_pawns: 69533115340554240
43 44 -10
48 55 -15
49 54 -25
50 53 -35
52 51 -15
53 50 -25
54 49 -35
55 48 -40
white_pawns: 326400
8 55 5
9 54 15
11 52 -5
12 51 -25
13 50 -15
14 49 -5
15 48 0
18 45 -10
black_pawns: 69533115340554240
43 44 -10
48 55 -15
49 54 -25
50 53 -35
52 51 -15
53 50 -25
54 49 -35
55 48 -40
white_pawns: 391680
9 54 10
11 52 -10
12 51 -30
13 50 -20
14 49 -10
15 48 -5
16 47 0
18 45 -10
black_pawns: 67290111619891200
44 43 -10
48 55 -15
49 54 -25
50 53 -35
51 52 -15
53 50 -25
54 49 -35
55 48 -40
white_pawns: 326144
9 54 10
11 52 -10
12 51 -30
13 50 -20
14 49 -10
15 48 -5
18 45 -15
black_pawns: 67290111619891200
44 43 -15
48 55 -20
49 54 -30
50 53 -40
51 52 -20
53 50 -30
54 49 -40
55 48 -45
white_pawns: 391168
11 52 -20
12 51 -40
13 50 -30
14 49 -20
15 48 -15
16 47 -10
18 45 -20
black_pawns: 67290111619891200
44 43 -20
48 55 -25
49 54 -35
50 53 -45
51 52 -25
53 50 -35
54 49 -45
55 48 -50
white_pawns: 456960
8 55 5
11 52 -15
12 51 -35
13 50 -25
14 49 -15
15 48 -10
17 46 -15
18 45 -25
black_pawns: 67290111619891200
44 43 -25
48 55 -30
49 54 -40
50 53 -50
51 52 -30
53 50 -40
54 49 -50
55 48 -55
white_pawns: 848640
8 55 5
9 54 15
12 51 -5
13 50 5
14 49 15
15 48 20
18 45 10
19 44 10
black_pawns: 67290111619891200
44 43 10
48 55 5
49 54 -5
50 53 -15
51 52 5
53 50 -5
54 49 -15
55 48 -20
white_pawns: 1370880
8 55 5
9 54 15
11 52 -5
13 50 5
14 49 15
15 48 20
18 45 10
20 43 10
black_pawns: 67290111619891200
44 43 10
48 55 5
49 54 -5
50 53 -15
51 52 5
53 50 -5
54 49 -15
55 48 -20
white_pawns: 2415360
8 55 5
9 54 15
11 52 -5
12 51 -25
14 49 -15
15 48 -10
18 45 -20
21 42 -30
black_pawns: 67290111619891200
44 43 -30
48 55 -35
49 54 -45
50 53 -55
51 52 -35
53 50 -45
54 49 -55
55 48 -60
white_pawns: 4504320
8 55 5
9 54 15
11 52 -5
12 51 -25
13 50 -15
15 48 -10
18 45 -20
22 41 -25
black_pawns: 67290111619891200
44 43 -25
48 55 -30
49 54 -40
50 53 -50
51 52 -30
53 50 -40
54 49 -50
55 48 -55
white_pawns: 8682240
8 55 5
9 54 15
11 52 -5
12 51 -25
13 50 -15
14 49 -5
18 45 -15
23 40 -10
black_pawns: 67290111619891200
44 43 -10
48 55 -15
49 54 -25
50 53 -35
51 52 -15
53 50 -25
54 49 -35
55 48 -40
white_pawns: 67173120
8 55 5
9 54 15
11 52 -5
12 51 -25
13 50 -15
14 49 -5
15 48 0
26 37 0
black_pawns: 67290111619891200
44 43 0
48 55 -5
49 54 -15
50 53 -25
51 52 -5
53 50 -15
54 49 -25
55 48 -30
white_pawns: 17103360
9 54 10
11 52 -10
12 51 -30
13 50 -20
14 49 -10
15 48 -5
18 45 -15
24 39 -15
black_pawns: 67290111619891200
44 43 -15
48 55 -20
49 54 -30
50 53 -40
51 52 -20
53 50 -30
54 49 -40
55 48 -45
white_pawns: 33880320
8 55 5
11 52 -15
12 51 -35
13 50 -25
14 49 -15
15 48 -10
18 45 -20
25 38 -20
black_pawns: 67290111619891200
44 43 -20
48 55 -25
49 54 -35
50 53 -45
51 52 -25
53 50 -35
54 49 -45
55 48 -50
white_pawns: 134542080
8 55 5
9 54 15
12 51 -5
13 50 5
14 49 15
15 48 20
18 45 10
27 36 30
black_pawns: 67290111619891200
44 43 30
48 55 25
49 54 15
50 53 5
51 52 25
53 50 15
54 49 5
55 48 0
white_pawns: 391680
9 54 10
11 52 -10
12 51 -30
13 50 -20
14 49 -10
15 48 -5
16 47 0
18 45 -10
black_pawns: 62804104178565120
45 42 0
48 55 -5
49 54 -15
50 53 -25
51 52 -5
52 51 15
54 49 5
55 48 0
white_pawns: 391680
9 54 10
11 52 -10
12 51 -30
13 50 -20
14 49 -10
15 48 -5
16 47 0
18 45 -10
black_pawns: 53832089295912960
46 41 -5
48 55 -10
49 54 -20
50 53 -30
51 52 -10
52 51 10
53 50 0
55 48 -5
white_pawns: 456960
8 55 5
11 52 -15
12 51 -35
13 50 -25
14 49 -15
15 48 -10
17 46 -15
18 45 -25
black_pawns: 53832089295912960
46 41 -20
48 55 -25
49 54 -35
50 53 -45
51 52 -25
52 51 -5
53 50 -15
55 48 -20
white_pawns: 848640
8 55 5
9 54 15
12 51 -5
13 50 5
14 49 15
15 48 20
18 45 10
19 44 10
black_pawns: 53832089295912960
46 41 15
48 55 10
49 54 0
50 53 -10
51 52 10
52 51 30
53 50 20
55 48 15
white_pawns: 391680
9 54 10
11 52 -10
12 51 -30
13 50 -20
14 49 -10
15 48 -5
16 47 0
18 45 -10
black_pawns: 35888059530608640
47 40 -15
48 55 -20
49 54 -30
50 53 -40
51 52 -20
52 51 0
53 50 -10
54 49 -20
white_pawns: 456960
8 55 5
11 52 -15
12 51 -35
13 50 -25
14 49 -15
15 48 -10
17 46 -15
18 45 -25
black_pawns: 35888059530608640
47 40 -30
48 55 -35
49 54 -45
50 53 -55
51 52 -35
52 51 -15
53 50 -25
54 49 -35
white_pawns: 848640
8 55 5
9 54 15
12 51 -5
13 50 5
14 49 15
15 48 20
18 45 10
19 44 10
black_pawns: 35888059530608640
47 40 5
48 55 0
49 54 -10
50 53 -20
51 52 0
52 51 20
53 50 10
54 49 0
white_pawns: 391680
9 54 10
11 52 -10
12 51 -30
13 50 -20
14 49 -10
15 48 -5
16 47 0
18 45 -10
black_pawns: 71494648379473920
32 39 -10
49 54 -20
50 53 -30
51 52 -10
52 51 10
53 50 0
54 49 -10
55 48 -15
white_pawns: 456960
8 55 5
11 52 -15
12 51 -35
13 50 -25
14 49 -15
15 48 -10
17 46 -15
18 45 -25
black_pawns: 71494648379473920
32 39 -25
49 54 -35
50 53 -45
51 52 -25
52 51 -5
53 50 -15
54 49 -25
55 48 -30
white_pawns: 848640
8 55 5
9 54 15
12 51 -5
13 50 5
14 49 15
15 48 20
18 45 10
19 44 10
black_pawns: 71494648379473920
32 39 10
49 54 0
50 53 -10
51 52 10
52 51 30
53 50 20
54 49 10
55 48 5
white_pawns: 391680
9 54 10
11 52 -10
12 51 -30
13 50 -20
14 49 -10
15 48 -5
16 47 0
18 45 -10
black_pawns: 71213177697730560
33 38 -10
48 55 -15
50 53 -25
51 52 -5
52 51 15
53 50 5
54 49 -5
55 48 -10
white_pawns: 456960
8 55 5
11 52 -15
12 51 -35
13 50 -25
14 49 -15
15 48 -10
17 46 -15
18 45 -25
black_pawns: 71213177697730560
33 38 -25
48 55 -30
50 53 -40
51 52 -20
52 51 0
53 50 -10
54 49 -20
55 48 -25
white_pawns: 848640
8 55 5
9 54 15
12 51 -5
13 50 5
14 49 15
15 48 20
18 45 10
19 44 10
black_pawns: 71213177697730560
33 38 10
48 55 5
50 53 -5
51 52 15
52 51 35
53 50 25
54 49 15
55 48 10
white_pawns: 391680
9 54 10
11 52 -10
12 51 -30
13 50 -20
14 49 -10
15 48 -5
16 47 0
18 45 -10
black_pawns: 70650236334243840
34 37 -10
48 55 -15
49 54 -25
51 52 -5
52 51 15
53 50 5
54 49 -5
55 48 -10
white_pawns: 391680
9 54 10
11 52 -10
12 51 -30
13 50 -20
14 49 -10
15 48 -5
16 47 0
18 45 -10
black_pawns: 69524353607270400
35 36 -30
48 55 -35
49 54 -45
50 53 -55
52 51 -35
53 50 -45
54 49 -55
55 48 -60
white_pawns: 456960
8 55 5
11 52 -15
12 51 -35
13 50 -25
14 49 -15
15 48 -10
17 46 -15
18 45 -25
black_pawns: 69524353607270400
35 36 -45
48 55 -50
49 54 -60
50 53 -70
52 51 -50
53 50 -60
54 49 -70
55 48 -75
white_pawns: 848640
8 55 5
9 54 15
12 51 -5
13 50 5
14 49 15
15 48 20
18 45 10
19 44 10
black_pawns: 69524353607270400
35 36 -10
48 55 -15
49 54 -25
50 53 -35
52 51 -15
53 50 -25
54 49 -35
55 48 -40
white_pawns: 1370880
8 55 5
9 54 15
11 52 -5
13 50 5
14 49 15
15 48 20
18 45 10
20 43 10
black_pawns: 69524353607270400
35 36 -10
48 55 -15
49 54 -25
50 53 -35
52 51 -15
53 50 -25
54 49 -35
55 48 -40
white_pawns: 2415360
8 55 5
9 54 15
11 52 -5
12 51 -25
14 49 -15
15 48 -10
18 45 -20
21 42 -30
black_pawns: 69524353607270400
35 36 -50
48 55 -55
49 54 -65
50 53 -75
52 51 -55
53 50 -65
54 49 -75
55 48 -80
white_pawns: 4504320
8 55 5
9 54 15
11 52 -5
12 51 -25
13 50 -15
15 48 -10
18 45 -20
22 41 -25
black_pawns: 69524353607270400
35 36 -45
48 55 -50
49 54 -60
50 53 -70
52 51 -50
53 50 -60
54 49 -70
55 48 -75
white_pawns: 8682240
8 55 5
9 54 15
11 52 -5
12 51 -25
13 50 -15
14 49 -5
18 45 -15
23 40 -10
black_pawns: 69524353607270400
35 36 -30
48 55 -35
49 54 -45
50 53 -55
52 51 -35
53 50 -45
54 49 -55
55 48 -60
white_pawns: 67173120
8 55 5
9 54 15
11 52 -5
12 51 -25
13 50 -15
14 49 -5
15 48 0
26 37 0
black_pawns: 69524353607270400
35 36 -20
48 55 -25
49 54 -35
50 53 -45
52 51 -25
53 50 -35
54 49 -45
55 48 -50
white_pawns: 17103360
9 54 10
11 52 -10
12 51 -30
13 50 -20
14 49 -10
15 48 -5
18 45 -15
24 39 -15
black_pawns: 69524353607270400
35 36 -35
48 55 -40
49 54 -50
50 53 -60
52 51 -40
53 50 -50
54 49 -60
55 48 -65
white_pawns: 33880320
8 55 5
11 52 -15
12 51 -35
13 50 -25
14 49 -15
15 48 -10
18 45 -20
25 38 -20
black_pawns: 69524353607270400
35 36 -40
48 55 -45
49 54 -55
50 53 -65
52 51 -45
53 50 -55
54 49 -65
55 48 -70
white_pawns: 134542080
8 55 5
9 54 15
12 51 -5
13 50 5
14 49 15
15 48 20
18 45 10
27 36 30
black_pawns: 69524353607270400
35 36 10
48 55 5
49 54 -5
50 53 -15
52 51 5
53 50 -5
54 49 -15
55 48 -20
white_pawns: 268757760
8 55 5
9 54 15
11 52 -5
13 50 5
14 49 15
15 48 20
18 45 10
28 35 30
black_pawns: 69524353607270400
35 36 10
48 55 5
49 54 -5
50 53 -15
52 51 5
53 50 -5
54 49 -15
55 48 -20
white_pawns: 322304
8 55 5
9 54 15
11 52 -5
13 50 5
14 49 15
15 48 20
18 45 10
black_pawns: 69524319515967488
28 27 -15
48 55 -20
49 54 -30
50 53 -40
52 51 -20
53 50 -30
54 49 -40
55 48 -45
white_pawns: 322304
8 55 5
9 54 15
11 52 -5
13 50 5
14 49 15
15 48 20
18 45 10
black_pawns: 69524319247532032
48 55 5
49 54 -5
50 53 -15
52 51 5
53 50 -5
54 49 -15
55 48 -20
white_pawns: 537189120
8 55 5
9 54 15
11 52 -5
12 51 -25
14 49 -15
15 48 -10
18 45 -20
29 34 -20
black_pawns: 69524353607270400
35 36 -40
48 55 -45
49 54 -55
50 53 -65
52 51 -45
53 50 -55
54 49 -65
55 48 -70
white_pawns: 1074051840
8 55 5
9 54 15
11 52 -5
12 51 -25
13 50 -15
15 48 -10
18 45 -20
30 33 -20
black_pawns: 69524353607270400
35 36 -40
48 55 -45
49 54 -55
50 53 -65
52 51 -45
53 50 -55
54 49 -65
55 48 -70
white_pawns: 2147777280
8 55 5
9 54 15
11 52 -5
12 51 -25
13 50 -15
14 49 -5
18 45 -15
31 32 -15
black_pawns: 69524353607270400
35 36 -35
48 55 -40
49 54 -50
50 53 -60
52 51 -40
53 50 -50
54 49 -60
55 48 -65
white_pawns: 326400
8 55 5
9 54 15
11 52 -5
12 51 -25
13 50 -15
14 49 -5
15 48 0
18 45 -10
black_pawns: 69524353607270400
35 36 -30
48 55 -35
49 54 -45
50 53 -55
52 51 -35
53 50 -45
54 49 -55
55 48 -60
white_pawns: 326400
8 55 5
9 54 15
11 52 -5
12 51 -25
13 50 -15
14 49 -5
15 48 0
18 45 -10
black_pawns: 69524353607270400
35 36 -30
48 55 -35
49 54 -45
50 53 -55
52 51 -35
53 50 -45
54 49 -55
55 48 -60
white_pawns: 326400
8 55 5
9 54 15
11 52 -5
12 51 -25
13 50 -15
14 49 -5
15 48 0
18 45 -10
black_pawns: 69524353607270400
35 36 -30
48 55 -35
49 54 -45
50 53 -55
52 51 -35
53 50 -45
54 49 -55
55 48 -60
white_pawns: 326400
8 55 5
9 54 15
11 52 -5
12 51 -25
13 50 -15
14 49 -5
15 48 0
18 45 -10
black_pawns: 69524353607270400
35 36 -30
48 55 -35
49 54 -45
50 53 -55
52 51 -35
53 50 -45
54 49 -55
55 48 -60
white_pawns: 391680
9 54 10
11 52 -10
12 51 -30
13 50 -20
14 49 -10
15 48 -5
16 47 0
18 45 -10
black_pawns: 67272588153323520
36 35 -30
48 55 -35
49 54 -45
50 53 -55
51 52 -35
53 50 -45
54 49 -55
55 48 -60
white_pawns: 326144
9 54 10
11 52 -10
12 51 -30
13 50 -20
14 49 -10
15 48 -5
18 45 -15
black_pawns: 67272588153323520
36 35 -35
48 55 -40
49 54 -50
50 53 -60
51 52 -40
53 50 -50
54 49 -60
55 48 -65
white_pawns: 391168
11 52 -20
12 51 -40
13 50 -30
14 49 -20
15 48 -15
16 47 -10
18 45 -20
black_pawns: 67272588153323520
36 35 -40
48 55 -45
49 54 -55
50 53 -65
51 52 -45
53 50 -55
54 49 -65
55 48 -70
white_pawns: 456960
8 55 5
11 52 -15
12 51 -35
13 50 -25
14 49 -15
15 48 -10
17 46 -15
18 45 -25
black_pawns: 67272588153323520
36 35 -45
48 55 -50
49 54 -60
50 53 -70
51 52 -50
53 50 -60
54 49 -70
55 48 -75
white_pawns: 848640
8 55 5
9 54 15
12 51 -5
13 50 5
14 49 15
15 48 20
18 45 10
19 44 10
black_pawns: 67272588153323520
36 35 -10
48 55 -15
49 54 -25
50 53 -35
51 52 -15
53 50 -25
54 49 -35
55 48 -40
white_pawns: 1370880
8 55 5
9 54 15
11 52 -5
13 50 5
14 49 15
15 48 20
18 45 10
20 43 10
black_pawns: 67272588153323520
36 35 -10
48 55 -15
49 54 -25
50 53 -35
51 52 -15
53 50 -25
54 49 -35
55 48 -40
white_pawns: 2415360
8 55 5
9 54 15
11 52 -5
12 51 -25
14 49 -15
15 48 -10
18 45 -20
21 42 -30
black_pawns: 67272588153323520
36 35 -50
48 55 -55
49 54 -65
50 53 -75
51 52 -55
53 50 -65
54 49 -75
55 48 -80
white_pawns: 4504320
8 55 5
9 54 15
11 52 -5
12 51 -25
13 50 -15
15 48 -10
18 45 -20
22 41 -25
black_pawns: 67272588153323520
36 35 -45
48 55 -50
49 54 -60
50 53 -70
51 52 -50
53 50 -60
54 49 -70
55 48 -75
white_pawns: 8682240
8 55 5
9 54 15
11 52 -5
12 51 -25
13 50 -15
14 49 -5
18 45 -15
23 40 -10
black_pawns: 67272588153323520
36 35 -30
48 55 -35
49 54 -45
50 53 -55
51 52 -35
53 50 -45
54 49 -55
55 48 -60
white_pawns: 67173120
8 55 5
9 54 15
11 52 -5
12 51 -25
13 50 -15
14 49 -5
15 48 0
26 37 0
black_pawns: 67272588153323520
36 35 -20
48 55 -25
49 54 -35
50 53 -45
51 52 -25
53 50 -35
54 49 -45
55 48 -50
white_pawns: 17103360
9 54 10
11 52 -10
12 51 -30
13 50 -20
14 49 -10
15 48 -5
18 45 -15
24 39 -15
black_pawns: 67272588153323520
36 35 -35
48 55 -40
49 54 -50
50 53 -60
51 52 -40
53 50 -50
54 49 -60
55 48 -65
white_pawns: 33880320
8 55 5
11 52 -15
12 51 -35
13 50 -25
14 49 -15
15 48 -10
18 45 -20
25 38 -20
black_pawns: 67272588153323520
36 35 -40
48 55 -45
49 54 -55
50 53 -65
51 52 -45
53 50 -55
54 49 -65
55 48 -70
white_pawns: 134542080
8 55 5
9 54 15
12 51 -5
13 50 5
14 49 15
15 48 20
18 45 10
27 36 30
black_pawns: 67272588153323520
36 35 10
48 55 5
49 54 -5
50 53 -15
51 52 5
53 50 -5
54 49 -15
55 48 -20
white_pawns: 324352
8 55 5
9 54 15
12 51 -5
13 50 5
14 49 15
15 48 20
18 45 10
black_pawns: 67272519568064512
27 28 -15
48 55 -20
49 54 -30
50 53 -40
51 52 -20
53 50 -30
54 49 -40
55 48 -45
white_pawns: 134279936
8 55 5
9 54 15
12 51 -5
13 50 5
14 49 15
15 48 20
27 36 40
black_pawns: 67272519433846784
48 55 35
49 54 25
50 53 15
51 52 35
53 50 25
54 49 15
55 48 10
white_pawns: 134275840
8 55 5
9 54 15
13 50 25
14 49 35
15 48 40
27 36 60
black_pawns: 67272519433846784
48 55 55
49 54 45
50 53 35
51 52 55
53 50 45
54 49 35
55 48 30
white_pawns: 134275840
8 55 5
9 54 15
13 50 25
14 49 35
15 48 40
27 36 60
black_pawns: 67272519433846784
48 55 55
49 54 45
50 53 35
51 52 55
53 50 45
54 49 35
55 48 30
white_pawns: 391680
9 54 10
11 52 -10
12 51 -30
13 50 -20
14 49 -10
15 48 -5
16 47 0
18 45 -10
black_pawns: 62769057245429760
37 34 -10
48 55 -15
49 54 -25
50 53 -35
51 52 -15
52 51 5
54 49 -5
55 48 -10
white_pawns: 391680
9 54 10
11 52 -10
12 51 -30
13 50 -20
14 49 -10
15 48 -5
16 47 0
18 45 -10
black_pawns: 53761995429642240
38 33 -10
48 55 -15
49 54 -25
50 53 -35
51 52 -15
52 51 5
53 50 -5
55 48 -10
white_pawns: 391680
9 54 10
11 52 -10
12 51 -30
13 50 -20
14 49 -10
15 48 -5
16 47 0
18 45 -10
black_pawns: 35747871798067200
39 32 -10
48 55 -15
49 54 -25
50 53 -35
51 52 -15
52 51 5
53 50 -5
54 49 -15
white_pawns: 456960
8 55 5
11 52 -15
12 51 -35
13 50 -25
14 49 -15
15 48 -10
17 46 -15
18 45 -25
black_pawns: 35747871798067200
39 32 -25
48 55 -30
49 54 -40
50 53 -50
51 52 -30
52 51 -10
53 50 -20
54 49 -30
white_pawns: 391680
9 54 10
11 52 -10
12 51 -30
13 50 -20
14 49 -10
15 48 -5
16 47 0
18 45 -10
black_pawns: 71776119061217280
48 55 -15
49 54 -25
50 53 -35
51 52 -15
52 51 5
53 50 -5
54 49 -15
55 48 -20
white_pawns: 456960
8 55 5
11 52 -15
12 51 -35
13 50 -25
14 49 -15
15 48 -10
17 46 -15
18 45 -25
black_pawns: 71776119061217280
48 55 -30
49 54 -40
50 53 -50
51 52 -30
52 51 -10
53 50 -20
54 49 -30
55 48 -35
white_pawns: 848640
8 55 5
9 54 15
12 51 -5
13 50 5
14 49 15
15 48 20
18 45 10
19 44 10
black_pawns: 71776119061217280
48 55 5
49 54 -5
50 53 -15
51 52 5
52 51 25
53 50 15
54 49 5
55 48 0
white_pawns: 391680
9 54 10
11 52 -10
12 51 -30
13 50 -20
14 49 -10
15 48 -5
16 47 0
18 45 -10
black_pawns: 71776119061217280
48 55 -15
49 54 -25
50 53 -35
51 52 -15
52 51 5
53 50 -5
54 49 -15
55 48 -20
white_pawns: 456960
8 55 5
11 52 -15
12 51 -35
13 50 -25
14 49 -15
15 48 -10
17 46 -15
18 45 -25
black_pawns: 71776119061217280
48 55 -30
49 54 -40
50 53 -50
51 52 -30
52 51 -10
53 50 -20
54 49 -30
55 48 -35
white_pawns: 848640
8 55 5
9 54 15
12 51 -5
13 50 5
14 49 15
15 48 20
18 45 10
19 44 10
black_pawns: 71776119061217280
48 55 5
49 54 -5
50 53 -15
51 52 5
52 51 25
53 50 15
54 49 5
55 48 0
white_pawns: 1370880
8 55 5
9 54 15
11 52 -5
13 50 5
14 49 15
15 48 20
18 45 10
20 43 10
black_pawns: 71776119061217280
48 55 5
49 54 -5
50 53 -15
51 52 5
52 51 25
53 50 15
54 49 5
55 48 0
white_pawns: 2415360
8 55 5
9 54 15
11 52 -5
12 51 -25
14 49 -15
15 48 -10
18 45 -20
21 42 -30
black_pawns: 71776119061217280
48 55 -35
49 54 -45
50 53 -55
51 52 -35
52 51 -15
53 50 -25
54 49 -35
55 48 -40
white_pawns: 4504320
8 55 5
9 54 15
11 52 -5
12 51 -25
13 50 -15
15 48 -10
18 45 -20
22 41 -25
black_pawns: 71776119061217280
48 55 -30
49 54 -40
50 53 -50
51 52 -30
52 51 -10
53 50 -20
54 49 -30
55 48 -35
white_pawns: 8682240
8 55 5
9 54 15
11 52 -5
12 51 -25
13 50 -15
14 49 -5
18 45 -15
23 40 -10
black_pawns: 71776119061217280
48 55 -15
49 54 -25
50 53 -35
51 52 -15
52 51 5
53 50 -5
54 49 -15
55 48 -20
white_pawns: 67173120
8 55 5
9 54 15
11 52 -5
12 51 -25
13 50 -15
14 49 -5
15 48 0
26 37 0
black_pawns: 71776119061217280
48 55 -5
49 54 -15
50 53 -25
51 52 -5
52 51 15
53 50 5
54 49 -5
55 48 -10
white_pawns: 17103360
9 54 10
11 52 -10
12 51 -30
13 50 -20
14 49 -10
15 48 -5
18 45 -15
24 39 -15
black_pawns: 71776119061217280
48 55 -20
49 54 -30
50 53 -40
51 52 -20
52 51 0
53 50 -10
54 49 -20
55 48 -25
white_pawns: 33880320
8 55 5
11 52 -15
12 51 -35
13 50 -25
14 49 -15
15 48 -10
18 45 -20
25 38 -20
black_pawns: 71776119061217280
48 55 -25
49 54 -35
50 53 -45
51 52 -25
52 51 -5
53 50 -15
54 49 -25
55 48 -30
white_pawns: 134542080
8 55 5
9 54 15
12 51 -5
13 50 5
14 49 15
15 48 20
18 45 10
27 36 30
black_pawns: 71776119061217280
48 55 25
49 54 15
50 53 5
51 52 25
52 51 45
53 50 35
54 49 25
55 48 20
white_pawns: 324352
8 55 5
9 54 15
12 51 -5
13 50 5
14 49 15
15 48 20
18 45 10
black_pawns: 71776119061217280
48 55 5
49 54 -5
50 53 -15
51 52 5
52 51 25
53 50 15
54 49 5
55 48 0
white_pawns: 134279936
8 55 5
9 54 15
12 51 -5
13 50 5
14 49 15
15 48 20
27 36 40
black_pawns: 71776119061217280
48 55 35
49 54 25
50 53 15
51 52 35
52 51 55
53 50 45
54 49 35
55 48 30
white_pawns: 391680
9 54 10
11 52 -10
12 51 -30
13 50 -20
14 49 -10
15 48 -5
16 47 0
18 45 -10
black_pawns: 71776119061217280
48 55 -15
49 54 -25
50 53 -35
51 52 -15
52 51 5
53 50 -5
54 49 -15
55 48 -20
white_pawns: 456960
8 55 5
11 52 -15
12 51 -35
13 50 -25
14 49 -15
15 48 -10
17 46 -15
18 45 -25
black_pawns: 71776119061217280
48 55 -30
49 54 -40
50 53 -50
51 52 -30
52 51 -10
53 50 -20
54 49 -30
55 48 -35
white_pawns: 848640
8 55 5
9 54 15
12 51 -5
13 50 5
14 49 15
15 48 20
18 45 10
19 44 10
black_pawns: 71776119061217280
48 55 5
49 54 -5
50 53 -15
51 52 5
52 51 25
53 50 15
54 49 5
55 48 0
white_pawns: 1370880
8 55 5
9 54 15
11 52 -5
13 50 5
14 49 15
15 48 20
18 45 10
20 43 10
black_pawns: 71776119061217280
48 55 5
49 54 -5
50 53 -15
51 52 5
52 51 25
53 50 15
54 49 5
55 48 0
white_pawns: 2415360
8 55 5
9 54 15
11 52 -5
12 51 -25
14 49 -15
15 48 -10
18 45 -20
21 42 -30
black_pawns: 71776119061217280
48 55 -35
49 54 -45
50 53 -55
51 52 -35
52 51 -15
53 50 -25
54 49 -35
55 48 -40
white_pawns: 4504320
8 55 5
9 54 15
11 52 -5
12 51 -25
13 50 -15
15 48 -10
18 45 -20
22 41 -25
black_pawns: 71776119061217280
48 55 -30
49 54 -40
50 53 -50
51 52 -30
52 51 -10
53 50 -20
54 49 -30
55 48 -35
white_pawns: 8682240
8 55 5
9 54 15
11 52 -5
12 51 -25
13 50 -15
14 49 -5
18 45 -15
23 40 -10
black_pawns: 71776119061217280
48 55 -15
49 54 -25
50 53 -35
51 52 -15
52 51 5
53 50 -5
54 49 -15
55 48 -20
white_pawns: 67173120
8 55 5
9 54 15
11 52 -5
12 51 -25
13 50 -15
14 49 -5
15 48 0
26 37 0
black_pawns: 71776119061217280
48 55 -5
49 54 -15
50 53 -25
51 52 -5
52 51 15
53 50 5
54 49 -5
55 48 -10
white_pawns: 17103360
9 54 10
11 52 -10
12 51 -30
13 50 -20
14 49 -10
15 48 -5
18 45 -15
24 39 -15
black_pawns: 71776119061217280
48 55 -20
49 54 -30
50 53 -40
51 52 -20
52 51 0
53 50 -10
54 49 -20
55 48 -25
white_pawns: 33880320
8 55 5
11 52 -15
12 51 -35
13 50 -25
14 49 -15
15 48 -10
18 45 -20
25 38 -20
black_pawns: 71776119061217280
48 55 -25
49 54 -35
50 53 -45
51 52 -25
52 51 -5
53 50 -15
54 49 -25
55 48 -30
white_pawns: 134542080
8 55 5
9 54 15
12 51 -5
13 50 5
14 49 15
15 48 20
18 45 10
27 36 30
black_pawns: 71776119061217280
48 55 25
49 54 15
50 53 5
51 52 25
52 51 45
53 50 35
54 49 25
55 48 20
white_pawns: 391680
9 54 10
11 52 -10
12 51 -30
13 50 -20
14 49 -10
15 48 -5
16 47 0
18 45 -10
black_pawns: 71776119061217280
48 55 -15
49 54 -25
50 53 -35
51 52 -15
52 51 5
53 50 -5
54 49 -15
55 48 -20
white_pawns: 456960
8 55 5
11 52 -15
12 51 -35
13 50 -25
14 49 -15
15 48 -10
17 46 -15
18 45 -25
black_pawns: 71776119061217280
48 55 -30
49 54 -40
50 53 -50
51 52 -30
52 51 -10
53 50 -20
54 49 -30
55 48 -35
white_pawns: 848640
8 55 5
9 54 15
12 51 -5
13 50 5
14 49 15
15 48 20
18 45 10
19 44 10
black_pawns: 71776119061217280
48 55 5
49 54 -5
50 53 -15
51 52 5
52 51 25
53 50 15
54 49 5
55 48 0
white_pawns: 652800
9 54 10
10 53 20
12 51 0
13 50 10
14 49 20
15 48 25
16 47 30
19 44 30
black_pawns: 71495743596134400
40 47 25
49 54 15
50 53 5
51 52 25
52 51 45
53 50 35
54 49 25
55 48 20
white_pawns: 718080
8 55 5
10 53 15
12 51 -5
13 50 5
14 49 15
15 48 20
17 46 15
19 44 15
black_pawns: 71495743596134400
40 47 10
49 54 0
50 53 -10
51 52 10
52 51 30
53 50 20
54 49 10
55 48 5
white_pawns: 848640
8 55 5
9 54 15
12 51 -5
13 50 5
14 49 15
15 48 20
18 45 10
19 44 10
black_pawns: 71495743596134400
40 47 5
49 54 -5
50 53 -15
51 52 5
52 51 25
53 50 15
54 49 5
55 48 0
white_pawns: 1632000
8 55 5
9 54 15
10 53 25
13 50 35
14 49 45
15 48 50
19 44 50
20 43 50
black_pawns: 71495743596134400
40 47 45
49 54 35
50 53 25
51 52 45
52 51 65
53 50 55
54 49 45
55 48 40
white_pawns: 2676480
8 55 5
9 54 15
10 53 25
12 51 5
14 49 15
15 48 20
19 44 20
21 42 10
black_pawns: 71495743596134400
40 47 5
49 54 -5
50 53 -15
51 52 5
52 51 25
53 50 15
54 49 5
55 48 0
white_pawns: 4765440
8 55 5
9 54 15
10 53 25
12 51 5
13 50 15
15 48 20
19 44 20
22 41 15
black_pawns: 71495743596134400
40 47 10
49 54 0
50 53 -10
51 52 10
52 51 30
53 50 20
54 49 10
55 48 5
white_pawns: 8943360
8 55 5
9 54 15
10 53 25
12 51 5
13 50 15
14 49 25
19 44 25
23 40 30
black_pawns: 71495743596134400
40 47 25
49 54 15
50 53 5
51 52 25
52 51 45
53 50 35
54 49 25
55 48 20
white_pawns: 134280960
8 55 5
9 54 15
10 53 25
12 51 5
13 50 15
14 49 25
15 48 30
27 36 50
black_pawns: 71495743596134400
40 47 45
49 54 35
50 53 25
51 52 45
52 51 65
53 50 55
54 49 45
55 48 40
white_pawns: 17364480
9 54 10
10 53 20
12 51 0
13 50 10
14 49 20
15 48 25
19 44 25
24 39 25
black_pawns: 71495743596134400
40 47 20
49 54 10
50 53 0
51 52 20
52 51 40
53 50 30
54 49 20
55 48 15
white_pawns: 34141440
8 55 5
10 53 15
12 51 -5
13 50 5
14 49 15
15 48 20
19 44 20
25 38 20
black_pawns: 71495743596134400
40 47 15
49 54 5
50 53 -5
51 52 15
52 51 35
53 50 25
54 49 15
55 48 10
white_pawns: 67695360
8 55 5
9 54 15
12 51 -5
13 50 5
14 49 15
15 48 20
19 44 20
26 37 20
black_pawns: 71495743596134400
40 47 15
49 54 5
50 53 -5
51 52 15
52 51 35
53 50 25
54 49 15
55 48 10
white_pawns: 269018880
8 55 5
9 54 15
10 53 25
13 50 35
14 49 45
15 48 50
19 44 50
28 35 70
black_pawns: 71495743596134400
40 47 65
49 54 55
50 53 45
51 52 65
52 51 85
53 50 75
54 49 65
55 48 60
white_pawns: 537450240
8 55 5
9 54 15
10 53 25
12 51 5
14 49 15
15 48 20
19 44 20
29 34 20
black_pawns: 71495743596134400
40 47 15
49 54 5
50 53 -5
51 52 15
52 51 35
53 50 25
54 49 15
55 48 10
white_pawns: 1074312960
8 55 5
9 54 15
10 53 25
12 51 5
13 50 15
15 48 20
19 44 20
30 33 20
black_pawns: 71495743596134400
40 47 15
49 54 5
50 53 -5
51 52 15
52 51 35
53 50 25
54 49 15
55 48 10
white_pawns: 2148038400
8 55 5
9 54 15
10 53 25
12 51 5
13 50 15
14 49 25
19 44 25
31 32 25
black_pawns: 71495743596134400
40 47 20
49 54 10
50 53 0
51 52 20
52 51 40
53 50 30
54 49 20
55 48 15
white_pawns: 587520
8 55 5
9 54 15
10 53 25
12 51 5
13 50 15
14 49 25
15 48 30
19 44 30
black_pawns: 71495743596134400
40 47 25
49 54 15
50 53 5
51 52 25
52 51 45
53 50 35
54 49 25
55 48 20
white_pawns: 587520
8 55 5
9 54 15
10 53 25
12 51 5
13 50 15
14 49 25
15 48 30
19 44 30
black_pawns: 71495743596134400
40 47 25
49 54 15
50 53 5
51 52 25
52 51 45
53 50 35
54 49 25
55 48 20
white_pawns: 587520
8 55 5
9 54 15
10 53 25
12 51 5
13 50 15
14 49 25
15 48 30
19 44 30
black_pawns: 71495743596134400
40 47 25
49 54 15
50 53 5
51 52 25
52 51 45
53 50 35
54 49 25
55 48 20
white_pawns: 587520
8 55 5
9 54 15
10 53 25
12 51 5
13 50 15
14 49 25
15 48 30
19 44 30
black_pawns: 71495743596134400
40 47 25
49 54 15
50 53 5
51 52 25
52 51 45
53 50 35
54 49 25
55 48 20
white_pawns: 587520
8 55 5
9 54 15
10 53 25
12 51 5
13 50 15
14 49 25
15 48 30
19 44 30
black_pawns: 71495743596134400
40 47 25
49 54 15
50 53 5
51 52 25
52 51 45
53 50 35
54 49 25
55 48 20
white_pawns: 587520
8 55 5
9 54 15
10 53 25
12 51 5
13 50 15
14 49 25
15 48 30
19 44 30
black_pawns: 71495743596134400
40 47 25
49 54 15
50 53 5
51 52 25
52 51 45
53 50 35
54 49 25
55 48 20
white_pawns: 587520
8 55 5
9 54 15
10 53 25
12 51 5
13 50 15
14 49 25
15 48 30
19 44 30
black_pawns: 71495743596134400
40 47 25
49 54 15
50 53 5
51 52 25
52 51 45
53 50 35
54 49 25
55 48 20
white_pawns: 587520
8 55 5
9 54 15
10 53 25
12 51 5
13 50 15
14 49 25
15 48 30
19 44 30
black_pawns: 71495743596134400
40 47 25
49 54 15
50 53 5
51 52 25
52 51 45
53 50 35
54 49 25
55 48 20
white_pawns: 587520
8 55 5
9 54 15
10 53 25
12 51 5
13 50 15
14 49 25
15 48 30
19 44 30
black_pawns: 71495743596134400
40 47 25
49 54 15
50 53 5
51 52 25
52 51 45
53 50 35
54 49 25
55 48 20
white_pawns: 587520
8 55 5
9 54 15
10 53 25
12 51 5
13 50 15
14 49 25
15 48 30
19 44 30
black_pawns: 71495743596134400
40 47 25
49 54 15
50 53 5
51 52 25
52 51 45
53 50 35
54 49 25
55 48 20
white_pawns: 587520
8 55 5
9 54 15
10 53 25
12 51 5
13 50 15
14 49 25
15 48 30
19 44 30
black_pawns: 71495743596134400
40 47 25
49 54 15
50 53 5
51 52 25
52 51 45
53 50 35
54 49 25
55 48 20
white_pawns: 587520
8 55 5
9 54 15
10 53 25
12 51 5
13 50 15
14 49 25
15 48 30
19 44 30
black_pawns: 71495743596134400
40 47 25
49 54 15
50 53 5
51 52 25
52 51 45
53 50 35
54 49 25
55 48 20
white_pawns: 587520
8 55 5
9 54 15
10 53 25
12 51 5
13 50 15
14 49 25
15 48 30
19 44 30
black_pawns: 71495743596134400
40 47 25
49 54 15
50 53 5
51 52 25
52 51 45
53 50 35
54 49 25
55 48 20
white_pawns: 587520
8 55 5
9 54 15
10 53 25
12 51 5
13 50 15
14 49 25
15 48 30
19 44 30
black_pawns: 71495743596134400
40 47 25
49 54 15
50 53 5
51 52 25
52 51 45
53 50 35
54 49 25
55 48 20
white_pawns: 587520
8 55 5
9 54 15
10 53 25
12 51 5
13 50 15
14 49 25
15 48 30
19 44 30
black_pawns: 71495743596134400
40 47 25
49 54 15
50 53 5
51 52 25
52 51 45
53 50 35
54 49 25
55 48 20
white_pawns: 652800
9 54 10
10 53 20
12 51 0
13 50 10
14 49 20
15 48 25
16 47 30
19 44 30
black_pawns: 71215368131051520
41 46 35
48 55 30
50 53 20
51 52 40
52 51 60
53 50 50
54 49 40
55 48 35
white_pawns: 718080
8 55 5
10 53 15
12 51 -5
13 50 5
14 49 15
15 48 20
17 46 15
19 44 15
black_pawns: 71215368131051520
41 46 20
48 55 15
50 53 5
51 52 25
52 51 45
53 50 35
54 49 25
55 48 20
white_pawns: 848640
8 55 5
9 54 15
12 51 -5
13 50 5
14 49 15
15 48 20
18 45 10
19 44 10
black_pawns: 71215368131051520
41 46 15
48 55 10
50 53 0
51 52 20
52 51 40
53 50 30
54 49 20
55 48 15
white_pawns: 1632000
8 55 5
9 54 15
10 53 25
13 50 35
14 49 45
15 48 50
19 44 50
20 43 50
black_pawns: 71215368131051520
41 46 55
48 55 50
50 53 40
51 52 60
52 51 80
53 50 70
54 49 60
55 48 55
white_pawns: 2676480
8 55 5
9 54 15
10 53 25
12 51 5
14 49 15
15 48 20
19 44 20
21 42 10
black_pawns: 71215368131051520
41 46 15
48 55 10
50 53 0
51 52 20
52 51 40
53 50 30
54 49 20
55 48 15
white_pawns: 4765440
8 55 5
9 54 15
10 53 25
12 51 5
13 50 15
15 48 20
19 44 20
22 41 15
black_pawns: 71215368131051520
41 46 20
48 55 15
50 53 5
51 52 25
52 51 45
53 50 35
54 49 25
55 48 20
white_pawns: 8943360
8 55 5
9 54 15
10 53 25
12 51 5
13 50 15
14 49 25
19 44 25
23 40 30
black_pawns: 71215368131051520
41 46 35
48 55 30
50 53 20
51 52 40
52 51 60
53 50 50
54 49 40
55 48 35
white_pawns: 134280960
8 55 5
9 54 15
10 53 25
12 51 5
13 50 15
14 49 25
15 48 30
27 36 50
black_pawns: 71215368131051520
41 46 55
48 55 50
50 53 40
51 52 60
52 51 80
53 50 70
54 49 60
55 48 55
white_pawns: 17364480
9 54 10
10 53 20
12 51 0
13 50 10
14 49 20
15 48 25
19 44 25
24 39 25
black_pawns: 71215368131051520
41 46 30
48 55 25
50 53 15
51 52 35
52 51 55
53 50 45
54 49 35
55 48 30
white_pawns: 34141440
8 55 5
10 53 15
12 51 -5
13 50 5
14 49 15
15 48 20
19 44 20
25 38 20
black_pawns: 71215368131051520
41 46 25
48 55 20
50 53 10
51 52 30
52 51 50
53 50 40
54 49 30
55 48 25
white_pawns: 67695360
8 55 5
9 54 15
12 51 -5
13 50 5
14 49 15
15 48 20
19 44 20
26 37 20
black_pawns: 71215368131051520
41 46 25
48 55 20
50 53 10
51 52 30
52 51 50
53 50 40
54 49 30
55 48 25
white_pawns: 269018880
8 55 5
9 54 15
10 53 25
13 50 35
14 49 45
15 48 50
19 44 50
28 35 70
black_pawns: 71215368131051520
41 46 75
48 55 70
50 53 60
51 52 80
52 51 100
53 50 90
54 49 80
55 48 75
white_pawns: 537450240
8 55 5
9 54 15
10 53 25
12 51 5
14 49 15
15 48 20
19 44 20
29 34 20
black_pawns: 71215368131051520
41 46 25
48 55 20
50 53 10
51 52 30
52 51 50
53 50 40
54 49 30
55 48 25
white_pawns: 1074312960
8 55 5
9 54 15
10 53 25
12 51 5
13 50 15
15 48 20
19 44 20
30 33 20
black_pawns: 71215368131051520
41 46 25
48 55 20
50 53 10
51 52 30
52 51 50
53 50 40
54 49 30
55 48 25
white_pawns: 2148038400
8 55 5
9 54 15
10 53 25
12 51 5
13 50 15
14 49 25
19 44 25
31 32 25
black_pawns: 71215368131051520
41 46 30
48 55 25
50 53 15
51 52 35
52 51 55
53 50 45
54 49 35
55 48 30
white_pawns: 587520
8 55 5
9 54 15
10 53 25
12 51 5
13 50 15
14 49 25
15 48 30
19 44 30
black_pawns: 71215368131051520
41 46 35
48 55 30
50 53 20
51 52 40
52 51 60
53 50 50
54 49 40
55 48 35
white_pawns: 587520
8 55 5
9 54 15
10 53 25
12 51 5
13 50 15
14 49 25
15 48 30
19 44 30
black_pawns: 71215368131051520
41 46 35
48 55 30
50 53 20
51 52 40
52 51 60
53 50 50
54 49 40
55 48 35
white_pawns: 587520
8 55 5
9 54 15
10 53 25
12 51 5
13 50 15
14 49 25
15 48 30
19 44 30
black_pawns: 71215368131051520
41 46 35
48 55 30
50 53 20
51 52 40
52 51 60
53 50 50
54 49 40
55 48 35
white_pawns: 587520
8 55 5
9 54 15
10 53 25
12 51 5
13 50 15
14 49 25
15 48 30
19 44 30
black_pawns: 71215368131051520
41 46 35
48 55 30
50 53 20
51 52 40
52 51 60
53 50 50
54 49 40
55 48 35
white_pawns: 587520
8 55 5
9 54 15
10 53 25
12 51 5
13 50 15
14 49 25
15 48 30
19 44 30
black_pawns: 71215368131051520
41 46 35
48 55 30
50 53 20
51 52 40
52 51 60
53 50 50
54 49 40
55 48 35
white_pawns: 587520
8 55 5
9 54 15
10 53 25
12 51 5
13 50 15
14 49 25
15 48 30
19 44 30
black_pawns: 71215368131051520
41 46 35
48 55 30
50 53 20
51 52 40
52 51 60
53 50 50
54 49 40
55 48 35
white_pawns: 587520
8 55 5
9 54 15
10 53 25
12 51 5
13 50 15
14 49 25
15 48 30
19 44 30
black_pawns: 71215368131051520
41 46 35
48 55 30
50 53 20
51 52 40
52 51 60
53 50 50
54 49 40
55 48 35
white_pawns: 587520
8 55 5
9 54 15
10 53 25
12 51 5
13 50 15
14 49 25
15 48 30
19 44 30
black_pawns: 71215368131051520
41 46 35
48 55 30
50 53 20
51 52 40
52 51 60
53 50 50
54 49 40
55 48 35
white_pawns: 587520
8 55 5
9 54 15
10 53 25
12 51 5
13 50 15
14 49 25
15 48 30
19 44 30
black_pawns: 71215368131051520
41 46 35
48 55 30
50 53 20
51 52 40
52 51 60
53 50 50
54 49 40
55 48 35
white_pawns: 587520
8 55 5
9 54 15
10 53 25
12 51 5
13 50 15
14 49 25
15 48 30
19 44 30
black_pawns: 71215368131051520
41 46 35
48 55 30
50 53 20
51 52 40
52 51 60
53 50 50
54 49 40
55 48 35
white_pawns: 587520
8 55 5
9 54 15
10 53 25
12 51 5
13 50 15
14 49 25
15 48 30
19 44 30
black_pawns: 71215368131051520
41 46 35
48 55 30
50 53 20
51 52 40
52 51 60
53 50 50
54 49 40
55 48 35
white_pawns: 587520
8 55 5
9 54 15
10 53 25
12 51 5
13 50 15
14 49 25
15 48 30
19 44 30
black_pawns: 71215368131051520
41 46 35
48 55 30
50 53 20
51 52 40
52 51 60
53 50 50
54 49 40
55 48 35
white_pawns: 587520
8 55 5
9 54 15
10 53 25
12 51 5
13 50 15
14 49 25
15 48 30
19 44 30
black_pawns: 71215368131051520
41 46 35
48 55 30
50 53 20
51 52 40
52 51 60
53 50 50
54 49 40
55 48 35
white_pawns: 587520
8 55 5
9 54 15
10 53 25
12 51 5
13 50 15
14 49 25
15 48 30
19 44 30
black_pawns: 71215368131051520
41 46 35
48 55 30
50 53 20
51 52 40
52 51 60
53 50 50
54 49 40
55 48 35
white_pawns: 587520
8 55 5
9 54 15
10 53 25
12 51 5
13 50 15
14 49 25
15 48 30
19 44 30
black_pawns: 71215368131051520
41 46 35
48 55 30
50 53 20
51 52 40
52 51 60
53 50 50
54 49 40
55 48 35
white_pawns: 652800
9 54 10
10 53 20
12 51 0
13 50 10
14 49 20
15 48 25
16 47 30
19 44 30
black_pawns: 70654617200885760
42 45 40
48 55 35
49 54 25
51 52 45
52 51 65
53 50 55
54 49 45
55 48 40
white_pawns: 718080
8 55 5
10 53 15
12 51 -5
13 50 5
14 49 15
15 48 20
17 46 15
19 44 15
black_pawns: 70654617200885760
42 45 25
48 55 20
49 54 10
51 52 30
52 51 50
53 50 40
54 49 30
55 48 25
white_pawns: 848640
8 55 5
9 54 15
12 51 -5
13 50 5
14 49 15
15 48 20
18 45 10
19 44 10
black_pawns: 70654617200885760
42 45 20
48 55 15
49 54 5
51 52 25
52 51 45
53 50 35
54 49 25
55 48 20
white_pawns: 1632000
8 55 5
9 54 15
10 53 25
13 50 35
14 49 45
15 48 50
19 44 50
20 43 50
black_pawns: 70654617200885760
42 45 60
48 55 55
49 54 45
51 52 65
52 51 85
53 50 75
54 49 65
55 48 60
white_pawns: 2676480
8 55 5
9 54 15
10 53 25
12 51 5
14 49 15
15 48 20
19 44 20
21 42 10
black_pawns: 70654617200885760
42 45 20
48 55 15
49 54 5
51 52 25
52 51 45
53 50 35
54 49 25
55 48 20
white_pawns: 4765440
8 55 5
9 54 15
10 53 25
12 51 5
13 50 15
15 48 20
19 44 20
22 41 15
black_pawns: 70654617200885760
42 45 25
48 55 20
49 54 10
51 52 30
52 51 50
53 50 40
54 49 30
55 48 25
white_pawns: 8943360
8 55 5
9 54 15
10 53 25
12 51 5
13 50 15
14 49 25
19 44 25
23 40 30
black_pawns: 70654617200885760
42 45 40
48 55 35
49 54 25
51 52 45
52 51 65
53 50 55
54 49 45
55 48 40
white_pawns: 134280960
8 55 5
9 54 15
10 53 25
12 51 5
13 50 15
14 49 25
15 48 30
27 36 50
black_pawns: 70654617200885760
42 45 60
48 55 55
49 54 45
51 52 65
52 51 85
53 50 75
54 49 65
55 48 60
white_pawns: 17364480
9 54 10
10 53 20
12 51 0
13 50 10
14 49 20
15 48 25
19 44 25
24 39 25
black_pawns: 70654617200885760
42 45 35
48 55 30
49 54 20
51 52 40
52 51 60
53 50 50
54 49 40
55 48 35
white_pawns: 34141440
8 55 5
10 53 15
12 51 -5
13 50 5
14 49 15
15 48 20
19 44 20
25 38 20
black_pawns: 70654617200885760
42 45 30
48 55 25
49 54 15
51 52 35
52 51 55
53 50 45
54 49 35
55 48 30
white_pawns: 67695360
8 55 5
9 54 15
12 51 -5
13 50 5
14 49 15
15 48 20
19 44 20
26 37 20
black_pawns: 70654617200885760
42 45 30
48 55 25
49 54 15
51 52 35
52 51 55
53 50 45
54 49 35
55 48 30
white_pawns: 269018880
8 55 5
9 54 15
10 53 25
13 50 35
14 49 45
15 48 50
19 44 50
28 35 70
black_pawns: 70654617200885760
42 45 80
48 55 75
49 54 65
51 52 85
52 51 105
53 50 95
54 49 85
55 48 80
white_pawns: 652800
9 54 10
10 53 20
12 51 0
13 50 10
14 49 20
15 48 25
16 47 30
19 44 30
black_pawns: 69533115340554240
43 44 30
48 55 25
49 54 15
50 53 5
52 51 25
53 50 15
54 49 5
55 48 0
white_pawns: 718080
8 55 5
10 53 15
12 51 -5
13 50 5
14 49 15
15 48 20
17 46 15
19 44 15
black_pawns: 69533115340554240
43 44 15
48 55 10
49 54 0
50 53 -10
52 51 10
53 50 0
54 49 -10
55 48 -15
white_pawns: 848640
8 55 5
9 54 15
12 51 -5
13 50 5
14 49 15
15 48 20
18 45 10
19 44 10
black_pawns: 69533115340554240
43 44 10
48 55 5
49 54 -5
50 53 -15
52 51 5
53 50 -5
54 49 -15
55 48 -20
white_pawns: 1632000
8 55 5
9 54 15
10 53 25
13 50 35
14 49 45
15 48 50
19 44 50
20 43 50
black_pawns: 69533115340554240
43 44 50
48 55 45
49 54 35
50 53 25
52 51 45
53 50 35
54 49 25
55 48 20
white_pawns: 2676480
8 55 5
9 54 15
10 53 25
12 51 5
14 49 15
15 48 20
19 44 20
21 42 10
black_pawns: 69533115340554240
43 44 10
48 55 5
49 54 -5
50 53 -15
52 51 5
53 50 -5
54 49 -15
55 48 -20
white_pawns: 4765440
8 55 5
9 54 15
10 53 25
12 51 5
13 50 15
15 48 20
19 44 20
22 41 15
black_pawns: 69533115340554240
43 44 15
48 55 10
49 54 0
50 53 -10
52 51 10
53 50 0
54 49 -10
55 48 -15
white_pawns: 8943360
8 55 5
9 54 15
10 53 25
12 51 5
13 50 15
14 49 25
19 44 25
23 40 30
black_pawns: 69533115340554240
43 44 30
48 55 25
49 54 15
50 53 5
52 51 25
53 50 15
54 49 5
55 48 0
white_pawns: 134280960
8 55 5
9 54 15
10 53 25
12 51 5
13 50 15
14 49 25
15 48 30
27 36 50
black_pawns: 69533115340554240
43 44 50
48 55 45
49 54 35
50 53 25
52 51 45
53 50 35
54 49 25
55 48 20
white_pawns: 17364480
9 54 10
10 53 20
12 51 0
13 50 10
14 49 20
15 48 25
19 44 25
24 39 25
black_pawns: 69533115340554240
43 44 25
48 55 20
49 54 10
50 53 0
52 51 20
53 50 10
54 49 0
55 48 -5
white_pawns: 34141440
8 55 5
10 53 15
12 51 -5
13 50 5
14 49 15
15 48 20
19 44 20
25 38 20
black_pawns: 69533115340554240
43 44 20
48 55 15
49 54 5
50 53 -5
52 51 15
53 50 5
54 49 -5
55 48 -10
white_pawns: 67695360
8 55 5
9 54 15
12 51 -5
13 50 5
14 49 15
15 48 20
19 44 20
26 37 20
black_pawns: 69533115340554240
43 44 20
48 55 15
49 54 5
50 53 -5
52 51 15
53 50 5
54 49 -5
55 48 -10
white_pawns: 269018880
8 55 5
9 54 15
10 53 25
13 50 35
14 49 45
15 48 50
19 44 50
28 35 70
black_pawns: 69533115340554240
43 44 70
48 55 65
49 54 55
50 53 45
52 51 65
53 50 55
54 49 45
55 48 40
white_pawns: 537450240
8 55 5
9 54 15
10 53 25
12 51 5
14 49 15
15 48 20
19 44 20
29 34 20
black_pawns: 69533115340554240
43 44 20
48 55 15
49 54 5
50 53 -5
52 51 15
53 50 5
54 49 -5
55 48 -10
white_pawns: 1074312960
8 55 5
9 54 15
10 53 25
12 51 5
13 50 15
15 48 20
19 44 20
30 33 20
black_pawns: 69533115340554240
43 44 20
48 55 15
49 54 5
50 53 -5
52 51 15
53 50 5
54 49 -5
55 48 -10
white_pawns: 2148038400
8 55 5
9 54 15
10 53 25
12 51 5
13 50 15
14 49 25
19 44 25
31 32 25
black_pawns: 69533115340554240
43 44 25
48 55 20
49 54 10
50 53 0
52 51 20
53 50 10
54 49 0
55 48 -5
white_pawns: 587520
8 55 5
9 54 15
10 53 25
12 51 5
13 50 15
14 49 25
15 48 30
19 44 30
black_pawns: 69533115340554240
43 44 30
48 55 25
49 54 15
50 53 5
52 51 25
53 50 15
54 49 5
55 48 0
white_pawns: 587520
8 55 5
9 54 15
10 53 25
12 51 5
13 50 15
14 49 25
15 48 30
19 44 30
black_pawns: 69533115340554240
43 44 30
48 55 25
49 54 15
50 53 5
52 51 25
53 50 15
54 49 5
55 48 0
white_pawns: 587520
8 55 5
9 54 15
10 53 25
12 51 5
13 50 15
14 49 25
15 48 30
19 44 30
black_pawns: 69533115340554240
43 44 30
48 55 25
49 54 15
50 53 5
52 51 25
53 50 15
54 49 5
55 48 0
white_pawns: 587520
8 55 5
9 54 15
10 53 25
12 51 5
13 50 15
14 49 25
15 48 30
19 44 30
black_pawns: 69533115340554240
43 44 30
48 55 25
49 54 15
50 53 5
52 51 25
53 50 15
54 49 5
55 48 0
white_pawns: 587520
8 55 5
9 54 15
10 53 25
12 51 5
13 50 15
14 49 25
15 48 30
19 44 30
black_pawns: 69533115340554240
43 44 30
48 55 25
49 54 15
50 53 5
52 51 25
53 50 15
54 49 5
55 48 0
white_pawns: 587520
8 55 5
9 54 15
10 53 25
12 51 5
13 50 15
14 49 25
15 48 30
19 44 30
black_pawns: 69533115340554240
43 44 30
48 55 25
49 54 15
50 53 5
52 51 25
53 50 15
54 49 5
55 48 0
white_pawns: 587520
8 55 5
9 54 15
10 53 25
12 51 5
13 50 15
14 49 25
15 48 30
19 44 30
black_pawns: 69533115340554240
43 44 30
48 55 25
49 54 15
50 53 5
52 51 25
53 50 15
54 49 5
55 48 0
white_pawns: 587520
8 55 5
9 54 15
10 53 25
12 51 5
13 50 15
14 49 25
15 48 30
19 44 30
black_pawns: 69533115340554240
43 44 30
48 55 25
49 54 15
50 53 5
52 51 25
53 50 15
54 49 5
55 48 0
white_pawns: 587520
8 55 5
9 54 15
10 53 25
12 51 5
13 50 15
14 49 25
15 48 30
19 44 30
black_pawns: 69533115340554240
43 44 30
48 55 25
49 54 15
50 53 5
52 51 25
53 50 15
54 49 5
55 48 0
white_pawns: 587520
8 55 5
9 54 15
10 53 25
12 51 5
13 50 15
14 49 25
15 48 30
19 44 30
black_pawns: 69533115340554240
43 44 30
48 55 25
49 54 15
50 53 5
52 51 25
53 50 15
54 49 5
55 48 0
white_pawns: 587520
8 55 5
9 54 15
10 53 25
12 51 5
13 50 15
14 49 25
15 48 30
19 44 30
black_pawns: 69533115340554240
43 44 30
48 55 25
49 54 15
50 53 5
52 51 25
53 50 15
54 49 5
55 48 0
white_pawns: 587520
8 55 5
9 54 15
10 53 25
12 51 5
13 50 15
14 49 25
15 48 30
19 44 30
black_pawns: 69533115340554240
43 44 30
48 55 25
49 54 15
50 53 5
52 51 25
53 50 15
54 49 5
55 48 0
white_pawns: 587520
8 55 5
9 54 15
10 53 25
12 51 5
13 50 15
14 49 25
15 48 30
19 44 30
black_pawns: 69533115340554240
43 44 30
48 55 25
49 54 15
50 53 5
52 51 25
53 50 15
54 49 5
55 48 0
white_pawns: 587520
8 55 5
9 54 15
10 53 25
12 51 5
13 50 15
14 49 25
15 48 30
19 44 30
black_pawns: 69533115340554240
43 44 30
48 55 25
49 54 15
50 53 5
52 51 25
53 50 15
54 49 5
55 48 0
white_pawns: 587520
8 55 5
9 54 15
10 53 25
12 51 5
13 50 15
14 49 25
15 48 30
19 44 30
black_pawns: 69533115340554240
43 44 30
48 55 25
49 54 15
50 53 5
52 51 25
53 50 15
54 49 5
55 48 0
white_pawns: 652800
9 54 10
10 53 20
12 51 0
13 50 10
14 49 20
15 48 25
16 47 30
19 44 30
black_pawns: 67290111619891200
44 43 30
48 55 25
49 54 15
50 53 5
51 52 25
53 50 15
54 49 5
55 48 0
white_pawns: 587264
9 54 10
10 53 20
12 51 0
13 50 10
14 49 20
15 48 25
19 44 25
black_pawns: 67290111619891200
44 43 25
48 55 20
49 54 10
50 53 0
51 52 20
53 50 10
54 49 0
55 48 -5
white_pawns: 652288
10 53 10
12 51 -10
13 50 0
14 49 10
15 48 15
16 47 20
19 44 20
black_pawns: 67290111619891200
44 43 20
48 55 15
49 54 5
50 53 -5
51 52 15
53 50 5
54 49 -5
55 48 -10
white_pawns: 718080
8 55 5
10 53 15
12 51 -5
13 50 5
14 49 15
15 48 20
17 46 15
19 44 15
black_pawns: 67290111619891200
44 43 15
48 55 10
49 54 0
50 53 -10
51 52 10
53 50 0
54 49 -10
55 48 -15
white_pawns: 848640
8 55 5
9 54 15
12 51 -5
13 50 5
14 49 15
15 48 20
18 45 10
19 44 10
black_pawns: 67290111619891200
44 43 10
48 55 5
49 54 -5
50 53 -15
51 52 5
53 50 -5
54 49 -15
55 48 -20
white_pawns: 1632000
8 55 5
9 54 15
10 53 25
13 50 35
14 49 45
15 48 50
19 44 50
20 43 50
black_pawns: 67290111619891200
44 43 50
48 55 45
49 54 35
50 53 25
51 52 45
53 50 35
54 49 25
55 48 20
white_pawns: 2676480
8 55 5
9 54 15
10 53 25
12 51 5
14 49 15
15 48 20
19 44 20
21 42 10
black_pawns: 67290111619891200
44 43 10
48 55 5
49 54 -5
50 53 -15
51 52 5
53 50 -5
54 49 -15
55 48 -20
white_pawns: 4765440
8 55 5
9 54 15
10 53 25
12 51 5
13 50 15
15 48 20
19 44 20
22 41 15
black_pawns: 67290111619891200
44 43 15
48 55 10
49 54 0
50 53 -10
51 52 10
53 50 0
54 49 -10
55 48 -15
white_pawns: 8943360
8 55 5
9 54 15
10 53 25
12 51 5
13 50 15
14 49 25
19 44 25
23 40 30
black_pawns: 67290111619891200
44 43 30
48 55 25
49 54 15
50 53 5
51 52 25
53 50 15
54 49 5
55 48 0
white_pawns: 134280960
8 55 5
9 54 15
10 53 25
12 51 5
13 50 15
14 49 25
15 48 30
27 36 50
black_pawns: 67290111619891200
44 43 50
48 55 45
49 54 35
50 53 25
51 52 45
53 50 35
54 49 25
55 48 20
white_pawns: 17364480
9 54 10
10 53 20
12 51 0
13 50 10
14 49 20
15 48 25
19 44 25
24 39 25
black_pawns: 67290111619891200
44 43 25
48 55 20
49 54 10
50 53 0
51 52 20
53 50 10
54 49 0
55 48 -5
white_pawns: 34141440
8 55 5
10 53 15
12 51 -5
13 50 5
14 49 15
15 48 20
19 44 20
25 38 20
black_pawns: 67290111619891200
44 43 20
48 55 15
49 54 5
50 53 -5
51 52 15
53 50 5
54 49 -5
55 48 -10
white_pawns: 67695360
8 55 5
9 54 15
12 51 -5
13 50 5
14 49 15
15 48 20
19 44 20
26 37 20
black_pawns: 67290111619891200
44 43 20
48 55 15
49 54 5
50 53 -5
51 52 15
53 50 5
54 49 -5
55 48 -10
white_pawns: 269018880
8 55 5
9 54 15
10 53 25
13 50 35
14 49 45
15 48 50
19 44 50
28 35 70
black_pawns: 67290111619891200
44 43 70
48 55 65
49 54 55
50 53 45
51 52 65
53 50 55
54 49 45
55 48 40
white_pawns: 537450240
8 55 5
9 54 15
10 53 25
12 51 5
14 49 15
15 48 20
19 44 20
29 34 20
black_pawns: 67290111619891200
44 43 20
48 55 15
49 54 5
50 53 -5
51 52 15
53 50 5
54 49 -5
55 48 -10
white_pawns: 1074312960
8 55 5
9 54 15
10 53 25
12 51 5
13 50 15
15 48 20
19 44 20
30 33 20
black_pawns: 67290111619891200
44 43 20
48 55 15
49 54 5
50 53 -5
51 52 15
53 50 5
54 49 -5
55 48 -10
white_pawns: 2148038400
8 55 5
9 54 15
10 53 25
12 51 5
13 50 15
14 49 25
19 44 25
31 32 25
black_pawns: 67290111619891200
44 43 25
48 55 20
49 54 10
50 53 0
51 52 20
53 50 10
54 49 0
55 48 -5
white_pawns: 587520
8 55 5
9 54 15
10 53 25
12 51 5
13 50 15
14 49 25
15 48 30
19 44 30
black_pawns: 67290111619891200
44 43 30
48 55 25
49 54 15
50 53 5
51 52 25
53 50 15
54 49 5
55 48 0
white_pawns: 587520
8 55 5
9 54 15
10 53 25
12 51 5
13 50 15
14 49 25
15 48 30
19 44 30
black_pawns: 67290111619891200
44 43 30
48 55 25
49 54 15
50 53 5
51 52 25
53 50 15
54 49 5
55 48 0
white_pawns: 587520
8 55 5
9 54 15
10 53 25
12 51 5
13 50 15
14 49 25
15 48 30
19 44 30
black_pawns: 67290111619891200
44 43 30
48 55 25
49 54 15
50 53 5
51 52 25
53 50 15
54 49 5
55 48 0
white_pawns: 587520
8 55 5
9 54 15
10 53 25
12 51 5
13 50 15
14 49 25
15 48 30
19 44 30
black_pawns: 67290111619891200
44 43 30
48 55 25
49 54 15
50 53 5
51 52 25
53 50 15
54 49 5
55 48 0
white_pawns: 652800
9 54 10
10 53 20
12 51 0
13 50 10
14 49 20
15 48 25
16 47 30
19 44 30
black_pawns: 62804104178565120
45 42 40
48 55 35
49 54 25
50 53 15
51 52 35
52 51 55
54 49 45
55 48 40
white_pawns: 652800
9 54 10
10 53 20
12 51 0
13 50 10
14 49 20
15 48 25
16 47 30
19 44 30
black_pawns: 53832089295912960
46 41 35
48 55 30
49 54 20
50 53 10
51 52 30
52 51 50
53 50 40
55 48 35
white_pawns: 718080
8 55 5
10 53 15
12 51 -5
13 50 5
14 49 15
15 48 20
17 46 15
19 44 15
black_pawns: 53832089295912960
46 41 20
48 55 15
49 54 5
50 53 -5
51 52 15
52 51 35
53 50 25
55 48 20
white_pawns: 848640
8 55 5
9 54 15
12 51 -5
13 50 5
14 49 15
15 48 20
18 45 10
19 44 10
black_pawns: 53832089295912960
46 41 15
48 55 10
49 54 0
50 53 -10
51 52 10
52 51 30
53 50 20
55 48 15
white_pawns: 1632000
8 55 5
9 54 15
10 53 25
13 50 35
14 49 45
15 48 50
19 44 50
20 43 50
black_pawns: 53832089295912960
46 41 55
48 55 50
49 54 40
50 53 30
51 52 50
52 51 70
53 50 60
55 48 55
white_pawns: 2676480
8 55 5
9 54 15
10 53 25
12 51 5
14 49 15
15 48 20
19 44 20
21 42 10
black_pawns: 53832089295912960
46 41 15
48 55 10
49 54 0
50 53 -10
51 52 10
52 51 30
53 50 20
55 48 15
white_pawns: 4765440
8 55 5
9 54 15
10 53 25
12 51 5
13 50 15
15 48 20
19 44 20
22 41 15
black_pawns: 53832089295912960
46 41 20
48 55 15
49 54 5
50 53 -5
51 52 15
52 51 35
53 50 25
55 48 20
white_pawns: 8943360
8 55 5
9 54 15
10 53 25
12 51 5
13 50 15
14 49 25
19 44 25
23 40 30
black_pawns: 53832089295912960
46 41 35
48 55 30
49 54 20
50 53 10
51 52 30
52 51 50
53 50 40
55 48 35
white_pawns: 134280960
8 55 5
9 54 15
10 53 25
12 51 5
13 50 15
14 49 25
15 48 30
27 36 50
black_pawns: 53832089295912960
46 41 55
48 55 50
49 54 40
50 53 30
51 52 50
52 51 70
53 50 60
55 48 55
white_pawns: 587520
8 55 5
9 54 15
10 53 25
12 51 5
13 50 15
14 49 25
15 48 30
19 44 30
black_pawns: 35747322042253312
48 55 25
49 54 15
50 53 5
51 52 25
52 51 45
53 50 35
54 49 25
white_pawns: 587520
8 55 5
9 54 15
10 53 25
12 51 5
13 50 15
14 49 25
15 48 30
19 44 30
black_pawns: 17873661021126656
47 40 25
48 55 20
49 54 10
50 53 0
51 52 20
52 51 40
53 50 30
white_pawns: 587520
8 55 5
9 54 15
10 53 25
12 51 5
13 50 15
14 49 25
15 48 30
19 44 30
black_pawns: 35747322042253312
48 55 25
49 54 15
50 53 5
51 52 25
52 51 45
53 50 35
54 49 25
white_pawns: 587520
8 55 5
9 54 15
10 53 25
12 51 5
13 50 15
14 49 25
15 48 30
19 44 30
black_pawns: 35747322042253312
48 55 25
49 54 15
50 53 5
51 52 25
52 51 45
53 50 35
54 49 25
white_pawns: 652800
9 54 10
10 53 20
12 51 0
13 50 10
14 49 20
15 48 25
16 47 30
19 44 30
black_pawns: 35888059530608640
47 40 25
48 55 20
49 54 10
50 53 0
51 52 20
52 51 40
53 50 30
54 49 20
white_pawns: 718080
8 55 5
10 53 15
12 51 -5
13 50 5
14 49 15
15 48 20
17 46 15
19 44 15
black_pawns: 35888059530608640
47 40 10
48 55 5
49 54 -5
50 53 -15
51 52 5
52 51 25
53 50 15
54 49 5
white_pawns: 848640
8 55 5
9 54 15
12 51 -5
13 50 5
14 49 15
15 48 20
18 45 10
19 44 10
black_pawns: 35888059530608640
47 40 5
48 55 0
49 54 -10
50 53 -20
51 52 0
52 51 20
53 50 10
54 49 0
white_pawns: 1632000
8 55 5
9 54 15
10 53 25
13 50 35
14 49 45
15 48 50
19 44 50
20 43 50
black_pawns: 35888059530608640
47 40 45
48 55 40
49 54 30
50 53 20
51 52 40
52 51 60
53 50 50
54 49 40
white_pawns: 2676480
8 55 5
9 54 15
10 53 25
12 51 5
14 49 15
15 48 20
19 44 20
21 42 10
black_pawns: 35888059530608640
47 40 5
48 55 0
49 54 -10
50 53 -20
51 52 0
52 51 20
53 50 10
54 49 0
white_pawns: 4765440
8 55 5
9 54 15
10 53 25
12 51 5
13 50 15
15 48 20
19 44 20
22 41 15
black_pawns: 35888059530608640
47 40 10
48 55 5
49 54 -5
50 53 -15
51 52 5
52 51 25
53 50 15
54 49 5
white_pawns: 8943360
8 55 5
9 54 15
10 53 25
12 51 5
13 50 15
14 49 25
19 44 25
23 40 30
black_pawns: 35888059530608640
47 40 25
48 55 20
49 54 10
50 53 0
51 52 20
52 51 40
53 50 30
54 49 20
white_pawns: 134280960
8 55 5
9 54 15
10 53 25
12 51 5
13 50 15
14 49 25
15 48 30
27 36 50
black_pawns: 35888059530608640
47 40 45
48 55 40
49 54 30
50 53 20
51 52 40
52 51 60
53 50 50
54 49 40
white_pawns: 587520
8 55 5
9 54 15
10 53 25
12 51 5
13 50 15
14 49 25
15 48 30
19 44 30
black_pawns: 71494644084506624
49 54 20
50 53 10
51 52 30
52 51 50
53 50 40
54 49 30
55 48 25
white_pawns: 587520
8 55 5
9 54 15
10 53 25
12 51 5
13 50 15
14 49 25
15 48 30
19 44 30
black_pawns: 71494644084506624
49 54 20
50 53 10
51 52 30
52 51 50
53 50 40
54 49 30
55 48 25
white_pawns: 652800
9 54 10
10 53 20
12 51 0
13 50 10
14 49 20
15 48 25
16 47 30
19 44 30
black_pawns: 71494648379473920
32 39 30
49 54 20
50 53 10
51 52 30
52 51 50
53 50 40
54 49 30
55 48 25
white_pawns: 718080
8 55 5
10 53 15
12 51 -5
13 50 5
14 49 15
15 48 20
17 46 15
19 44 15
black_pawns: 71494648379473920
32 39 15
49 54 5
50 53 -5
51 52 15
52 51 35
53 50 25
54 49 15
55 48 10
white_pawns: 848640
8 55 5
9 54 15
12 51 -5
13 50 5
14 49 15
15 48 20
18 45 10
19 44 10
black_pawns: 71494648379473920
32 39 10
49 54 0
50 53 -10
51 52 10
52 51 30
53 50 20
54 49 10
55 48 5
white_pawns: 1632000
8 55 5
9 54 15
10 53 25
13 50 35
14 49 45
15 48 50
19 44 50
20 43 50
black_pawns: 71494648379473920
32 39 50
49 54 40
50 53 30
51 52 50
52 51 70
53 50 60
54 49 50
55 48 45
white_pawns: 2676480
8 55 5
9 54 15
10 53 25
12 51 5
14 49 15
15 48 20
19 44 20
21 42 10
black_pawns: 71494648379473920
32 39 10
49 54 0
50 53 -10
51 52 10
52 51 30
53 50 20
54 49 10
55 48 5
white_pawns: 4765440
8 55 5
9 54 15
10 53 25
12 51 5
13 50 15
15 48 20
19 44 20
22 41 15
black_pawns: 71494648379473920
32 39 15
49 54 5
50 53 -5
51 52 15
52 51 35
53 50 25
54 49 15
55 48 10
white_pawns: 8943360
8 55 5
9 54 15
10 53 25
12 51 5
13 50 15
14 49 25
19 44 25
23 40 30
black_pawns: 71494648379473920
32 39 30
49 54 20
50 53 10
51 52 30
52 51 50
53 50 40
54 49 30
55 48 25
white_pawns: 134280960
8 55 5
9 54 15
10 53 25
12 51 5
13 50 15
14 49 25
15 48 30
27 36 50
black_pawns: 71494648379473920
32 39 50
49 54 40
50 53 30
51 52 50
52 51 70
53 50 60
54 49 50
55 48 45
white_pawns: 17364480
9 54 10
10 53 20
12 51 0
13 50 10
14 49 20
15 48 25
19 44 25
24 39 25
black_pawns: 71494648379473920
32 39 25
49 54 15
50 53 5
51 52 25
52 51 45
53 50 35
54 49 25
55 48 20
white_pawns: 34141440
8 55 5
10 53 15
12 51 -5
13 50 5
14 49 15
15 48 20
19 44 20
25 38 20
black_pawns: 71494648379473920
32 39 20
49 54 10
50 53 0
51 52 20
52 51 40
53 50 30
54 49 20
55 48 15
white_pawns: 67695360
8 55 5
9 54 15
12 51 -5
13 50 5
14 49 15
15 48 20
19 44 20
26 37 20
black_pawns: 71494648379473920
32 39 20
49 54 10
50 53 0
51 52 20
52 51 40
53 50 30
54 49 20
55 48 15
white_pawns: 269018880
8 55 5
9 54 15
10 53 25
13 50 35
14 49 45
15 48 50
19 44 50
28 35 70
black_pawns: 71494648379473920
32 39 70
49 54 60
50 53 50
51 52 70
52 51 90
53 50 80
54 49 70
55 48 65
white_pawns: 652800
9 54 10
10 53 20
12 51 0
13 50 10
14 49 20
15 48 25
16 47 30
19 44 30
black_pawns: 71213177697730560
33 38 30
48 55 25
50 53 15
51 52 35
52 51 55
53 50 45
54 49 35
55 48 30
white_pawns: 718080
8 55 5
10 53 15
12 51 -5
13 50 5
14 49 15
15 48 20
17 46 15
19 44 15
black_pawns: 71213177697730560
33 38 15
48 55 10
50 53 0
51 52 20
52 51 40
53 50 30
54 49 20
55 48 15
white_pawns: 848640
8 55 5
9 54 15
12 51 -5
13 50 5
14 49 15
15 48 20
18 45 10
19 44 10
black_pawns: 71213177697730560
33 38 10
48 55 5
50 53 -5
51 52 15
52 51 35
53 50 25
54 49 15
55 48 10
white_pawns: 1632000
8 55 5
9 54 15
10 53 25
13 50 35
14 49 45
15 48 50
19 44 50
20 43 50
black_pawns: 71213177697730560
33 38 50
48 55 45
50 53 35
51 52 55
52 51 75
53 50 65
54 49 55
55 48 50
white_pawns: 2676480
8 55 5
9 54 15
10 53 25
12 51 5
14 49 15
15 48 20
19 44 20
21 42 10
black_pawns: 71213177697730560
33 38 10
48 55 5
50 53 -5
51 52 15
52 51 35
53 50 25
54 49 15
55 48 10
white_pawns: 4765440
8 55 5
9 54 15
10 53 25
12 51 5
13 50 15
15 48 20
19 44 20
22 41 15
black_pawns: 71213177697730560
33 38 15
48 55 10
50 53 0
51 52 20
52 51 40
53 50 30
54 49 20
55 48 15
white_pawns: 8943360
8 55 5
9 54 15
10 53 25
12 51 5
13 50 15
14 49 25
19 44 25
23 40 30
black_pawns: 71213177697730560
33 38 30
48 55 25
50 53 15
51 52 35
52 51 55
53 50 45
54 49 35
55 48 30
white_pawns: 134280960
8 55 5
9 54 15
10 53 25
12 51 5
13 50 15
14 49 25
15 48 30
27 36 50
black_pawns: 71213177697730560
33 38 50
48 55 45
50 53 35
51 52 55
52 51 75
53 50 65
54 49 55
55 48 50
white_pawns: 652800
9 54 10
10 53 20
12 51 0
13 50 10
14 49 20
15 48 25
16 47 30
19 44 30
black_pawns: 70650236334243840
34 37 30
48 55 25
49 54 15
51 52 35
52 51 55
53 50 45
54 49 35
55 48 30
white_pawns: 652800
9 54 10
10 53 20
12 51 0
13 50 10
14 49 20
15 48 25
16 47 30
19 44 30
black_pawns: 69524353607270400
35 36 10
48 55 5
49 54 -5
50 53 -15
52 51 5
53 50 -5
54 49 -15
55 48 -20
white_pawns: 718080
8 55 5
10 53 15
12 51 -5
13 50 5
14 49 15
15 48 20
17 46 15
19 44 15
black_pawns: 69524353607270400
35 36 -5
48 55 -10
49 54 -20
50 53 -30
52 51 -10
53 50 -20
54 49 -30
55 48 -35
white_pawns: 848640
8 55 5
9 54 15
12 51 -5
13 50 5
14 49 15
15 48 20
18 45 10
19 44 10
black_pawns: 69524353607270400
35 36 -10
48 55 -15
49 54 -25
50 53 -35
52 51 -15
53 50 -25
54 49 -35
55 48 -40
white_pawns: 1632000
8 55 5
9 54 15
10 53 25
13 50 35
14 49 45
15 48 50
19 44 50
20 43 50
black_pawns: 69524353607270400
35 36 30
48 55 25
49 54 15
50 53 5
52 51 25
53 50 15
54 49 5
55 48 0
white_pawns: 2676480
8 55 5
9 54 15
10 53 25
12 51 5
14 49 15
15 48 20
19 44 20
21 42 10
black_pawns: 69524353607270400
35 36 -10
48 55 -15
49 54 -25
50 53 -35
52 51 -15
53 50 -25
54 49 -35
55 48 -40
white_pawns: 4765440
8 55 5
9 54 15
10 53 25
12 51 5
13 50 15
15 48 20
19 44 20
22 41 15
black_pawns: 69524353607270400
35 36 -5
48 55 -10
49 54 -20
50 53 -30
52 51 -10
53 50 -20
54 49 -30
55 48 -35
white_pawns: 8943360
8 55 5
9 54 15
10 53 25
12 51 5
13 50 15
14 49 25
19 44 25
23 40 30
black_pawns: 69524353607270400
35 36 10
48 55 5
49 54 -5
50 53 -15
52 51 5
53 50 -5
54 49 -15
55 48 -20
white_pawns: 134280960
8 55 5
9 54 15
10 53 25
12 51 5
13 50 15
14 49 25
15 48 30
27 36 50
black_pawns: 69524353607270400
35 36 30
48 55 25
49 54 15
50 53 5
52 51 25
53 50 15
54 49 5
55 48 0
white_pawns: 17364480
9 54 10
10 53 20
12 51 0
13 50 10
14 49 20
15 48 25
19 44 25
24 39 25
black_pawns: 69524353607270400
35 36 5
48 55 0
49 54 -10
50 53 -20
52 51 0
53 50 -10
54 49 -20
55 48 -25
white_pawns: 34141440
8 55 5
10 53 15
12 51 -5
13 50 5
14 49 15
15 48 20
19 44 20
25 38 20
black_pawns: 69524353607270400
35 36 0
48 55 -5
49 54 -15
50 53 -25
52 51 -5
53 50 -15
54 49 -25
55 48 -30
white_pawns: 67695360
8 55 5
9 54 15
12 51 -5
13 50 5
14 49 15
15 48 20
19 44 20
26 37 20
black_pawns: 69524353607270400
35 36 0
48 55 -5
49 54 -15
50 53 -25
52 51 -5
53 50 -15
54 49 -25
55 48 -30
white_pawns: 269018880
8 55 5
9 54 15
10 53 25
13 50 35
14 49 45
15 48 50
19 44 50
28 35 70
black_pawns: 69524353607270400
35 36 50
48 55 45
49 54 35
50 53 25
52 51 45
53 50 35
54 49 25
55 48 20
white_pawns: 583424
8 55 5
9 54 15
10 53 25
13 50 35
14 49 45
15 48 50
19 44 50
black_pawns: 69524319515967488
28 27 25
48 55 20
49 54 10
50 53 0
52 51 20
53 50 10
54 49 0
55 48 -5
white_pawns: 268494592
8 55 5
9 54 15
10 53 25
13 50 35
14 49 45
15 48 50
28 35 70
black_pawns: 69524319247532032
48 55 65
49 54 55
50 53 45
52 51 65
53 50 55
54 49 45
55 48 40
white_pawns: 537450240
8 55 5
9 54 15
10 53 25
12 51 5
14 49 15
15 48 20
19 44 20
29 34 20
black_pawns: 69524353607270400
35 36 0
48 55 -5
49 54 -15
50 53 -25
52 51 -5
53 50 -15
54 49 -25
55 48 -30
white_pawns: 1074312960
8 55 5
9 54 15
10 53 25
12 51 5
13 50 15
15 48 20
19 44 20
30 33 20
black_pawns: 69524353607270400
35 36 0
48 55 -5
49 54 -15
50 53 -25
52 51 -5
53 50 -15
54 49 -25
55 48 -30
white_pawns: 2148038400
8 55 5
9 54 15
10 53 25
12 51 5
13 50 15
14 49 25
19 44 25
31 32 25
black_pawns: 69524353607270400
35 36 5
48 55 0
49 54 -10
50 53 -20
52 51 0
53 50 -10
54 49 -20
55 48 -25
white_pawns: 587520
8 55 5
9 54 15
10 53 25
12 51 5
13 50 15
14 49 25
15 48 30
19 44 30
black_pawns: 69524353607270400
35 36 10
48 55 5
49 54 -5
50 53 -15
52 51 5
53 50 -5
54 49 -15
55 48 -20
white_pawns: 587520
8 55 5
9 54 15
10 53 25
12 51 5
13 50 15
14 49 25
15 48 30
19 44 30
black_pawns: 69524353607270400
35 36 10
48 55 5
49 54 -5
50 53 -15
52 51 5
53 50 -5
54 49 -15
55 48 -20
white_pawns: 587520
8 55 5
9 54 15
10 53 25
12 51 5
13 50 15
14 49 25
15 48 30
19 44 30
black_pawns: 69524353607270400
35 36 10
48 55 5
49 54 -5
50 53 -15
52 51 5
53 50 -5
54 49 -15
55 48 -20
white_pawns: 587520
8 55 5
9 54 15
10 53 25
12 51 5
13 50 15
14 49 25
15 48 30
19 44 30
black_pawns: 69524353607270400
35 36 10
48 55 5
49 54 -5
50 53 -15
52 51 5
53 50 -5
54 49 -15
55 48 -20
white_pawns: 587520
8 55 5
9 54 15
10 53 25
12 51 5
13 50 15
14 49 25
15 48 30
19 44 30
black_pawns: 69524353607270400
35 36 10
48 55 5
49 54 -5
50 53 -15
52 51 5
53 50 -5
54 49 -15
55 48 -20
white_pawns: 587520
8 55 5
9 54 15
10 53 25
12 51 5
13 50 15
14 49 25
15 48 30
19 44 30
black_pawns: 69524353607270400
35 36 10
48 55 5
49 54 -5
50 53 -15
52 51 5
53 50 -5
54 49 -15
55 48 -20
white_pawns: 587520
8 55 5
9 54 15
10 53 25
12 51 5
13 50 15
14 49 25
15 48 30
19 44 30
black_pawns: 69524353607270400
35 36 10
48 55 5
49 54 -5
50 53 -15
52 51 5
53 50 -5
54 49 -15
55 48 -20
white_pawns: 587520
8 55 5
9 54 15
10 53 25
12 51 5
13 50 15
14 49 25
15 48 30
19 44 30
black_pawns: 69524353607270400
35 36 10
48 55 5
49 54 -5
50 53 -15
52 51 5
53 50 -5
54 49 -15
55 48 -20
white_pawns: 587520
8 55 5
9 54 15
10 53 25
12 51 5
13 50 15
14 49 25
15 48 30
19 44 30
black_pawns: 69524353607270400
35 36 10
48 55 5
49 54 -5
50 53 -15
52 51 5
53 50 -5
54 49 -15
55 48 -20
white_pawns: 587520
8 55 5
9 54 15
10 53 25
12 51 5
13 50 15
14 49 25
15 48 30
19 44 30
black_pawns: 69524353607270400
35 36 10
48 55 5
49 54 -5
50 53 -15
52 51 5
53 50 -5
54 49 -15
55 48 -20
white_pawns: 587520
8 55 5
9 54 15
10 53 25
12 51 5
13 50 15
14 49 25
15 48 30
19 44 30
black_pawns: 69524353607270400
35 36 10
48 55 5
49 54 -5
50 53 -15
52 51 5
53 50 -5
54 49 -15
55 48 -20
white_pawns: 587520
8 55 5
9 54 15
10 53 25
12 51 5
13 50 15
14 49 25
15 48 30
19 44 30
black_pawns: 69524353607270400
35 36 10
48 55 5
49 54 -5
50 53 -15
52 51 5
53 50 -5
54 49 -15
55 48 -20
white_pawns: 587520
8 55 5
9 54 15
10 53 25
12 51 5
13 50 15
14 49 25
15 48 30
19 44 30
black_pawns: 69524353607270400
35 36 10
48 55 5
49 54 -5
50 53 -15
52 51 5
53 50 -5
54 49 -15
55 48 -20
white_pawns: 587520
8 55 5
9 54 15
10 53 25
12 51 5
13 50 15
14 49 25
15 48 30
19 44 30
black_pawns: 69524353607270400
35 36 10
48 55 5
49 54 -5
50 53 -15
52 51 5
53 50 -5
54 49 -15
55 48 -20
white_pawns: 587520
8 55 5
9 54 15
10 53 25
12 51 5
13 50 15
14 49 25
15 48 30
19 44 30
black_pawns: 69524353607270400
35 36 10
48 55 5
49 54 -5
50 53 -15
52 51 5
53 50 -5
54 49 -15
55 48 -20
white_pawns: 652800
9 54 10
10 53 20
12 51 0
13 50 10
14 49 20
15 48 25
16 47 30
19 44 30
black_pawns: 67272588153323520
36 35 10
48 55 5
49 54 -5
50 53 -15
51 52 5
53 50 -5
54 49 -15
55 48 -20
white_pawns: 587264
9 54 10
10 53 20
12 51 0
13 50 10
14 49 20
15 48 25
19 44 25
black_pawns: 67272588153323520
36 35 5
48 55 0
49 54 -10
50 53 -20
51 52 0
53 50 -10
54 49 -20
55 48 -25
white_pawns: 652288
10 53 10
12 51 -10
13 50 0
14 49 10
15 48 15
16 47 20
19 44 20
black_pawns: 67272588153323520
36 35 0
48 55 -5
49 54 -15
50 53 -25
51 52 -5
53 50 -15
54 49 -25
55 48 -30
white_pawns: 718080
8 55 5
10 53 15
12 51 -5
13 50 5
14 49 15
15 48 20
17 46 15
19 44 15
black_pawns: 67272588153323520
36 35 -5
48 55 -10
49 54 -20
50 53 -30
51 52 -10
53 50 -20
54 49 -30
55 48 -35
white_pawns: 848640
8 55 5
9 54 15
12 51 -5
13 50 5
14 49 15
15 48 20
18 45 10
19 44 10
black_pawns: 67272588153323520
36 35 -10
48 55 -15
49 54 -25
50 53 -35
51 52 -15
53 50 -25
54 49 -35
55 48 -40
white_pawns: 1632000
8 55 5
9 54 15
10 53 25
13 50 35
14 49 45
15 48 50
19 44 50
20 43 50
black_pawns: 67272588153323520
36 35 30
48 55 25
49 54 15
50 53 5
51 52 25
53 50 15
54 49 5
55 48 0
white_pawns: 2676480
8 55 5
9 54 15
10 53 25
12 51 5
14 49 15
15 48 20
19 44 20
21 42 10
black_pawns: 67272588153323520
36 35 -10
48 55 -15
49 54 -25
50 53 -35
51 52 -15
53 50 -25
54 49 -35
55 48 -40
white_pawns: 4765440
8 55 5
9 54 15
10 53 25
12 51 5
13 50 15
15 48 20
19 44 20
22 41 15
black_pawns: 67272588153323520
36 35 -5
48 55 -10
49 54 -20
50 53 -30
51 52 -10
53 50 -20
54 49 -30
55 48 -35
white_pawns: 8943360
8 55 5
9 54 15
10 53 25
12 51 5
13 50 15
14 49 25
19 44 25
23 40 30
black_pawns: 67272588153323520
36 35 10
48 55 5
49 54 -5
50 53 -15
51 52 5
53 50 -5
54 49 -15
55 48 -20
white_pawns: 134280960
8 55 5
9 54 15
10 53 25
12 51 5
13 50 15
14 49 25
15 48 30
27 36 50
black_pawns: 67272588153323520
36 35 30
48 55 25
49 54 15
50 53 5
51 52 25
53 50 15
54 49 5
55 48 0
white_pawns: 63232
8 55 5
9 54 15
10 53 25
12 51 5
13 50 15
14 49 25
15 48 30
black_pawns: 67272519568064512
27 28 5
48 55 0
49 54 -10
50 53 -20
51 52 0
53 50 -10
54 49 -20
55 48 -25
white_pawns: 17364480
9 54 10
10 53 20
12 51 0
13 50 10
14 49 20
15 48 25
19 44 25
24 39 25
black_pawns: 67272588153323520
36 35 5
48 55 0
49 54 -10
50 53 -20
51 52 0
53 50 -10
54 49 -20
55 48 -25
white_pawns: 34141440
8 55 5
10 53 15
12 51 -5
13 50 5
14 49 15
15 48 20
19 44 20
25 38 20
black_pawns: 67272588153323520
36 35 0
48 55 -5
49 54 -15
50 53 -25
51 52 -5
53 50 -15
54 49 -25
55 48 -30
white_pawns: 67695360
8 55 5
9 54 15
12 51 -5
13 50 5
14 49 15
15 48 20
19 44 20
26 37 20
black_pawns: 67272588153323520
36 35 0
48 55 -5
49 54 -15
50 53 -25
51 52 -5
53 50 -15
54 49 -25
55 48 -30
white_pawns: 269018880
8 55 5
9 54 15
10 53 25
13 50 35
14 49 45
15 48 50
19 44 50
28 35 70
black_pawns: 67272588153323520
36 35 50
48 55 45
49 54 35
50 53 25
51 52 45
53 50 35
54 49 25
55 48 20
white_pawns: 537450240
8 55 5
9 54 15
10 53 25
12 51 5
14 49 15
15 48 20
19 44 20
29 34 20
black_pawns: 67272588153323520
36 35 0
48 55 -5
49 54 -15
50 53 -25
51 52 -5
53 50 -15
54 49 -25
55 48 -30
white_pawns: 1074312960
8 55 5
9 54 15
10 53 25
12 51 5
13 50 15
15 48 20
19 44 20
30 33 20
black_pawns: 67272588153323520
36 35 0
48 55 -5
49 54 -15
50 53 -25
51 52 -5
53 50 -15
54 49 -25
55 48 -30
white_pawns: 2148038400
8 55 5
9 54 15
10 53 25
12 51 5
13 50 15
14 49 25
19 44 25
31 32 25
black_pawns: 67272588153323520
36 35 5
48 55 0
49 54 -10
50 53 -20
51 52 0
53 50 -10
54 49 -20
55 48 -25
white_pawns: 587520
8 55 5
9 54 15
10 53 25
12 51 5
13 50 15
14 49 25
15 48 30
19 44 30
black_pawns: 67272588153323520
36 35 10
48 55 5
49 54 -5
50 53 -15
51 52 5
53 50 -5
54 49 -15
55 48 -20
white_pawns: 587520
8 55 5
9 54 15
10 53 25
12 51 5
13 50 15
14 49 25
15 48 30
19 44 30
black_pawns: 67272588153323520
36 35 10
48 55 5
49 54 -5
50 53 -15
51 52 5
53 50 -5
54 49 -15
55 48 -20
white_pawns: 587520
8 55 5
9 54 15
10 53 25
12 51 5
13 50 15
14 49 25
15 48 30
19 44 30
black_pawns: 67272588153323520
36 35 10
48 55 5
49 54 -5
50 53 -15
51 52 5
53 50 -5
54 49 -15
55 48 -20
white_pawns: 587520
8 55 5
9 54 15
10 53 25
12 51 5
13 50 15
14 49 25
15 48 30
19 44 30
black_pawns: 67272588153323520
36 35 10
48 55 5
49 54 -5
50 53 -15
51 52 5
53 50 -5
54 49 -15
55 48 -20
white_pawns: 652800
9 54 10
10 53 20
12 51 0
13 50 10
14 49 20
15 48 25
16 47 30
19 44 30
black_pawns: 62769057245429760
37 34 30
48 55 25
49 54 15
50 53 5
51 52 25
52 51 45
54 49 35
55 48 30
white_pawns: 587520
8 55 5
9 54 15
10 53 25
12 51 5
13 50 15
14 49 25
15 48 30
19 44 30
black_pawns: 53761720551735296
48 55 25
49 54 15
50 53 5
51 52 25
52 51 45
53 50 35
55 48 30
white_pawns: 652800
9 54 10
10 53 20
12 51 0
13 50 10
14 49 20
15 48 25
16 47 30
19 44 30
black_pawns: 35747871798067200
39 32 30
48 55 25
49 54 15
50 53 5
51 52 25
52 51 45
53 50 35
54 49 25
white_pawns: 718080
8 55 5
10 53 15
12 51 -5
13 50 5
14 49 15
15 48 20
17 46 15
19 44 15
black_pawns: 35747871798067200
39 32 15
48 55 10
49 54 0
50 53 -10
51 52 10
52 51 30
53 50 20
54 49 10
white_pawns: 652800
9 54 10
10 53 20
12 51 0
13 50 10
14 49 20
15 48 25
16 47 30
19 44 30
black_pawns: 71776119061217280
48 55 25
49 54 15
50 53 5
51 52 25
52 51 45
53 50 35
54 49 25
55 48 20
white_pawns: 718080
8 55 5
10 53 15
12 51 -5
13 50 5
14 49 15
15 48 20
17 46 15
19 44 15
black_pawns: 71776119061217280
48 55 10
49 54 0
50 53 -10
51 52 10
52 51 30
53 50 20
54 49 10
55 48 5
white_pawns: 848640
8 55 5
9 54 15
12 51 -5
13 50 5
14 49 15
15 48 20
18 45 10
19 44 10
black_pawns: 71776119061217280
48 55 5
49 54 -5
50 53 -15
51 52 5
52 51 25
53 50 15
54 49 5
55 48 0
white_pawns: 1632000
8 55 5
9 54 15
10 53 25
13 50 35
14 49 45
15 48 50
19 44 50
20 43 50
black_pawns: 71776119061217280
48 55 45
49 54 35
50 53 25
51 52 45
52 51 65
53 50 55
54 49 45
55 48 40
white_pawns: 2676480
8 55 5
9 54 15
10 53 25
12 51 5
14 49 15
15 48 20
19 44 20
21 42 10
black_pawns: 71776119061217280
48 55 5
49 54 -5
50 53 -15
51 52 5
52 51 25
53 50 15
54 49 5
55 48 0
white_pawns: 4765440
8 55 5
9 54 15
10 53 25
12 51 5
13 50 15
15 48 20
19 44 20
22 41 15
black_pawns: 71776119061217280
48 55 10
49 54 0
50 53 -10
51 52 10
52 51 30
53 50 20
54 49 10
55 48 5
white_pawns: 8943360
8 55 5
9 54 15
10 53 25
12 51 5
13 50 15
14 49 25
19 44 25
23 40 30
black_pawns: 71776119061217280
48 55 25
49 54 15
50 53 5
51 52 25
52 51 45
53 50 35
54 49 25
55 48 20
white_pawns: 134280960
8 55 5
9 54 15
10 53 25
12 51 5
13 50 15
14 49 25
15 48 30
27 36 50
black_pawns: 71776119061217280
48 55 45
49 54 35
50 53 25
51 52 45
52 51 65
53 50 55
54 49 45
55 48 40
white_pawns: 652800
9 54 10
10 53 20
12 51 0
13 50 10
14 49 20
15 48 25
16 47 30
19 44 30
black_pawns: 71776119061217280
48 55 25
49 54 15
50 53 5
51 52 25
52 51 45
53 50 35
54 49 25
55 48 20
white_pawns: 718080
8 55 5
10 53 15
12 51 -5
13 50 5
14 49 15
15 48 20
17 46 15
19 44 15
black_pawns: 71776119061217280
48 55 10
49 54 0
50 53 -10
51 52 10
52 51 30
53 50 20
54 49 10
55 48 5
white_pawns: 848640
8 55 5
9 54 15
12 51 -5
13 50 5
14 49 15
15 48 20
18 45 10
19 44 10
black_pawns: 71776119061217280
48 55 5
49 54 -5
50 53 -15
51 52 5
52 51 25
53 50 15
54 49 5
55 48 0
white_pawns: 1632000
8 55 5
9 54 15
10 53 25
13 50 35
14 49 45
15 48 50
19 44 50
20 43 50
black_pawns: 71776119061217280
48 55 45
49 54 35
50 53 25
51 52 45
52 51 65
53 50 55
54 49 45
55 48 40
white_pawns: 2676480
8 55 5
9 54 15
10 53 25
12 51 5
14 49 15
15 48 20
19 44 20
21 42 10
black_pawns: 71776119061217280
48 55 5
49 54 -5
50 53 -15
51 52 5
52 51 25
53 50 15
54 49 5
55 48 0
white_pawns: 4765440
8 55 5
9 54 15
10 53 25
12 51 5
13 50 15
15 48 20
19 44 20
22 41 15
black_pawns: 71776119061217280
48 55 10
49 54 0
50 53 -10
51 52 10
52 51 30
53 50 20
54 49 10
55 48 5
white_pawns: 8943360
8 55 5
9 54 15
10 53 25
12 51 5
13 50 15
14 49 25
19 44 25
23 40 30
black_pawns: 71776119061217280
48 55 25
49 54 15
50 53 5
51 52 25
52 51 45
53 50 35
54 49 25
55 48 20
white_pawns: 134280960
8 55 5
9 54 15
10 53 25
12 51 5
13 50 15
14 49 25
15 48 30
27 36 50
black_pawns: 71776119061217280
48 55 45
49 54 35
50 53 25
51 52 45
52 51 65
53 50 55
54 49 45
55 48 40
white_pawns: 63232
8 55 5
9 54 15
10 53 25
12 51 5
13 50 15
14 49 25
15 48 30
black_pawns: 71776119061217280
48 55 25
49 54 15
50 53 5
51 52 25
52 51 45
53 50 35
54 49 25
55 48 20
white_pawns: 17364480
9 54 10
10 53 20
12 51 0
13 50 10
14 49 20
15 48 25
19 44 25
24 39 25
black_pawns: 71776119061217280
48 55 20
49 54 10
50 53 0
51 52 20
52 51 40
53 50 30
54 49 20
55 48 15
white_pawns: 34141440
8 55 5
10 53 15
12 51 -5
13 50 5
14 49 15
15 48 20
19 44 20
25 38 20
black_pawns: 71776119061217280
48 55 15
49 54 5
50 53 -5
51 52 15
52 51 35
53 50 25
54 49 15
55 48 10
white_pawns: 67695360
8 55 5
9 54 15
12 51 -5
13 50 5
14 49 15
15 48 20
19 44 20
26 37 20
black_pawns: 71776119061217280
48 55 15
49 54 5
50 53 -5
51 52 15
52 51 35
53 50 25
54 49 15
55 48 10
white_pawns: 269018880
8 55 5
9 54 15
10 53 25
13 50 35
14 49 45
15 48 50
19 44 50
28 35 70
black_pawns: 71776119061217280
48 55 65
49 54 55
50 53 45
51 52 65
52 51 85
53 50 75
54 49 65
55 48 60
white_pawns: 537450240
8 55 5
9 54 15
10 53 25
12 51 5
14 49 15
15 48 20
19 44 20
29 34 20
black_pawns: 71776119061217280
48 55 15
49 54 5
50 53 -5
51 52 15
52 51 35
53 50 25
54 49 15
55 48 10
white_pawns: 1074312960
8 55 5
9 54 15
10 53 25
12 51 5
13 50 15
15 48 20
19 44 20
30 33 20
black_pawns: 71776119061217280
48 55 15
49 54 5
50 53 -5
51 52 15
52 51 35
53 50 25
54 49 15
55 48 10
white_pawns: 2148038400
8 55 5
9 54 15
10 53 25
12 51 5
13 50 15
14 49 25
19 44 25
31 32 25
black_pawns: 71776119061217280
48 55 20
49 54 10
50 53 0
51 52 20
52 51 40
53 50 30
54 49 20
55 48 15
white_pawns: 587520
8 55 5
9 54 15
10 53 25
12 51 5
13 50 15
14 49 25
15 48 30
19 44 30
black_pawns: 71776119061217280
48 55 25
49 54 15
50 53 5
51 52 25
52 51 45
53 50 35
54 49 25
55 48 20
white_pawns: 587520
8 55 5
9 54 15
10 53 25
12 51 5
13 50 15
14 49 25
15 48 30
19 44 30
black_pawns: 71776119061217280
48 55 25
49 54 15
50 53 5
51 52 25
52 51 45
53 50 35
54 49 25
55 48 20
white_pawns: 587520
8 55 5
9 54 15
10 53 25
12 51 5
13 50 15
14 49 25
15 48 30
19 44 30
black_pawns: 71776119061217280
48 55 25
49 54 15
50 53 5
51 52 25
52 51 45
53 50 35
54 49 25
55 48 20
white_pawns: 587520
8 55 5
9 54 15
10 53 25
12 51 5
13 50 15
14 49 25
15 48 30
19 44 30
black_pawns: 71776119061217280
48 55 25
49 54 15
50 53 5
51 52 25
52 51 45
53 50 35
54 49 25
55 48 20
white_pawns: 652800
9 54 10
10 53 20
12 51 0
13 50 10
14 49 20
15 48 25
16 47 30
19 44 30
black_pawns: 71776119061217280
48 55 25
49 54 15
50 53 5
51 52 25
52 51 45
53 50 35
54 49 25
55 48 20
white_pawns: 718080
8 55 5
10 53 15
12 51 -5
13 50 5
14 49 15
15 48 20
17 46 15
19 44 15
black_pawns: 71776119061217280
48 55 10
49 54 0
50 53 -10
51 52 10
52 51 30
53 50 20
54 49 10
55 48 5
white_pawns: 848640
8 55 5
9 54 15
12 51 -5
13 50 5
14 49 15
15 48 20
18 45 10
19 44 10
black_pawns: 71776119061217280
48 55 5
49 54 -5
50 53 -15
51 52 5
52 51 25
53 50 15
54 49 5
55 48 0
white_pawns: 1632000
8 55 5
9 54 15
10 53 25
13 50 35
14 49 45
15 48 50
19 44 50
20 43 50
black_pawns: 71776119061217280
48 55 45
49 54 35
50 53 25
51 52 45
52 51 65
53 50 55
54 49 45
55 48 40
white_pawns: 2676480
8 55 5
9 54 15
10 53 25
12 51 5
14 49 15
15 48 20
19 44 20
21 42 10
black_pawns: 71776119061217280
48 55 5
49 54 -5
50 53 -15
51 52 5
52 51 25
53 50 15
54 49 5
55 48 0
white_pawns: 4765440
8 55 5
9 54 15
10 53 25
12 51 5
13 50 15
15 48 20
19 44 20
22 41 15
black_pawns: 71776119061217280
48 55 10
49 54 0
50 53 -10
51 52 10
52 51 30
53 50 20
54 49 10
55 48 5
white_pawns: 8943360
8 55 5
9 54 15
10 53 25
12 51 5
13 50 15
14 49 25
19 44 25
23 40 30
black_pawns: 71776119061217280
48 55 25
49 54 15
50 53 5
51 52 25
52 51 45
53 50 35
54 49 25
55 48 20
white_pawns: 134280960
8 55 5
9 54 15
10 53 25
12 51 5
13 50 15
14 49 25
15 48 30
27 36 50
black_pawns: 71776119061217280
48 55 45
49 54 35
50 53 25
51 52 45
52 51 65
53 50 55
54 49 45
55 48 40
white_pawns: 17364480
9 54 10
10 53 20
12 51 0
13 50 10
14 49 20
15 48 25
19 44 25
24 39 25
black_pawns: 71776119061217280
48 55 20
49 54 10
50 53 0
51 52 20
52 51 40
53 50 30
54 49 20
55 48 15
white_pawns: 34141440
8 55 5
10 53 15
12 51 -5
13 50 5
14 49 15
15 48 20
19 44 20
25 38 20
black_pawns: 71776119061217280
48 55 15
49 54 5
50 53 -5
51 52 15
52 51 35
53 50 25
54 49 15
55 48 10
white_pawns: 67695360
8 55 5
9 54 15
12 51 -5
13 50 5
14 49 15
15 48 20
19 44 20
26 37 20
black_pawns: 71776119061217280
48 55 15
49 54 5
50 53 -5
51 52 15
52 51 35
53 50 25
54 49 15
55 48 10
white_pawns: 269018880
8 55 5
9 54 15
10 53 25
13 50 35
14 49 45
15 48 50
19 44 50
28 35 70
black_pawns: 71776119061217280
48 55 65
49 54 55
50 53 45
51 52 65
52 51 85
53 50 75
54 49 65
55 48 60
white_pawns: 583424
8 55 5
9 54 15
10 53 25
13 50 35
14 49 45
15 48 50
19 44 50
black_pawns: 71776119061217280
48 55 45
49 54 35
50 53 25
51 52 45
52 51 65
53 50 55
54 49 45
55 48 40
white_pawns: 268494592
8 55 5
9 54 15
10 53 25
13 50 35
14 49 45
15 48 50
28 35 70
black_pawns: 71776119061217280
48 55 65
49 54 55
50 53 45
51 52 65
52 51 85
53 50 75
54 49 65
55 48 60
white_pawns: 537450240
8 55 5
9 54 15
10 53 25
12 51 5
14 49 15
15 48 20
19 44 20
29 34 20
black_pawns: 71776119061217280
48 55 15
49 54 5
50 53 -5
51 52 15
52 51 35
53 50 25
54 49 15
55 48 10
white_pawns: 1074312960
8 55 5
9 54 15
10 53 25
12 51 5
13 50 15
15 48 20
19 44 20
30 33 20
black_pawns: 71776119061217280
48 55 15
49 54 5
50 53 -5
51 52 15
52 51 35
53 50 25
54 49 15
55 48 10
white_pawns: 2148038400
8 55 5
9 54 15
10 53 25
12 51 5
13 50 15
14 49 25
19 44 25
31 32 25
black_pawns: 71776119061217280
48 55 20
49 54 10
50 53 0
51 52 20
52 51 40
53 50 30
54 49 20
55 48 15
white_pawns: 587520
8 55 5
9 54 15
10 53 25
12 51 5
13 50 15
14 49 25
15 48 30
19 44 30
black_pawns: 71776119061217280
48 55 25
49 54 15
50 53 5
51 52 25
52 51 45
53 50 35
54 49 25
55 48 20
white_pawns: 587520
8 55 5
9 54 15
10 53 25
12 51 5
13 50 15
14 49 25
15 48 30
19 44 30
black_pawns: 71776119061217280
48 55 25
49 54 15
50 53 5
51 52 25
52 51 45
53 50 35
54 49 25
55 48 20
white_pawns: 587520
8 55 5
9 54 15
10 53 25
12 51 5
13 50 15
14 49 25
15 48 30
19 44 30
black_pawns: 71776119061217280
48 55 25
49 54 15
50 53 5
51 52 25
52 51 45
53 50 35
54 49 25
55 48 20
white_pawns: 587520
8 55 5
9 54 15
10 53 25
12 51 5
13 50 15
14 49 25
15 48 30
19 44 30
black_pawns: 71776119061217280
48 55 25
49 54 15
50 53 5
51 52 25
52 51 45
53 50 35
54 49 25
55 48 20
white_pawns: 587520
8 55 5
9 54 15
10 53 25
12 51 5
13 50 15
14 49 25
15 48 30
19 44 30
black_pawns: 71776119061217280
48 55 25
49 54 15
50 53 5
51 52 25
52 51 45
53 50 35
54 49 25
55 48 20
white_pawns: 587520
8 55 5
9 54 15
10 53 25
12 51 5
13 50 15
14 49 25
15 48 30
19 44 30
black_pawns: 53902458040090624
47 40 25
48 55 20
49 54 10
50 53 0
51 52 20
52 51 40
53 50 30
55 48 25
white_pawns: 652800
9 54 10
10 53 20
12 51 0
13 50 10
14 49 20
15 48 25
16 47 30
19 44 30
black_pawns: 71776119061217280
48 55 25
49 54 15
50 53 5
51 52 25
52 51 45
53 50 35
54 49 25
55 48 20
white_pawns: 718080
8 55 5
10 53 15
12 51 -5
13 50 5
14 49 15
15 48 20
17 46 15
19 44 15
black_pawns: 71776119061217280
48 55 10
49 54 0
50 53 -10
51 52 10
52 51 30
53 50 20
54 49 10
55 48 5
white_pawns: 848640
8 55 5
9 54 15
12 51 -5
13 50 5
14 49 15
15 48 20
18 45 10
19 44 10
black_pawns: 71776119061217280
48 55 5
49 54 -5
50 53 -15
51 52 5
52 51 25
53 50 15
54 49 5
55 48 0
white_pawns: 1632000
8 55 5
9 54 15
10 53 25
13 50 35
14 49 45
15 48 50
19 44 50
20 43 50
black_pawns: 71776119061217280
48 55 45
49 54 35
50 53 25
51 52 45
52 51 65
53 50 55
54 49 45
55 48 40
white_pawns: 2676480
8 55 5
9 54 15
10 53 25
12 51 5
14 49 15
15 48 20
19 44 20
21 42 10
black_pawns: 71776119061217280
48 55 5
49 54 -5
50 53 -15
51 52 5
52 51 25
53 50 15
54 49 5
55 48 0
white_pawns: 4765440
8 55 5
9 54 15
10 53 25
12 51 5
13 50 15
15 48 20
19 44 20
22 41 15
black_pawns: 71776119061217280
48 55 10
49 54 0
50 53 -10
51 52 10
52 51 30
53 50 20
54 49 10
55 48 5
white_pawns: 8943360
8 55 5
9 54 15
10 53 25
12 51 5
13 50 15
14 49 25
19 44 25
23 40 30
black_pawns: 71776119061217280
48 55 25
49 54 15
50 53 5
51 52 25
52 51 45
53 50 35
54 49 25
55 48 20
white_pawns: 134280960
8 55 5
9 54 15
10 53 25
12 51 5
13 50 15
14 49 25
15 48 30
27 36 50
black_pawns: 71776119061217280
48 55 45
49 54 35
50 53 25
51 52 45
52 51 65
53 50 55
54 49 45
55 48 40
white_pawns: 1109760
8 55 5
9 54 15
10 53 25
11 52 5
13 50 15
14 49 25
15 48 30
20 43 30
black_pawns: 71494644084506624
49 54 20
50 53 10
51 52 30
52 51 50
53 50 40
54 49 30
55 48 25
white_pawns: 1109760
8 55 5
9 54 15
10 53 25
11 52 5
13 50 15
14 49 25
15 48 30
20 43 30
black_pawns: 70932793642713088
40 47 25
50 53 15
51 52 35
52 51 55
53 50 45
54 49 35
55 48 30
white_pawns: 1109760
8 55 5
9 54 15
10 53 25
11 52 5
13 50 15
14 49 25
15 48 30
20 43 30
black_pawns: 71494644084506624
49 54 20
50 53 10
51 52 30
52 51 50
53 50 40
54 49 30
55 48 25
white_pawns: 1109760
8 55 5
9 54 15
10 53 25
11 52 5
13 50 15
14 49 25
15 48 30
20 43 30
black_pawns: 71494644084506624
49 54 20
50 53 10
51 52 30
52 51 50
53 50 40
54 49 30
55 48 25
white_pawns: 1175040
9 54 10
10 53 20
11 52 0
13 50 10
14 49 20
15 48 25
16 47 30
20 43 30
black_pawns: 71495743596134400
40 47 25
49 54 15
50 53 5
51 52 25
52 51 45
53 50 35
54 49 25
55 48 20
white_pawns: 1240320
8 55 5
10 53 15
11 52 -5
13 50 5
14 49 15
15 48 20
17 46 15
20 43 15
black_pawns: 71495743596134400
40 47 10
49 54 0
50 53 -10
51 52 10
52 51 30
53 50 20
54 49 10
55 48 5
white_pawns: 1370880
8 55 5
9 54 15
11 52 -5
13 50 5
14 49 15
15 48 20
18 45 10
20 43 10
black_pawns: 71495743596134400
40 47 5
49 54 -5
50 53 -15
51 52 5
52 51 25
53 50 15
54 49 5
55 48 0
white_pawns: 1632000
8 55 5
9 54 15
10 53 25
13 50 35
14 49 45
15 48 50
19 44 50
20 43 50
black_pawns: 71495743596134400
40 47 45
49 54 35
50 53 25
51 52 45
52 51 65
53 50 55
54 49 45
55 48 40
white_pawns: 3198720
8 55 5
9 54 15
10 53 25
11 52 5
14 49 15
15 48 20
20 43 20
21 42 10
black_pawns: 71495743596134400
40 47 5
49 54 -5
50 53 -15
51 52 5
52 51 25
53 50 15
54 49 5
55 48 0
white_pawns: 5287680
8 55 5
9 54 15
10 53 25
11 52 5
13 50 15
15 48 20
20 43 20
22 41 15
black_pawns: 71495743596134400
40 47 10
49 54 0
50 53 -10
51 52 10
52 51 30
53 50 20
54 49 10
55 48 5
white_pawns: 9465600
8 55 5
9 54 15
10 53 25
11 52 5
13 50 15
14 49 25
20 43 25
23 40 30
black_pawns: 71495743596134400
40 47 25
49 54 15
50 53 5
51 52 25
52 51 45
53 50 35
54 49 25
55 48 20
white_pawns: 268496640
8 55 5
9 54 15
10 53 25
11 52 5
13 50 15
14 49 25
15 48 30
28 35 50
black_pawns: 71495743596134400
40 47 45
49 54 35
50 53 25
51 52 45
52 51 65
53 50 55
54 49 45
55 48 40
white_pawns: 17886720
9 54 10
10 53 20
11 52 0
13 50 10
14 49 20
15 48 25
20 43 25
24 39 25
black_pawns: 71495743596134400
40 47 20
49 54 10
50 53 0
51 52 20
52 51 40
53 50 30
54 49 20
55 48 15
white_pawns: 34663680
8 55 5
10 53 15
11 52 -5
13 50 5
14 49 15
15 48 20
20 43 20
25 38 20
black_pawns: 71495743596134400
40 47 15
49 54 5
50 53 -5
51 52 15
52 51 35
53 50 25
54 49 15
55 48 10
white_pawns: 68217600
8 55 5
9 54 15
11 52 -5
13 50 5
14 49 15
15 48 20
20 43 20
26 37 20
black_pawns: 71495743596134400
40 47 15
49 54 5
50 53 -5
51 52 15
52 51 35
53 50 25
54 49 15
55 48 10
white_pawns: 135325440
8 55 5
9 54 15
10 53 25
13 50 35
14 49 45
15 48 50
20 43 50
27 36 70
black_pawns: 71495743596134400
40 47 65
49 54 55
50 53 45
51 52 65
52 51 85
53 50 75
54 49 65
55 48 60
white_pawns: 537972480
8 55 5
9 54 15
10 53 25
11 52 5
14 49 15
15 48 20
20 43 20
29 34 20
black_pawns: 71495743596134400
40 47 15
49 54 5
50 53 -5
51 52 15
52 51 35
53 50 25
54 49 15
55 48 10
white_pawns: 1074835200
8 55 5
9 54 15
10 53 25
11 52 5
13 50 15
15 48 20
20 43 20
30 33 20
black_pawns: 71495743596134400
40 47 15
49 54 5
50 53 -5
51 52 15
52 51 35
53 50 25
54 49 15
55 48 10
white_pawns: 2148560640
8 55 5
9 54 15
10 53 25
11 52 5
13 50 15
14 49 25
20 43 25
31 32 25
black_pawns: 71495743596134400
40 47 20
49 54 10
50 53 0
51 52 20
52 51 40
53 50 30
54 49 20
55 48 15
white_pawns: 1109760
8 55 5
9 54 15
10 53 25
11 52 5
13 50 15
14 49 25
15 48 30
20 43 30
black_pawns: 71495743596134400
40 47 25
49 54 15
50 53 5
51 52 25
52 51 45
53 50 35
54 49 25
55 48 20
white_pawns: 1109760
8 55 5
9 54 15
10 53 25
11 52 5
13 50 15
14 49 25
15 48 30
20 43 30
black_pawns: 71495743596134400
40 47 25
49 54 15
50 53 5
51 52 25
52 51 45
53 50 35
54 49 25
55 48 20
white_pawns: 1109760
8 55 5
9 54 15
10 53 25
11 52 5
13 50 15
14 49 25
15 48 30
20 43 30
black_pawns: 71495743596134400
40 47 25
49 54 15
50 53 5
51 52 25
52 51 45
53 50 35
54 49 25
55 48 20
white_pawns: 1109760
8 55 5
9 54 15
10 53 25
11 52 5
13 50 15
14 49 25
15 48 30
20 43 30
black_pawns: 71495743596134400
40 47 25
49 54 15
50 53 5
51 52 25
52 51 45
53 50 35
54 49 25
55 48 20
white_pawns: 1109760
8 55 5
9 54 15
10 53 25
11 52 5
13 50 15
14 49 25
15 48 30
20 43 30
black_pawns: 71495743596134400
40 47 25
49 54 15
50 53 5
51 52 25
52 51 45
53 50 35
54 49 25
55 48 20
white_pawns: 1109760
8 55 5
9 54 15
10 53 25
11 52 5
13 50 15
14 49 25
15 48 30
20 43 30
black_pawns: 71495743596134400
40 47 25
49 54 15
50 53 5
51 52 25
52 51 45
53 50 35
54 49 25
55 48 20
white_pawns: 1109760
8 55 5
9 54 15
10 53 25
11 52 5
13 50 15
14 49 25
15 48 30
20 43 30
black_pawns: 71495743596134400
40 47 25
49 54 15
50 53 5
51 52 25
52 51 45
53 50 35
54 49 25
55 48 20
white_pawns: 1109760
8 55 5
9 54 15
10 53 25
11 52 5
13 50 15
14 49 25
15 48 30
20 43 30
black_pawns: 71495743596134400
40 47 25
49 54 15
50 53 5
51 52 25
52 51 45
53 50 35
54 49 25
55 48 20
white_pawns: 1109760
8 55 5
9 54 15
10 53 25
11 52 5
13 50 15
14 49 25
15 48 30
20 43 30
black_pawns: 71495743596134400
40 47 25
49 54 15
50 53 5
51 52 25
52 51 45
53 50 35
54 49 25
55 48 20
white_pawns: 1109760
8 55 5
9 54 15
10 53 25
11 52 5
13 50 15
14 49 25
15 48 30
20 43 30
black_pawns: 71495743596134400
40 47 25
49 54 15
50 53 5
51 52 25
52 51 45
53 50 35
54 49 25
55 48 20
white_pawns: 1109760
8 55 5
9 54 15
10 53 25
11 52 5
13 50 15
14 49 25
15 48 30
20 43 30
black_pawns: 71495743596134400
40 47 25
49 54 15
50 53 5
51 52 25
52 51 45
53 50 35
54 49 25
55 48 20
white_pawns: 1175040
9 54 10
10 53 20
11 52 0
13 50 10
14 49 20
15 48 25
16 47 30
20 43 30
black_pawns: 71215368131051520
41 46 35
48 55 30
50 53 20
51 52 40
52 51 60
53 50 50
54 49 40
55 48 35
white_pawns: 1240320
8 55 5
10 53 15
11 52 -5
13 50 5
14 49 15
15 48 20
17 46 15
20 43 15
black_pawns: 71215368131051520
41 46 20
48 55 15
50 53 5
51 52 25
52 51 45
53 50 35
54 49 25
55 48 20
white_pawns: 1370880
8 55 5
9 54 15
11 52 -5
13 50 5
14 49 15
15 48 20
18 45 10
20 43 10
black_pawns: 71215368131051520
41 46 15
48 55 10
50 53 0
51 52 20
52 51 40
53 50 30
54 49 20
55 48 15
white_pawns: 1632000
8 55 5
9 54 15
10 53 25
13 50 35
14 49 45
15 48 50
19 44 50
20 43 50
black_pawns: 71215368131051520
41 46 55
48 55 50
50 53 40
51 52 60
52 51 80
53 50 70
54 49 60
55 48 55
white_pawns: 3198720
8 55 5
9 54 15
10 53 25
11 52 5
14 49 15
15 48 20
20 43 20
21 42 10
black_pawns: 71215368131051520
41 46 15
48 55 10
50 53 0
51 52 20
52 51 40
53 50 30
54 49 20
55 48 15
white_pawns: 5287680
8 55 5
9 54 15
10 53 25
11 52 5
13 50 15
15 48 20
20 43 20
22 41 15
black_pawns: 71215368131051520
41 46 20
48 55 15
50 53 5
51 52 25
52 51 45
53 50 35
54 49 25
55 48 20
white_pawns: 9465600
8 55 5
9 54 15
10 53 25
11 52 5
13 50 15
14 49 25
20 43 25
23 40 30
black_pawns: 71215368131051520
41 46 35
48 55 30
50 53 20
51 52 40
52 51 60
53 50 50
54 49 40
55 48 35
white_pawns: 268496640
8 55 5
9 54 15
10 53 25
11 52 5
13 50 15
14 49 25
15 48 30
28 35 50
black_pawns: 71215368131051520
41 46 55
48 55 50
50 53 40
51 52 60
52 51 80
53 50 70
54 49 60
55 48 55
white_pawns: 17886720
9 54 10
10 53 20
11 52 0
13 50 10
14 49 20
15 48 25
20 43 25
24 39 25
black_pawns: 71215368131051520
41 46 30
48 55 25
50 53 15
51 52 35
52 51 55
53 50 45
54 49 35
55 48 30
white_pawns: 34663680
8 55 5
10 53 15
11 52 -5
13 50 5
14 49 15
15 48 20
20 43 20
25 38 20
black_pawns: 71215368131051520
41 46 25
48 55 20
50 53 10
51 52 30
52 51 50
53 50 40
54 49 30
55 48 25
white_pawns: 68217600
8 55 5
9 54 15
11 52 -5
13 50 5
14 49 15
15 48 20
20 43 20
26 37 20
black_pawns: 71215368131051520
41 46 25
48 55 20
50 53 10
51 52 30
52 51 50
53 50 40
54 49 30
55 48 25
white_pawns: 135325440
8 55 5
9 54 15
10 53 25
13 50 35
14 49 45
15 48 50
20 43 50
27 36 70
black_pawns: 71215368131051520
41 46 75
48 55 70
50 53 60
51 52 80
52 51 100
53 50 90
54 49 80
55 48 75
white_pawns: 537972480
8 55 5
9 54 15
10 53 25
11 52 5
14 49 15
15 48 20
20 43 20
29 34 20
black_pawns: 71215368131051520
41 46 25
48 55 20
50 53 10
51 52 30
52 51 50
53 50 40
54 49 30
55 48 25
white_pawns: 1074835200
8 55 5
9 54 15
10 53 25
11 52 5
13 50 15
15 48 20
20 43 20
30 33 20
black_pawns: 71215368131051520
41 46 25
48 55 20
50 53 10
51 52 30
52 51 50
53 50 40
54 49 30
55 48 25
white_pawns: 2148560640
8 55 5
9 54 15
10 53 25
11 52 5
13 50 15
14 49 25
20 43 25
31 32 25
black_pawns: 71215368131051520
41 46 30
48 55 25
50 53 15
51 52 35
52 51 55
53 50 45
54 49 35
55 48 30
white_pawns: 1109760
8 55 5
9 54 15
10 53 25
11 52 5
13 50 15
14 49 25
15 48 30
20 43 30
black_pawns: 71215368131051520
41 46 35
48 55 30
50 53 20
51 52 40
52 51 60
53 50 50
54 49 40
55 48 35
white_pawns: 1109760
8 55 5
9 54 15
10 53 25
11 52 5
13 50 15
14 49 25
15 48 30
20 43 30
black_pawns: 71215368131051520
41 46 35
48 55 30
50 53 20
51 52 40
52 51 60
53 50 50
54 49 40
55 48 35
white_pawns: 1109760
8 55 5
9 54 15
10 53 25
11 52 5
13 50 15
14 49 25
15 48 30
20 43 30
black_pawns: 71215368131051520
41 46 35
48 55 30
50 53 20
51 52 40
52 51 60
53 50 50
54 49 40
55 48 35
white_pawns: 1109760
8 55 5
9 54 15
10 53 25
11 52 5
13 50 15
14 49 25
15 48 30
20 43 30
black_pawns: 71215368131051520
41 46 35
48 55 30
50 53 20
51 52 40
52 51 60
53 50 50
54 49 40
55 48 35
white_pawns: 1109760
8 55 5
9 54 15
10 53 25
11 52 5
13 50 15
14 49 25
15 48 30
20 43 30
black_pawns: 71215368131051520
41 46 35
48 55 30
50 53 20
51 52 40
52 51 60
53 50 50
54 49 40
55 48 35
white_pawns: 1109760
8 55 5
9 54 15
10 53 25
11 52 5
13 50 15
14 49 25
15 48 30
20 43 30
black_pawns: 71215368131051520
41 46 35
48 55 30
50 53 20
51 52 40
52 51 60
53 50 50
54 49 40
55 48 35
white_pawns: 1109760
8 55 5
9 54 15
10 53 25
11 52 5
13 50 15
14 49 25
15 48 30
20 43 30
black_pawns: 71215368131051520
41 46 35
48 55 30
50 53 20
51 52 40
52 51 60
53 50 50
54 49 40
55 48 35
white_pawns: 1109760
8 55 5
9 54 15
10 53 25
11 52 5
13 50 15
14 49 25
15 48 30
20 43 30
black_pawns: 71215368131051520
41 46 35
48 55 30
50 53 20
51 52 40
52 51 60
53 50 50
54 49 40
55 48 35
white_pawns: 1109760
8 55 5
9 54 15
10 53 25
11 52 5
13 50 15
14 49 25
15 48 30
20 43 30
black_pawns: 71215368131051520
41 46 35
48 55 30
50 53 20
51 52 40
52 51 60
53 50 50
54 49 40
55 48 35
white_pawns: 1109760
8 55 5
9 54 15
10 53 25
11 52 5
13 50 15
14 49 25
15 48 30
20 43 30
black_pawns: 71215368131051520
41 46 35
48 55 30
50 53 20
51 52 40
52 51 60
53 50 50
54 49 40
55 48 35
white_pawns: 1109760
8 55 5
9 54 15
10 53 25
11 52 5
13 50 15
14 49 25
15 48 30
20 43 30
black_pawns: 71215368131051520
41 46 35
48 55 30
50 53 20
51 52 40
52 51 60
53 50 50
54 49 40
55 48 35
white_pawns: 1109760
8 55 5
9 54 15
10 53 25
11 52 5
13 50 15
14 49 25
15 48 30
20 43 30
black_pawns: 71215368131051520
41 46 35
48 55 30
50 53 20
51 52 40
52 51 60
53 50 50
54 49 40
55 48 35
white_pawns: 1175040
9 54 10
10 53 20
11 52 0
13 50 10
14 49 20
15 48 25
16 47 30
20 43 30
black_pawns: 70654617200885760
42 45 40
48 55 35
49 54 25
51 52 45
52 51 65
53 50 55
54 49 45
55 48 40
white_pawns: 1240320
8 55 5
10 53 15
11 52 -5
13 50 5
14 49 15
15 48 20
17 46 15
20 43 15
black_pawns: 70654617200885760
42 45 25
48 55 20
49 54 10
51 52 30
52 51 50
53 50 40
54 49 30
55 48 25
white_pawns: 1370880
8 55 5
9 54 15
11 52 -5
13 50 5
14 49 15
15 48 20
18 45 10
20 43 10
black_pawns: 70654617200885760
42 45 20
48 55 15
49 54 5
51 52 25
52 51 45
53 50 35
54 49 25
55 48 20
white_pawns: 1632000
8 55 5
9 54 15
10 53 25
13 50 35
14 49 45
15 48 50
19 44 50
20 43 50
black_pawns: 70654617200885760
42 45 60
48 55 55
49 54 45
51 52 65
52 51 85
53 50 75
54 49 65
55 48 60
white_pawns: 3198720
8 55 5
9 54 15
10 53 25
11 52 5
14 49 15
15 48 20
20 43 20
21 42 10
black_pawns: 70654617200885760
42 45 20
48 55 15
49 54 5
51 52 25
52 51 45
53 50 35
54 49 25
55 48 20
white_pawns: 5287680
8 55 5
9 54 15
10 53 25
11 52 5
13 50 15
15 48 20
20 43 20
22 41 15
black_pawns: 70654617200885760
42 45 25
48 55 20
49 54 10
51 52 30
52 51 50
53 50 40
54 49 30
55 48 25
white_pawns: 9465600
8 55 5
9 54 15
10 53 25
11 52 5
13 50 15
14 49 25
20 43 25
23 40 30
black_pawns: 70654617200885760
42 45 40
48 55 35
49 54 25
51 52 45
52 51 65
53 50 55
54 49 45
55 48 40
white_pawns: 268496640
8 55 5
9 54 15
10 53 25
11 52 5
13 50 15
14 49 25
15 48 30
28 35 50
black_pawns: 70654617200885760
42 45 60
48 55 55
49 54 45
51 52 65
52 51 85
53 50 75
54 49 65
55 48 60
white_pawns: 17886720
9 54 10
10 53 20
11 52 0
13 50 10
14 49 20
15 48 25
20 43 25
24 39 25
black_pawns: 70654617200885760
42 45 35
48 55 30
49 54 20
51 52 40
52 51 60
53 50 50
54 49 40
55 48 35
white_pawns: 34663680
8 55 5
10 53 15
11 52 -5
13 50 5
14 49 15
15 48 20
20 43 20
25 38 20
black_pawns: 70654617200885760
42 45 30
48 55 25
49 54 15
51 52 35
52 51 55
53 50 45
54 49 35
55 48 30
white_pawns: 68217600
8 55 5
9 54 15
11 52 -5
13 50 5
14 49 15
15 48 20
20 43 20
26 37 20
black_pawns: 70654617200885760
42 45 30
48 55 25
49 54 15
51 52 35
52 51 55
53 50 45
54 49 35
55 48 30
white_pawns: 135325440
8 55 5
9 54 15
10 53 25
13 50 35
14 49 45
15 48 50
20 43 50
27 36 70
black_pawns: 70654617200885760
42 45 80
48 55 75
49 54 65
51 52 85
52 51 105
53 50 95
54 49 85
55 48 80
white_pawns: 1175040
9 54 10
10 53 20
11 52 0
13 50 10
14 49 20
15 48 25
16 47 30
20 43 30
black_pawns: 69533115340554240
43 44 30
48 55 25
49 54 15
50 53 5
52 51 25
53 50 15
54 49 5
55 48 0
white_pawns: 1240320
8 55 5
10 53 15
11 52 -5
13 50 5
14 49 15
15 48 20
17 46 15
20 43 15
black_pawns: 69533115340554240
43 44 15
48 55 10
49 54 0
50 53 -10
52 51 10
53 50 0
54 49 -10
55 48 -15
white_pawns: 1370880
8 55 5
9 54 15
11 52 -5
13 50 5
14 49 15
15 48 20
18 45 10
20 43 10
black_pawns: 69533115340554240
43 44 10
48 55 5
49 54 -5
50 53 -15
52 51 5
53 50 -5
54 49 -15
55 48 -20
white_pawns: 1632000
8 55 5
9 54 15
10 53 25
13 50 35
14 49 45
15 48 50
19 44 50
20 43 50
black_pawns: 69533115340554240
43 44 50
48 55 45
49 54 35
50 53 25
52 51 45
53 50 35
54 49 25
55 48 20
white_pawns: 3198720
8 55 5
9 54 15
10 53 25
11 52 5
14 49 15
15 48 20
20 43 20
21 42 10
black_pawns: 69533115340554240
43 44 10
48 55 5
49 54 -5
50 53 -15
52 51 5
53 50 -5
54 49 -15
55 48 -20
white_pawns: 5287680
8 55 5
9 54 15
10 53 25
11 52 5
13 50 15
15 48 20
20 43 20
22 41 15
black_pawns: 69533115340554240
43 44 15
48 55 10
49 54 0
50 53 -10
52 51 10
53 50 0
54 49 -10
55 48 -15
white_pawns: 9465600
8 55 5
9 54 15
10 53 25
11 52 5
13 50 15
14 49 25
20 43 25
23 40 30
black_pawns: 69533115340554240
43 44 30
48 55 25
49 54 15
50 53 5
52 51 25
53 50 15
54 49 5
55 48 0
white_pawns: 268496640
8 55 5
9 54 15
10 53 25
11 52 5
13 50 15
14 49 25
15 48 30
28 35 50
black_pawns: 69533115340554240
43 44 50
48 55 45
49 54 35
50 53 25
52 51 45
53 50 35
54 49 25
55 48 20
white_pawns: 17886720
9 54 10
10 53 20
11 52 0
13 50 10
14 49 20
15 48 25
20 43 25
24 39 25
black_pawns: 69533115340554240
43 44 25
48 55 20
49 54 10
50 53 0
52 51 20
53 50 10
54 49 0
55 48 -5
white_pawns: 34663680
8 55 5
10 53 15
11 52 -5
13 50 5
14 49 15
15 48 20
20 43 20
25 38 20
black_pawns: 69533115340554240
43 44 20
48 55 15
49 54 5
50 53 -5
52 51 15
53 50 5
54 49 -5
55 48 -10
white_pawns: 68217600
8 55 5
9 54 15
11 52 -5
13 50 5
14 49 15
15 48 20
20 43 20
26 37 20
black_pawns: 69533115340554240
43 44 20
48 55 15
49 54 5
50 53 -5
52 51 15
53 50 5
54 49 -5
55 48 -10
white_pawns: 135325440
8 55 5
9 54 15
10 53 25
13 50 35
14 49 45
15 48 50
20 43 50
27 36 70
black_pawns: 69533115340554240
43 44 70
48 55 65
49 54 55
50 53 45
52 51 65
53 50 55
54 49 45
55 48 40
white_pawns: 537972480
8 55 5
9 54 15
10 53 25
11 52 5
14 49 15
15 48 20
20 43 20
29 34 20
black_pawns: 69533115340554240
43 44 20
48 55 15
49 54 5
50 53 -5
52 51 15
53 50 5
54 49 -5
55 48 -10
white_pawns: 1074835200
8 55 5
9 54 15
10 53 25
11 52 5
13 50 15
15 48 20
20 43 20
30 33 20
black_pawns: 69533115340554240
43 44 20
48 55 15
49 54 5
50 53 -5
52 51 15
53 50 5
54 49 -5
55 48 -10
white_pawns: 2148560640
8 55 5
9 54 15
10 53 25
11 52 5
13 50 15
14 49 25
20 43 25
31 32 25
black_pawns: 69533115340554240
43 44 25
48 55 20
49 54 10
50 53 0
52 51 20
53 50 10
54 49 0
55 48 -5
white_pawns: 1109760
8 55 5
9 54 15
10 53 25
11 52 5
13 50 15
14 49 25
15 48 30
20 43 30
black_pawns: 69533115340554240
43 44 30
48 55 25
49 54 15
50 53 5
52 51 25
53 50 15
54 49 5
55 48 0
white_pawns: 1109760
8 55 5
9 54 15
10 53 25
11 52 5
13 50 15
14 49 25
15 48 30
20 43 30
black_pawns: 69533115340554240
43 44 30
48 55 25
49 54 15
50 53 5
52 51 25
53 50 15
54 49 5
55 48 0
white_pawns: 1109760
8 55 5
9 54 15
10 53 25
11 52 5
13 50 15
14 49 25
15 48 30
20 43 30
black_pawns: 69533115340554240
43 44 30
48 55 25
49 54 15
50 53 5
52 51 25
53 50 15
54 49 5
55 48 0
white_pawns: 1109760
8 55 5
9 54 15
10 53 25
11 52 5
13 50 15
14 49 25
15 48 30
20 43 30
black_pawns: 69533115340554240
43 44 30
48 55 25
49 54 15
50 53 5
52 51 25
53 50 15
54 49 5
55 48 0
white_pawns: 1109760
8 55 5
9 54 15
10 53 25
11 52 5
13 50 15
14 49 25
15 48 30
20 43 30
black_pawns: 69533115340554240
43 44 30
48 55 25
49 54 15
50 53 5
52 51 25
53 50 15
54 49 5
55 48 0
white_pawns: 1109760
8 55 5
9 54 15
10 53 25
11 52 5
13 50 15
14 49 25
15 48 30
20 43 30
black_pawns: 69533115340554240
43 44 30
48 55 25
49 54 15
50 53 5
52 51 25
53 50 15
54 49 5
55 48 0
white_pawns: 1109760
8 55 5
9 54 15
10 53 25
11 52 5
13 50 15
14 49 25
15 48 30
20 43 30
black_pawns: 69533115340554240
43 44 30
48 55 25
49 54 15
50 53 5
52 51 25
53 50 15
54 49 5
55 48 0
white_pawns: 1109760
8 55 5
9 54 15
10 53 25
11 52 5
13 50 15
14 49 25
15 48 30
20 43 30
black_pawns: 69533115340554240
43 44 30
48 55 25
49 54 15
50 53 5
52 51 25
53 50 15
54 49 5
55 48 0
white_pawns: 1109760
8 55 5
9 54 15
10 53 25
11 52 5
13 50 15
14 49 25
15 48 30
20 43 30
black_pawns: 69533115340554240
43 44 30
48 55 25
49 54 15
50 53 5
52 51 25
53 50 15
54 49 5
55 48 0
white_pawns: 1109760
8 55 5
9 54 15
10 53 25
11 52 5
13 50 15
14 49 25
15 48 30
20 43 30
black_pawns: 69533115340554240
43 44 30
48 55 25
49 54 15
50 53 5
52 51 25
53 50 15
54 49 5
55 48 0
white_pawns: 1109760
8 55 5
9 54 15
10 53 25
11 52 5
13 50 15
14 49 25
15 48 30
20 43 30
black_pawns: 69533115340554240
43 44 30
48 55 25
49 54 15
50 53 5
52 51 25
53 50 15
54 49 5
55 48 0
white_pawns: 1109760
8 55 5
9 54 15
10 53 25
11 52 5
13 50 15
14 49 25
15 48 30
20 43 30
black_pawns: 69533115340554240
43 44 30
48 55 25
49 54 15
50 53 5
52 51 25
53 50 15
54 49 5
55 48 0
white_pawns: 1175040
9 54 10
10 53 20
11 52 0
13 50 10
14 49 20
15 48 25
16 47 30
20 43 30
black_pawns: 67290111619891200
44 43 30
48 55 25
49 54 15
50 53 5
51 52 25
53 50 15
54 49 5
55 48 0
white_pawns: 1109504
9 54 10
10 53 20
11 52 0
13 50 10
14 49 20
15 48 25
20 43 25
black_pawns: 67290111619891200
44 43 25
48 55 20
49 54 10
50 53 0
51 52 20
53 50 10
54 49 0
55 48 -5
white_pawns: 1174528
10 53 10
11 52 -10
13 50 0
14 49 10
15 48 15
16 47 20
20 43 20
black_pawns: 67290111619891200
44 43 20
48 55 15
49 54 5
50 53 -5
51 52 15
53 50 5
54 49 -5
55 48 -10
white_pawns: 1240320
8 55 5
10 53 15
11 52 -5
13 50 5
14 49 15
15 48 20
17 46 15
20 43 15
black_pawns: 67290111619891200
44 43 15
48 55 10
49 54 0
50 53 -10
51 52 10
53 50 0
54 49 -10
55 48 -15
white_pawns: 1370880
8 55 5
9 54 15
11 52 -5
13 50 5
14 49 15
15 48 20
18 45 10
20 43 10
black_pawns: 67290111619891200
44 43 10
48 55 5
49 54 -5
50 53 -15
51 52 5
53 50 -5
54 49 -15
55 48 -20
white_pawns: 1632000
8 55 5
9 54 15
10 53 25
13 50 35
14 49 45
15 48 50
19 44 50
20 43 50
black_pawns: 67290111619891200
44 43 50
48 55 45
49 54 35
50 53 25
51 52 45
53 50 35
54 49 25
55 48 20
white_pawns: 3198720
8 55 5
9 54 15
10 53 25
11 52 5
14 49 15
15 48 20
20 43 20
21 42 10
black_pawns: 67290111619891200
44 43 10
48 55 5
49 54 -5
50 53 -15
51 52 5
53 50 -5
54 49 -15
55 48 -20
white_pawns: 5287680
8 55 5
9 54 15
10 53 25
11 52 5
13 50 15
15 48 20
20 43 20
22 41 15
black_pawns: 67290111619891200
44 43 15
48 55 10
49 54 0
50 53 -10
51 52 10
53 50 0
54 49 -10
55 48 -15
white_pawns: 9465600
8 55 5
9 54 15
10 53 25
11 52 5
13 50 15
14 49 25
20 43 25
23 40 30
black_pawns: 67290111619891200
44 43 30
48 55 25
49 54 15
50 53 5
51 52 25
53 50 15
54 49 5
55 48 0
white_pawns: 268496640
8 55 5
9 54 15
10 53 25
11 52 5
13 50 15
14 49 25
15 48 30
28 35 50
black_pawns: 67290111619891200
44 43 50
48 55 45
49 54 35
50 53 25
51 52 45
53 50 35
54 49 25
55 48 20
white_pawns: 17886720
9 54 10
10 53 20
11 52 0
13 50 10
14 49 20
15 48 25
20 43 25
24 39 25
black_pawns: 67290111619891200
44 43 25
48 55 20
49 54 10
50 53 0
51 52 20
53 50 10
54 49 0
55 48 -5
white_pawns: 34663680
8 55 5
10 53 15
11 52 -5
13 50 5
14 49 15
15 48 20
20 43 20
25 38 20
black_pawns: 67290111619891200
44 43 20
48 55 15
49 54 5
50 53 -5
51 52 15
53 50 5
54 49 -5
55 48 -10
white_pawns: 68217600
8 55 5
9 54 15
11 52 -5
13 50 5
14 49 15
15 48 20
20 43 20
26 37 20
black_pawns: 67290111619891200
44 43 20
48 55 15
49 54 5
50 53 -5
51 52 15
53 50 5
54 49 -5
55 48 -10
white_pawns: 135325440
8 55 5
9 54 15
10 53 25
13 50 35
14 49 45
15 48 50
20 43 50
27 36 70
black_pawns: 67290111619891200
44 43 70
48 55 65
49 54 55
50 53 45
51 52 65
53 50 55
54 49 45
55 48 40
white_pawns: 537972480
8 55 5
9 54 15
10 53 25
11 52 5
14 49 15
15 48 20
20 43 20
29 34 20
black_pawns: 67290111619891200
44 43 20
48 55 15
49 54 5
50 53 -5
51 52 15
53 50 5
54 49 -5
55 48 -10
white_pawns: 1074835200
8 55 5
9 54 15
10 53 25
11 52 5
13 50 15
15 48 20
20 43 20
30 33 20
black_pawns: 67290111619891200
44 43 20
48 55 15
49 54 5
50 53 -5
51 52 15
53 50 5
54 49 -5
55 48 -10
white_pawns: 2148560640
8 55 5
9 54 15
10 53 25
11 52 5
13 50 15
14 49 25
20 43 25
31 32 25
black_pawns: 67290111619891200
44 43 25
48 55 20
49 54 10
50 53 0
51 52 20
53 50 10
54 49 0
55 48 -5
white_pawns: 1109760
8 55 5
9 54 15
10 53 25
11 52 5
13 50 15
14 49 25
15 48 30
20 43 30
black_pawns: 67290111619891200
44 43 30
48 55 25
49 54 15
50 53 5
51 52 25
53 50 15
54 49 5
55 48 0
white_pawns: 1109760
8 55 5
9 54 15
10 53 25
11 52 5
13 50 15
14 49 25
15 48 30
20 43 30
black_pawns: 67290111619891200
44 43 30
48 55 25
49 54 15
50 53 5
51 52 25
53 50 15
54 49 5
55 48 0
white_pawns: 1175040
9 54 10
10 53 20
11 52 0
13 50 10
14 49 20
15 48 25
16 47 30
20 43 30
black_pawns: 62804104178565120
45 42 40
48 55 35
49 54 25
50 53 15
51 52 35
52 51 55
54 49 45
55 48 40
white_pawns: 1175040
9 54 10
10 53 20
11 52 0
13 50 10
14 49 20
15 48 25
16 47 30
20 43 30
black_pawns: 53832089295912960
46 41 35
48 55 30
49 54 20
50 53 10
51 52 30
52 51 50
53 50 40
55 48 35
white_pawns: 1240320
8 55 5
10 53 15
11 52 -5
13 50 5
14 49 15
15 48 20
17 46 15
20 43 15
black_pawns: 53832089295912960
46 41 20
48 55 15
49 54 5
50 53 -5
51 52 15
52 51 35
53 50 25
55 48 20
white_pawns: 1370880
8 55 5
9 54 15
11 52 -5
13 50 5
14 49 15
15 48 20
18 45 10
20 43 10
black_pawns: 53832089295912960
46 41 15
48 55 10
49 54 0
50 53 -10
51 52 10
52 51 30
53 50 20
55 48 15
white_pawns: 1632000
8 55 5
9 54 15
10 53 25
13 50 35
14 49 45
15 48 50
19 44 50
20 43 50
black_pawns: 53832089295912960
46 41 55
48 55 50
49 54 40
50 53 30
51 52 50
52 51 70
53 50 60
55 48 55
white_pawns: 3198720
8 55 5
9 54 15
10 53 25
11 52 5
14 49 15
15 48 20
20 43 20
21 42 10
black_pawns: 53832089295912960
46 41 15
48 55 10
49 54 0
50 53 -10
51 52 10
52 51 30
53 50 20
55 48 15
white_pawns: 5287680
8 55 5
9 54 15
10 53 25
11 52 5
13 50 15
15 48 20
20 43 20
22 41 15
black_pawns: 53832089295912960
46 41 20
48 55 15
49 54 5
50 53 -5
51 52 15
52 51 35
53 50 25
55 48 20
white_pawns: 9465600
8 55 5
9 54 15
10 53 25
11 52 5
13 50 15
14 49 25
20 43 25
23 40 30
black_pawns: 53832089295912960
46 41 35
48 55 30
49 54 20
50 53 10
51 52 30
52 51 50
53 50 40
55 48 35
white_pawns: 268496640
8 55 5
9 54 15
10 53 25
11 52 5
13 50 15
14 49 25
15 48 30
28 35 50
black_pawns: 53832089295912960
46 41 55
48 55 50
49 54 40
50 53 30
51 52 50
52 51 70
53 50 60
55 48 55
white_pawns: 1175040
9 54 10
10 53 20
11 52 0
13 50 10
14 49 20
15 48 25
16 47 30
20 43 30
black_pawns: 35888059530608640
47 40 25
48 55 20
49 54 10
50 53 0
51 52 20
52 51 40
53 50 30
54 49 20
white_pawns: 1240320
8 55 5
10 53 15
11 52 -5
13 50 5
14 49 15
15 48 20
17 46 15
20 43 15
black_pawns: 35888059530608640
47 40 10
48 55 5
49 54 -5
50 53 -15
51 52 5
52 51 25
53 50 15
54 49 5
white_pawns: 1370880
8 55 5
9 54 15
11 52 -5
13 50 5
14 49 15
15 48 20
18 45 10
20 43 10
black_pawns: 35888059530608640
47 40 5
48 55 0
49 54 -10
50 53 -20
51 52 0
52 51 20
53 50 10
54 49 0
white_pawns: 1632000
8 55 5
9 54 15
10 53 25
13 50 35
14 49 45
15 48 50
19 44 50
20 43 50
black_pawns: 35888059530608640
47 40 45
48 55 40
49 54 30
50 53 20
51 52 40
52 51 60
53 50 50
54 49 40
white_pawns: 1175040
9 54 10
10 53 20
11 52 0
13 50 10
14 49 20
15 48 25
16 47 30
20 43 30
black_pawns: 71494648379473920
32 39 30
49 54 20
50 53 10
51 52 30
52 51 50
53 50 40
54 49 30
55 48 25
white_pawns: 1240320
8 55 5
10 53 15
11 52 -5
13 50 5
14 49 15
15 48 20
17 46 15
20 43 15
black_pawns: 71494648379473920
32 39 15
49 54 5
50 53 -5
51 52 15
52 51 35
53 50 25
54 49 15
55 48 10
white_pawns: 1370880
8 55 5
9 54 15
11 52 -5
13 50 5
14 49 15
15 48 20
18 45 10
20 43 10
black_pawns: 71494648379473920
32 39 10
49 54 0
50 53 -10
51 52 10
52 51 30
53 50 20
54 49 10
55 48 5
white_pawns: 1632000
8 55 5
9 54 15
10 53 25
13 50 35
14 49 45
15 48 50
19 44 50
20 43 50
black_pawns: 71494648379473920
32 39 50
49 54 40
50 53 30
51 52 50
52 51 70
53 50 60
54 49 50
55 48 45
white_pawns: 3198720
8 55 5
9 54 15
10 53 25
11 52 5
14 49 15
15 48 20
20 43 20
21 42 10
black_pawns: 71494648379473920
32 39 10
49 54 0
50 53 -10
51 52 10
52 51 30
53 50 20
54 49 10
55 48 5
white_pawns: 5287680
8 55 5
9 54 15
10 53 25
11 52 5
13 50 15
15 48 20
20 43 20
22 41 15
black_pawns: 71494648379473920
32 39 15
49 54 5
50 53 -5
51 52 15
52 51 35
53 50 25
54 49 15
55 48 10
white_pawns: 9465600
8 55 5
9 54 15
10 53 25
11 52 5
13 50 15
14 49 25
20 43 25
23 40 30
black_pawns: 71494648379473920
32 39 30
49 54 20
50 53 10
51 52 30
52 51 50
53 50 40
54 49 30
55 48 25
white_pawns: 268496640
8 55 5
9 54 15
10 53 25
11 52 5
13 50 15
14 49 25
15 48 30
28 35 50
black_pawns: 71494648379473920
32 39 50
49 54 40
50 53 30
51 52 50
52 51 70
53 50 60
54 49 50
55 48 45
white_pawns: 1109760
8 55 5
9 54 15
10 53 25
11 52 5
13 50 15
14 49 25
15 48 30
20 43 30
black_pawns: 71213169107795968
48 55 25
50 53 15
51 52 35
52 51 55
53 50 45
54 49 35
55 48 30
white_pawns: 1175040
9 54 10
10 53 20
11 52 0
13 50 10
14 49 20
15 48 25
16 47 30
20 43 30
black_pawns: 70650236334243840
34 37 30
48 55 25
49 54 15
51 52 35
52 51 55
53 50 45
54 49 35
55 48 30
white_pawns: 1175040
9 54 10
10 53 20
11 52 0
13 50 10
14 49 20
15 48 25
16 47 30
20 43 30
black_pawns: 69524353607270400
35 36 10
48 55 5
49 54 -5
50 53 -15
52 51 5
53 50 -5
54 49 -15
55 48 -20
white_pawns: 1240320
8 55 5
10 53 15
11 52 -5
13 50 5
14 49 15
15 48 20
17 46 15
20 43 15
black_pawns: 69524353607270400
35 36 -5
48 55 -10
49 54 -20
50 53 -30
52 51 -10
53 50 -20
54 49 -30
55 48 -35
white_pawns: 1370880
8 55 5
9 54 15
11 52 -5
13 50 5
14 49 15
15 48 20
18 45 10
20 43 10
black_pawns: 69524353607270400
35 36 -10
48 55 -15
49 54 -25
50 53 -35
52 51 -15
53 50 -25
54 49 -35
55 48 -40
white_pawns: 1632000
8 55 5
9 54 15
10 53 25
13 50 35
14 49 45
15 48 50
19 44 50
20 43 50
black_pawns: 69524353607270400
35 36 30
48 55 25
49 54 15
50 53 5
52 51 25
53 50 15
54 49 5
55 48 0
white_pawns: 3198720
8 55 5
9 54 15
10 53 25
11 52 5
14 49 15
15 48 20
20 43 20
21 42 10
black_pawns: 69524353607270400
35 36 -10
48 55 -15
49 54 -25
50 53 -35
52 51 -15
53 50 -25
54 49 -35
55 48 -40
white_pawns: 5287680
8 55 5
9 54 15
10 53 25
11 52 5
13 50 15
15 48 20
20 43 20
22 41 15
black_pawns: 69524353607270400
35 36 -5
48 55 -10
49 54 -20
50 53 -30
52 51 -10
53 50 -20
54 49 -30
55 48 -35
white_pawns: 9465600
8 55 5
9 54 15
10 53 25
11 52 5
13 50 15
14 49 25
20 43 25
23 40 30
black_pawns: 69524353607270400
35 36 10
48 55 5
49 54 -5
50 53 -15
52 51 5
53 50 -5
54 49 -15
55 48 -20
white_pawns: 268496640
8 55 5
9 54 15
10 53 25
11 52 5
13 50 15
14 49 25
15 48 30
28 35 50
black_pawns: 69524353607270400
35 36 30
48 55 25
49 54 15
50 53 5
52 51 25
53 50 15
54 49 5
55 48 0
white_pawns: 61184
8 55 5
9 54 15
10 53 25
11 52 5
13 50 15
14 49 25
15 48 30
black_pawns: 69524319515967488
28 27 5
48 55 0
49 54 -10
50 53 -20
52 51 0
53 50 -10
54 49 -20
55 48 -25
white_pawns: 61184
8 55 5
9 54 15
10 53 25
11 52 5
13 50 15
14 49 25
15 48 30
black_pawns: 69524319247532032
48 55 25
49 54 15
50 53 5
52 51 25
53 50 15
54 49 5
55 48 0
white_pawns: 17886720
9 54 10
10 53 20
11 52 0
13 50 10
14 49 20
15 48 25
20 43 25
24 39 25
black_pawns: 69524353607270400
35 36 5
48 55 0
49 54 -10
50 53 -20
52 51 0
53 50 -10
54 49 -20
55 48 -25
white_pawns: 34663680
8 55 5
10 53 15
11 52 -5
13 50 5
14 49 15
15 48 20
20 43 20
25 38 20
black_pawns: 69524353607270400
35 36 0
48 55 -5
49 54 -15
50 53 -25
52 51 -5
53 50 -15
54 49 -25
55 48 -30
white_pawns: 68217600
8 55 5
9 54 15
11 52 -5
13 50 5
14 49 15
15 48 20
20 43 20
26 37 20
black_pawns: 69524353607270400
35 36 0
48 55 -5
49 54 -15
50 53 -25
52 51 -5
53 50 -15
54 49 -25
55 48 -30
white_pawns: 135325440
8 55 5
9 54 15
10 53 25
13 50 35
14 49 45
15 48 50
20 43 50
27 36 70
black_pawns: 69524353607270400
35 36 50
48 55 45
49 54 35
50 53 25
52 51 45
53 50 35
54 49 25
55 48 20
white_pawns: 537972480
8 55 5
9 54 15
10 53 25
11 52 5
14 49 15
15 48 20
20 43 20
29 34 20
black_pawns: 69524353607270400
35 36 0
48 55 -5
49 54 -15
50 53 -25
52 51 -5
53 50 -15
54 49 -25
55 48 -30
white_pawns: 1074835200
8 55 5
9 54 15
10 53 25
11 52 5
13 50 15
15 48 20
20 43 20
30 33 20
black_pawns: 69524353607270400
35 36 0
48 55 -5
49 54 -15
50 53 -25
52 51 -5
53 50 -15
54 49 -25
55 48 -30
white_pawns: 2148560640
8 55 5
9 54 15
10 53 25
11 52 5
13 50 15
14 49 25
20 43 25
31 32 25
black_pawns: 69524353607270400
35 36 5
48 55 0
49 54 -10
50 53 -20
52 51 0
53 50 -10
54 49 -20
55 48 -25
white_pawns: 1109760
8 55 5
9 54 15
10 53 25
11 52 5
13 50 15
14 49 25
15 48 30
20 43 30
black_pawns: 69524353607270400
35 36 10
48 55 5
49 54 -5
50 53 -15
52 51 5
53 50 -5
54 49 -15
55 48 -20
white_pawns: 1109760
8 55 5
9 54 15
10 53 25
11 52 5
13 50 15
14 49 25
15 48 30
20 43 30
black_pawns: 69524353607270400
35 36 10
48 55 5
49 54 -5
50 53 -15
52 51 5
53 50 -5
54 49 -15
55 48 -20
white_pawns: 1109760
8 55 5
9 54 15
10 53 25
11 52 5
13 50 15
14 49 25
15 48 30
20 43 30
black_pawns: 69524353607270400
35 36 10
48 55 5
49 54 -5
50 53 -15
52 51 5
53 50 -5
54 49 -15
55 48 -20
white_pawns: 1109760
8 55 5
9 54 15
10 53 25
11 52 5
13 50 15
14 49 25
15 48 30
20 43 30
black_pawns: 69524353607270400
35 36 10
48 55 5
49 54 -5
50 53 -15
52 51 5
53 50 -5
54 49 -15
55 48 -20
white_pawns: 1109760
8 55 5
9 54 15
10 53 25
11 52 5
13 50 15
14 49 25
15 48 30
20 43 30
black_pawns: 69524353607270400
35 36 10
48 55 5
49 54 -5
50 53 -15
52 51 5
53 50 -5
54 49 -15
55 48 -20
white_pawns: 1109760
8 55 5
9 54 15
10 53 25
11 52 5
13 50 15
14 49 25
15 48 30
20 43 30
black_pawns: 69524353607270400
35 36 10
48 55 5
49 54 -5
50 53 -15
52 51 5
53 50 -5
54 49 -15
55 48 -20
white_pawns: 1109760
8 55 5
9 54 15
10 53 25
11 52 5
13 50 15
14 49 25
15 48 30
20 43 30
black_pawns: 69524353607270400
35 36 10
48 55 5
49 54 -5
50 53 -15
52 51 5
53 50 -5
54 49 -15
55 48 -20
white_pawns: 1109760
8 55 5
9 54 15
10 53 25
11 52 5
13 50 15
14 49 25
15 48 30
20 43 30
black_pawns: 69524353607270400
35 36 10
48 55 5
49 54 -5
50 53 -15
52 51 5
53 50 -5
54 49 -15
55 48 -20
white_pawns: 1109760
8 55 5
9 54 15
10 53 25
11 52 5
13 50 15
14 49 25
15 48 30
20 43 30
black_pawns: 69524353607270400
35 36 10
48 55 5
49 54 -5
50 53 -15
52 51 5
53 50 -5
54 49 -15
55 48 -20
white_pawns: 1109760
8 55 5
9 54 15
10 53 25
11 52 5
13 50 15
14 49 25
15 48 30
20 43 30
black_pawns: 69524353607270400
35 36 10
48 55 5
49 54 -5
50 53 -15
52 51 5
53 50 -5
54 49 -15
55 48 -20
white_pawns: 1109760
8 55 5
9 54 15
10 53 25
11 52 5
13 50 15
14 49 25
15 48 30
20 43 30
black_pawns: 69524353607270400
35 36 10
48 55 5
49 54 -5
50 53 -15
52 51 5
53 50 -5
54 49 -15
55 48 -20
white_pawns: 1109760
8 55 5
9 54 15
10 53 25
11 52 5
13 50 15
14 49 25
15 48 30
20 43 30
black_pawns: 69524353607270400
35 36 10
48 55 5
49 54 -5
50 53 -15
52 51 5
53 50 -5
54 49 -15
55 48 -20
white_pawns: 1175040
9 54 10
10 53 20
11 52 0
13 50 10
14 49 20
15 48 25
16 47 30
20 43 30
black_pawns: 67272588153323520
36 35 10
48 55 5
49 54 -5
50 53 -15
51 52 5
53 50 -5
54 49 -15
55 48 -20
white_pawns: 1109504
9 54 10
10 53 20
11 52 0
13 50 10
14 49 20
15 48 25
20 43 25
black_pawns: 67272588153323520
36 35 5
48 55 0
49 54 -10
50 53 -20
51 52 0
53 50 -10
54 49 -20
55 48 -25
white_pawns: 1174528
10 53 10
11 52 -10
13 50 0
14 49 10
15 48 15
16 47 20
20 43 20
black_pawns: 67272588153323520
36 35 0
48 55 -5
49 54 -15
50 53 -25
51 52 -5
53 50 -15
54 49 -25
55 48 -30
white_pawns: 1240320
8 55 5
10 53 15
11 52 -5
13 50 5
14 49 15
15 48 20
17 46 15
20 43 15
black_pawns: 67272588153323520
36 35 -5
48 55 -10
49 54 -20
50 53 -30
51 52 -10
53 50 -20
54 49 -30
55 48 -35
white_pawns: 1370880
8 55 5
9 54 15
11 52 -5
13 50 5
14 49 15
15 48 20
18 45 10
20 43 10
black_pawns: 67272588153323520
36 35 -10
48 55 -15
49 54 -25
50 53 -35
51 52 -15
53 50 -25
54 49 -35
55 48 -40
white_pawns: 1632000
8 55 5
9 54 15
10 53 25
13 50 35
14 49 45
15 48 50
19 44 50
20 43 50
black_pawns: 67272588153323520
36 35 30
48 55 25
49 54 15
50 53 5
51 52 25
53 50 15
54 49 5
55 48 0
white_pawns: 3198720
8 55 5
9 54 15
10 53 25
11 52 5
14 49 15
15 48 20
20 43 20
21 42 10
black_pawns: 67272588153323520
36 35 -10
48 55 -15
49 54 -25
50 53 -35
51 52 -15
53 50 -25
54 49 -35
55 48 -40
white_pawns: 5287680
8 55 5
9 54 15
10 53 25
11 52 5
13 50 15
15 48 20
20 43 20
22 41 15
black_pawns: 67272588153323520
36 35 -5
48 55 -10
49 54 -20
50 53 -30
51 52 -10
53 50 -20
54 49 -30
55 48 -35
white_pawns: 9465600
8 55 5
9 54 15
10 53 25
11 52 5
13 50 15
14 49 25
20 43 25
23 40 30
black_pawns: 67272588153323520
36 35 10
48 55 5
49 54 -5
50 53 -15
51 52 5
53 50 -5
54 49 -15
55 48 -20
white_pawns: 268496640
8 55 5
9 54 15
10 53 25
11 52 5
13 50 15
14 49 25
15 48 30
28 35 50
black_pawns: 67272588153323520
36 35 30
48 55 25
49 54 15
50 53 5
51 52 25
53 50 15
54 49 5
55 48 0
white_pawns: 17886720
9 54 10
10 53 20
11 52 0
13 50 10
14 49 20
15 48 25
20 43 25
24 39 25
black_pawns: 67272588153323520
36 35 5
48 55 0
49 54 -10
50 53 -20
51 52 0
53 50 -10
54 49 -20
55 48 -25
white_pawns: 34663680
8 55 5
10 53 15
11 52 -5
13 50 5
14 49 15
15 48 20
20 43 20
25 38 20
black_pawns: 67272588153323520
36 35 0
48 55 -5
49 54 -15
50 53 -25
51 52 -5
53 50 -15
54 49 -25
55 48 -30
white_pawns: 68217600
8 55 5
9 54 15
11 52 -5
13 50 5
14 49 15
15 48 20
20 43 20
26 37 20
black_pawns: 67272588153323520
36 35 0
48 55 -5
49 54 -15
50 53 -25
51 52 -5
53 50 -15
54 49 -25
55 48 -30
white_pawns: 135325440
8 55 5
9 54 15
10 53 25
13 50 35
14 49 45
15 48 50
20 43 50
27 36 70
black_pawns: 67272588153323520
36 35 50
48 55 45
49 54 35
50 53 25
51 52 45
53 50 35
54 49 25
55 48 20
white_pawns: 1107712
8 55 5
9 54 15
10 53 25
13 50 35
14 49 45
15 48 50
20 43 50
black_pawns: 67272519568064512
27 28 25
48 55 20
49 54 10
50 53 0
51 52 20
53 50 10
54 49 0
55 48 -5
white_pawns: 134276864
8 55 5
9 54 15
10 53 25
13 50 35
14 49 45
15 48 50
27 36 70
black_pawns: 67272519433846784
48 55 65
49 54 55
50 53 45
51 52 65
53 50 55
54 49 45
55 48 40
white_pawns: 134276864
8 55 5
9 54 15
10 53 25
13 50 35
14 49 45
15 48 50
27 36 70
black_pawns: 67272519433846784
48 55 65
49 54 55
50 53 45
51 52 65
53 50 55
54 49 45
55 48 40
white_pawns: 134276864
8 55 5
9 54 15
10 53 25
13 50 35
14 49 45
15 48 50
27 36 70
black_pawns: 67272519433846784
48 55 65
49 54 55
50 53 45
51 52 65
53 50 55
54 49 45
55 48 40
white_pawns: 537972480
8 55 5
9 54 15
10 53 25
11 52 5
14 49 15
15 48 20
20 43 20
29 34 20
black_pawns: 67272588153323520
36 35 0
48 55 -5
49 54 -15
50 53 -25
51 52 -5
53 50 -15
54 49 -25
55 48 -30
white_pawns: 1074835200
8 55 5
9 54 15
10 53 25
11 52 5
13 50 15
15 48 20
20 43 20
30 33 20
black_pawns: 67272588153323520
36 35 0
48 55 -5
49 54 -15
50 53 -25
51 52 -5
53 50 -15
54 49 -25
55 48 -30
white_pawns: 2148560640
8 55 5
9 54 15
10 53 25
11 52 5
13 50 15
14 49 25
20 43 25
31 32 25
black_pawns: 67272588153323520
36 35 5
48 55 0
49 54 -10
50 53 -20
51 52 0
53 50 -10
54 49 -20
55 48 -25
white_pawns: 1109760
8 55 5
9 54 15
10 53 25
11 52 5
13 50 15
14 49 25
15 48 30
20 43 30
black_pawns: 67272588153323520
36 35 10
48 55 5
49 54 -5
50 53 -15
51 52 5
53 50 -5
54 49 -15
55 48 -20
white_pawns: 1109760
8 55 5
9 54 15
10 53 25
11 52 5
13 50 15
14 49 25
15 48 30
20 43 30
black_pawns: 67272588153323520
36 35 10
48 55 5
49 54 -5
50 53 -15
51 52 5
53 50 -5
54 49 -15
55 48 -20
white_pawns: 1175040
9 54 10
10 53 20
11 52 0
13 50 10
14 49 20
15 48 25
16 47 30
20 43 30
black_pawns: 62769057245429760
37 34 30
48 55 25
49 54 15
50 53 5
51 52 25
52 51 45
54 49 35
55 48 30
white_pawns: 1175040
9 54 10
10 53 20
11 52 0
13 50 10
14 49 20
15 48 25
16 47 30
20 43 30
black_pawns: 53761995429642240
38 33 30
48 55 25
49 54 15
50 53 5
51 52 25
52 51 45
53 50 35
55 48 30
white_pawns: 1175040
9 54 10
10 53 20
11 52 0
13 50 10
14 49 20
15 48 25
16 47 30
20 43 30
black_pawns: 35747871798067200
39 32 30
48 55 25
49 54 15
50 53 5
51 52 25
52 51 45
53 50 35
54 49 25
white_pawns: 1240320
8 55 5
10 53 15
11 52 -5
13 50 5
14 49 15
15 48 20
17 46 15
20 43 15
black_pawns: 35747871798067200
39 32 15
48 55 10
49 54 0
50 53 -10
51 52 10
52 51 30
53 50 20
54 49 10
white_pawns: 1109760
8 55 5
9 54 15
10 53 25
11 52 5
13 50 15
14 49 25
15 48 30
20 43 30
black_pawns: 71776119061217280
48 55 25
49 54 15
50 53 5
51 52 25
52 51 45
53 50 35
54 49 25
55 48 20
white_pawns: 1109760
8 55 5
9 54 15
10 53 25
11 52 5
13 50 15
14 49 25
15 48 30
20 43 30
black_pawns: 71214268619423744
40 47 25
48 55 20
50 53 10
51 52 30
52 51 50
53 50 40
54 49 30
55 48 25
white_pawns: 1175040
9 54 10
10 53 20
11 52 0
13 50 10
14 49 20
15 48 25
16 47 30
20 43 30
black_pawns: 71776119061217280
48 55 25
49 54 15
50 53 5
51 52 25
52 51 45
53 50 35
54 49 25
55 48 20
white_pawns: 1240320
8 55 5
10 53 15
11 52 -5
13 50 5
14 49 15
15 48 20
17 46 15
20 43 15
black_pawns: 71776119061217280
48 55 10
49 54 0
50 53 -10
51 52 10
52 51 30
53 50 20
54 49 10
55 48 5
white_pawns: 1370880
8 55 5
9 54 15
11 52 -5
13 50 5
14 49 15
15 48 20
18 45 10
20 43 10
black_pawns: 71776119061217280
48 55 5
49 54 -5
50 53 -15
51 52 5
52 51 25
53 50 15
54 49 5
55 48 0
white_pawns: 1632000
8 55 5
9 54 15
10 53 25
13 50 35
14 49 45
15 48 50
19 44 50
20 43 50
black_pawns: 71776119061217280
48 55 45
49 54 35
50 53 25
51 52 45
52 51 65
53 50 55
54 49 45
55 48 40
white_pawns: 3198720
8 55 5
9 54 15
10 53 25
11 52 5
14 49 15
15 48 20
20 43 20
21 42 10
black_pawns: 71776119061217280
48 55 5
49 54 -5
50 53 -15
51 52 5
52 51 25
53 50 15
54 49 5
55 48 0
white_pawns: 5287680
8 55 5
9 54 15
10 53 25
11 52 5
13 50 15
15 48 20
20 43 20
22 41 15
black_pawns: 71776119061217280
48 55 10
49 54 0
50 53 -10
51 52 10
52 51 30
53 50 20
54 49 10
55 48 5
white_pawns: 9465600
8 55 5
9 54 15
10 53 25
11 52 5
13 50 15
14 49 25
20 43 25
23 40 30
black_pawns: 71776119061217280
48 55 25
49 54 15
50 53 5
51 52 25
52 51 45
53 50 35
54 49 25
55 48 20
white_pawns: 268496640
8 55 5
9 54 15
10 53 25
11 52 5
13 50 15
14 49 25
15 48 30
28 35 50
black_pawns: 71776119061217280
48 55 45
49 54 35
50 53 25
51 52 45
52 51 65
53 50 55
54 49 45
55 48 40
white_pawns: 1175040
9 54 10
10 53 20
11 52 0
13 50 10
14 49 20
15 48 25
16 47 30
20 43 30
black_pawns: 71776119061217280
48 55 25
49 54 15
50 53 5
51 52 25
52 51 45
53 50 35
54 49 25
55 48 20
white_pawns: 1240320
8 55 5
10 53 15
11 52 -5
13 50 5
14 49 15
15 48 20
17 46 15
20 43 15
black_pawns: 71776119061217280
48 55 10
49 54 0
50 53 -10
51 52 10
52 51 30
53 50 20
54 49 10
55 48 5
white_pawns: 1370880
8 55 5
9 54 15
11 52 -5
13 50 5
14 49 15
15 48 20
18 45 10
20 43 10
black_pawns: 71776119061217280
48 55 5
49 54 -5
50 53 -15
51 52 5
52 51 25
53 50 15
54 49 5
55 48 0
white_pawns: 1632000
8 55 5
9 54 15
10 53 25
13 50 35
14 49 45
15 48 50
19 44 50
20 43 50
black_pawns: 71776119061217280
48 55 45
49 54 35
50 53 25
51 52 45
52 51 65
53 50 55
54 49 45
55 48 40
white_pawns: 3198720
8 55 5
9 54 15
10 53 25
11 52 5
14 49 15
15 48 20
20 43 20
21 42 10
black_pawns: 71776119061217280
48 55 5
49 54 -5
50 53 -15
51 52 5
52 51 25
53 50 15
54 49 5
55 48 0
white_pawns: 5287680
8 55 5
9 54 15
10 53 25
11 52 5
13 50 15
15 48 20
20 43 20
22 41 15
black_pawns: 71776119061217280
48 55 10
49 54 0
50 53 -10
51 52 10
52 51 30
53 50 20
54 49 10
55 48 5
white_pawns: 9465600
8 55 5
9 54 15
10 53 25
11 52 5
13 50 15
14 49 25
20 43 25
23 40 30
black_pawns: 71776119061217280
48 55 25
49 54 15
50 53 5
51 52 25
52 51 45
53 50 35
54 49 25
55 48 20
white_pawns: 268496640
8 55 5
9 54 15
10 53 25
11 52 5
13 50 15
14 49 25
15 48 30
28 35 50
black_pawns: 71776119061217280
48 55 45
49 54 35
50 53 25
51 52 45
52 51 65
53 50 55
54 49 45
55 48 40
white_pawns: 17886720
9 54 10
10 53 20
11 52 0
13 50 10
14 49 20
15 48 25
20 43 25
24 39 25
black_pawns: 71776119061217280
48 55 20
49 54 10
50 53 0
51 52 20
52 51 40
53 50 30
54 49 20
55 48 15
white_pawns: 34663680
8 55 5
10 53 15
11 52 -5
13 50 5
14 49 15
15 48 20
20 43 20
25 38 20
black_pawns: 71776119061217280
48 55 15
49 54 5
50 53 -5
51 52 15
52 51 35
53 50 25
54 49 15
55 48 10
white_pawns: 68217600
8 55 5
9 54 15
11 52 -5
13 50 5
14 49 15
15 48 20
20 43 20
26 37 20
black_pawns: 71776119061217280
48 55 15
49 54 5
50 53 -5
51 52 15
52 51 35
53 50 25
54 49 15
55 48 10
white_pawns: 135325440
8 55 5
9 54 15
10 53 25
13 50 35
14 49 45
15 48 50
20 43 50
27 36 70
black_pawns: 71776119061217280
48 55 65
49 54 55
50 53 45
51 52 65
52 51 85
53 50 75
54 49 65
55 48 60
white_pawns: 1107712
8 55 5
9 54 15
10 53 25
13 50 35
14 49 45
15 48 50
20 43 50
black_pawns: 71776119061217280
48 55 45
49 54 35
50 53 25
51 52 45
52 51 65
53 50 55
54 49 45
55 48 40
white_pawns: 134276864
8 55 5
9 54 15
10 53 25
13 50 35
14 49 45
15 48 50
27 36 70
black_pawns: 71776119061217280
48 55 65
49 54 55
50 53 45
51 52 65
52 51 85
53 50 75
54 49 65
55 48 60
white_pawns: 537972480
8 55 5
9 54 15
10 53 25
11 52 5
14 49 15
15 48 20
20 43 20
29 34 20
black_pawns: 71776119061217280
48 55 15
49 54 5
50 53 -5
51 52 15
52 51 35
53 50 25
54 49 15
55 48 10
white_pawns: 1074835200
8 55 5
9 54 15
10 53 25
11 52 5
13 50 15
15 48 20
20 43 20
30 33 20
black_pawns: 71776119061217280
48 55 15
49 54 5
50 53 -5
51 52 15
52 51 35
53 50 25
54 49 15
55 48 10
white_pawns: 2148560640
8 55 5
9 54 15
10 53 25
11 52 5
13 50 15
14 49 25
20 43 25
31 32 25
black_pawns: 71776119061217280
48 55 20
49 54 10
50 53 0
51 52 20
52 51 40
53 50 30
54 49 20
55 48 15
white_pawns: 1109760
8 55 5
9 54 15
10 53 25
11 52 5
13 50 15
14 49 25
15 48 30
20 43 30
black_pawns: 71776119061217280
48 55 25
49 54 15
50 53 5
51 52 25
52 51 45
53 50 35
54 49 25
55 48 20
white_pawns: 1109760
8 55 5
9 54 15
10 53 25
11 52 5
13 50 15
14 49 25
15 48 30
20 43 30
black_pawns: 71776119061217280
48 55 25
49 54 15
50 53 5
51 52 25
52 51 45
53 50 35
54 49 25
55 48 20
white_pawns: 1175040
9 54 10
10 53 20
11 52 0
13 50 10
14 49 20
15 48 25
16 47 30
20 43 30
black_pawns: 71776119061217280
48 55 25
49 54 15
50 53 5
51 52 25
52 51 45
53 50 35
54 49 25
55 48 20
white_pawns: 1240320
8 55 5
10 53 15
11 52 -5
13 50 5
14 49 15
15 48 20
17 46 15
20 43 15
black_pawns: 71776119061217280
48 55 10
49 54 0
50 53 -10
51 52 10
52 51 30
53 50 20
54 49 10
55 48 5
white_pawns: 1370880
8 55 5
9 54 15
11 52 -5
13 50 5
14 49 15
15 48 20
18 45 10
20 43 10
black_pawns: 71776119061217280
48 55 5
49 54 -5
50 53 -15
51 52 5
52 51 25
53 50 15
54 49 5
55 48 0
white_pawns: 1632000
8 55 5
9 54 15
10 53 25
13 50 35
14 49 45
15 48 50
19 44 50
20 43 50
black_pawns: 71776119061217280
48 55 45
49 54 35
50 53 25
51 52 45
52 51 65
53 50 55
54 49 45
55 48 40
white_pawns: 3198720
8 55 5
9 54 15
10 53 25
11 52 5
14 49 15
15 48 20
20 43 20
21 42 10
black_pawns: 71776119061217280
48 55 5
49 54 -5
50 53 -15
51 52 5
52 51 25
53 50 15
54 49 5
55 48 0
white_pawns: 5287680
8 55 5
9 54 15
10 53 25
11 52 5
13 50 15
15 48 20
20 43 20
22 41 15
black_pawns: 71776119061217280
48 55 10
49 54 0
50 53 -10
51 52 10
52 51 30
53 50 20
54 49 10
55 48 5
white_pawns: 9465600
8 55 5
9 54 15
10 53 25
11 52 5
13 50 15
14 49 25
20 43 25
23 40 30
black_pawns: 71776119061217280
48 55 25
49 54 15
50 53 5
51 52 25
52 51 45
53 50 35
54 49 25
55 48 20
white_pawns: 268496640
8 55 5
9 54 15
10 53 25
11 52 5
13 50 15
14 49 25
15 48 30
28 35 50
black_pawns: 71776119061217280
48 55 45
49 54 35
50 53 25
51 52 45
52 51 65
53 50 55
54 49 45
55 48 40
white_pawns: 61184
8 55 5
9 54 15
10 53 25
11 52 5
13 50 15
14 49 25
15 48 30
black_pawns: 71776119061217280
48 55 25
49 54 15
50 53 5
51 52 25
52 51 45
53 50 35
54 49 25
55 48 20
white_pawns: 61184
8 55 5
9 54 15
10 53 25
11 52 5
13 50 15
14 49 25
15 48 30
black_pawns: 71776119061217280
48 55 25
49 54 15
50 53 5
51 52 25
52 51 45
53 50 35
54 49 25
55 48 20
white_pawns: 17886720
9 54 10
10 53 20
11 52 0
13 50 10
14 49 20
15 48 25
20 43 25
24 39 25
black_pawns: 71776119061217280
48 55 20
49 54 10
50 53 0
51 52 20
52 51 40
53 50 30
54 49 20
55 48 15
white_pawns: 34663680
8 55 5
10 53 15
11 52 -5
13 50 5
14 49 15
15 48 20
20 43 20
25 38 20
black_pawns: 71776119061217280
48 55 15
49 54 5
50 53 -5
51 52 15
52 51 35
53 50 25
54 49 15
55 48 10
white_pawns: 68217600
8 55 5
9 54 15
11 52 -5
13 50 5
14 49 15
15 48 20
20 43 20
26 37 20
black_pawns: 71776119061217280
48 55 15
49 54 5
50 53 -5
51 52 15
52 51 35
53 50 25
54 49 15
55 48 10
white_pawns: 135325440
8 55 5
9 54 15
10 53 25
13 50 35
14 49 45
15 48 50
20 43 50
27 36 70
black_pawns: 71776119061217280
48 55 65
49 54 55
50 53 45
51 52 65
52 51 85
53 50 75
54 49 65
55 48 60
white_pawns: 537972480
8 55 5
9 54 15
10 53 25
11 52 5
14 49 15
15 48 20
20 43 20
29 34 20
black_pawns: 71776119061217280
48 55 15
49 54 5
50 53 -5
51 52 15
52 51 35
53 50 25
54 49 15
55 48 10
white_pawns: 1074835200
8 55 5
9 54 15
10 53 25
11 52 5
13 50 15
15 48 20
20 43 20
30 33 20
black_pawns: 71776119061217280
48 55 15
49 54 5
50 53 -5
51 52 15
52 51 35
53 50 25
54 49 15
55 48 10
white_pawns: 2148560640
8 55 5
9 54 15
10 53 25
11 52 5
13 50 15
14 49 25
20 43 25
31 32 25
black_pawns: 71776119061217280
48 55 20
49 54 10
50 53 0
51 52 20
52 51 40
53 50 30
54 49 20
55 48 15
white_pawns: 1109760
8 55 5
9 54 15
10 53 25
11 52 5
13 50 15
14 49 25
15 48 30
20 43 30
black_pawns: 71776119061217280
48 55 25
49 54 15
50 53 5
51 52 25
52 51 45
53 50 35
54 49 25
55 48 20
white_pawns: 1109760
8 55 5
9 54 15
10 53 25
11 52 5
13 50 15
14 49 25
15 48 30
20 43 30
black_pawns: 71776119061217280
48 55 25
49 54 15
50 53 5
51 52 25
52 51 45
53 50 35
54 49 25
55 48 20
white_pawns: 1175040
9 54 10
10 53 20
11 52 0
13 50 10
14 49 20
15 48 25
16 47 30
20 43 30
black_pawns: 71776119061217280
48 55 25
49 54 15
50 53 5
51 52 25
52 51 45
53 50 35
54 49 25
55 48 20
white_pawns: 1240320
8 55 5
10 53 15
11 52 -5
13 50 5
14 49 15
15 48 20
17 46 15
20 43 15
black_pawns: 71776119061217280
48 55 10
49 54 0
50 53 -10
51 52 10
52 51 30
53 50 20
54 49 10
55 48 5
white_pawns: 1370880
8 55 5
9 54 15
11 52 -5
13 50 5
14 49 15
15 48 20
18 45 10
20 43 10
black_pawns: 71776119061217280
48 55 5
49 54 -5
50 53 -15
51 52 5
52 51 25
53 50 15
54 49 5
55 48 0
white_pawns: 1632000
8 55 5
9 54 15
10 53 25
13 50 35
14 49 45
15 48 50
19 44 50
20 43 50
black_pawns: 71776119061217280
48 55 45
49 54 35
50 53 25
51 52 45
52 51 65
53 50 55
54 49 45
55 48 40
white_pawns: 3198720
8 55 5
9 54 15
10 53 25
11 52 5
14 49 15
15 48 20
20 43 20
21 42 10
black_pawns: 71776119061217280
48 55 5
49 54 -5
50 53 -15
51 52 5
52 51 25
53 50 15
54 49 5
55 48 0
white_pawns: 5287680
8 55 5
9 54 15
10 53 25
11 52 5
13 50 15
15 48 20
20 43 20
22 41 15
black_pawns: 71776119061217280
48 55 10
49 54 0
50 53 -10
51 52 10
52 51 30
53 50 20
54 49 10
55 48 5
white_pawns: 9465600
8 55 5
9 54 15
10 53 25
11 52 5
13 50 15
14 49 25
20 43 25
23 40 30
black_pawns: 71776119061217280
48 55 25
49 54 15
50 53 5
51 52 25
52 51 45
53 50 35
54 49 25
55 48 20
white_pawns: 268496640
8 55 5
9 54 15
10 53 25
11 52 5
13 50 15
14 49 25
15 48 30
28 35 50
black_pawns: 71776119061217280
48 55 45
49 54 35
50 53 25
51 52 45
52 51 65
53 50 55
54 49 45
55 48 40
white_pawns: 2219520
9 54 10
10 53 20
11 52 0
12 51 -20
14 49 -10
15 48 -5
16 47 0
21 42 -10
black_pawns: 71495743596134400
40 47 -15
49 54 -25
50 53 -35
51 52 -15
52 51 5
53 50 -5
54 49 -15
55 48 -20
white_pawns: 2284800
8 55 5
10 53 15
11 52 -5
12 51 -25
14 49 -15
15 48 -10
17 46 -15
21 42 -25
black_pawns: 71495743596134400
40 47 -30
49 54 -40
50 53 -50
51 52 -30
52 51 -10
53 50 -20
54 49 -30
55 48 -35
white_pawns: 2415360
8 55 5
9 54 15
11 52 -5
12 51 -25
14 49 -15
15 48 -10
18 45 -20
21 42 -30
black_pawns: 71495743596134400
40 47 -35
49 54 -45
50 53 -55
51 52 -35
52 51 -15
53 50 -25
54 49 -35
55 48 -40
white_pawns: 2676480
8 55 5
9 54 15
10 53 25
12 51 5
14 49 15
15 48 20
19 44 20
21 42 10
black_pawns: 71495743596134400
40 47 5
49 54 -5
50 53 -15
51 52 5
52 51 25
53 50 15
54 49 5
55 48 0
white_pawns: 3198720
8 55 5
9 54 15
10 53 25
11 52 5
14 49 15
15 48 20
20 43 20
21 42 10
black_pawns: 71495743596134400
40 47 5
49 54 -5
50 53 -15
51 52 5
52 51 25
53 50 15
54 49 5
55 48 0
white_pawns: 6332160
8 55 5
9 54 15
10 53 25
11 52 5
12 51 -15
15 48 -10
21 42 -20
22 41 -25
black_pawns: 71495743596134400
40 47 -30
49 54 -40
50 53 -50
51 52 -30
52 51 -10
53 50 -20
54 49 -30
55 48 -35
white_pawns: 10510080
8 55 5
9 54 15
10 53 25
11 52 5
12 51 -15
14 49 -5
21 42 -15
23 40 -10
black_pawns: 71495743596134400
40 47 -15
49 54 -25
50 53 -35
51 52 -15
52 51 5
53 50 -5
54 49 -15
55 48 -20
white_pawns: 536928000
8 55 5
9 54 15
10 53 25
11 52 5
12 51 -15
14 49 -5
15 48 0
29 34 0
black_pawns: 71495743596134400
40 47 -5
49 54 -15
50 53 -25
51 52 -5
52 51 15
53 50 5
54 49 -5
55 48 -10
white_pawns: 18931200
9 54 10
10 53 20
11 52 0
12 51 -20
14 49 -10
15 48 -5
21 42 -15
24 39 -15
black_pawns: 71495743596134400
40 47 -20
49 54 -30
50 53 -40
51 52 -20
52 51 0
53 50 -10
54 49 -20
55 48 -25
white_pawns: 35708160
8 55 5
10 53 15
11 52 -5
12 51 -25
14 49 -15
15 48 -10
21 42 -20
25 38 -20
black_pawns: 71495743596134400
40 47 -25
49 54 -35
50 53 -45
51 52 -25
52 51 -5
53 50 -15
54 49 -25
55 48 -30
white_pawns: 69262080
8 55 5
9 54 15
11 52 -5
12 51 -25
14 49 -15
15 48 -10
21 42 -20
26 37 -20
black_pawns: 71495743596134400
40 47 -25
49 54 -35
50 53 -45
51 52 -25
52 51 -5
53 50 -15
54 49 -25
55 48 -30
white_pawns: 136369920
8 55 5
9 54 15
10 53 25
12 51 5
14 49 15
15 48 20
21 42 10
27 36 30
black_pawns: 71495743596134400
40 47 25
49 54 15
50 53 5
51 52 25
52 51 45
53 50 35
54 49 25
55 48 20
white_pawns: 270585600
8 55 5
9 54 15
10 53 25
11 52 5
14 49 15
15 48 20
21 42 10
28 35 30
black_pawns: 71495743596134400
40 47 25
49 54 15
50 53 5
51 52 25
52 51 45
53 50 35
54 49 25
55 48 20
white_pawns: 1075879680
8 55 5
9 54 15
10 53 25
11 52 5
12 51 -15
15 48 -10
21 42 -20
30 33 -20
black_pawns: 71495743596134400
40 47 -25
49 54 -35
50 53 -45
51 52 -25
52 51 -5
53 50 -15
54 49 -25
55 48 -30
white_pawns: 2149605120
8 55 5
9 54 15
10 53 25
11 52 5
12 51 -15
14 49 -5
21 42 -15
31 32 -15
black_pawns: 71495743596134400
40 47 -20
49 54 -30
50 53 -40
51 52 -20
52 51 0
53 50 -10
54 49 -20
55 48 -25
white_pawns: 2154240
8 55 5
9 54 15
10 53 25
11 52 5
12 51 -15
14 49 -5
15 48 0
21 42 -10
black_pawns: 71495743596134400
40 47 -15
49 54 -25
50 53 -35
51 52 -15
52 51 5
53 50 -5
54 49 -15
55 48 -20
white_pawns: 2154240
8 55 5
9 54 15
10 53 25
11 52 5
12 51 -15
14 49 -5
15 48 0
21 42 -10
black_pawns: 71495743596134400
40 47 -15
49 54 -25
50 53 -35
51 52 -15
52 51 5
53 50 -5
54 49 -15
55 48 -20
white_pawns: 2154240
8 55 5
9 54 15
10 53 25
11 52 5
12 51 -15
14 49 -5
15 48 0
21 42 -10
black_pawns: 71495743596134400
40 47 -15
49 54 -25
50 53 -35
51 52 -15
52 51 5
53 50 -5
54 49 -15
55 48 -20
white_pawns: 2154240
8 55 5
9 54 15
10 53 25
11 52 5
12 51 -15
14 49 -5
15 48 0
21 42 -10
black_pawns: 71495743596134400
40 47 -15
49 54 -25
50 53 -35
51 52 -15
52 51 5
53 50 -5
54 49 -15
55 48 -20
white_pawns: 2154240
8 55 5
9 54 15
10 53 25
11 52 5
12 51 -15
14 49 -5
15 48 0
21 42 -10
black_pawns: 71495743596134400
40 47 -15
49 54 -25
50 53 -35
51 52 -15
52 51 5
53 50 -5
54 49 -15
55 48 -20
white_pawns: 2154240
8 55 5
9 54 15
10 53 25
11 52 5
12 51 -15
14 49 -5
15 48 0
21 42 -10
black_pawns: 71495743596134400
40 47 -15
49 54 -25
50 53 -35
51 52 -15
52 51 5
53 50 -5
54 49 -15
55 48 -20
white_pawns: 2219520
9 54 10
10 53 20
11 52 0
12 51 -20
14 49 -10
15 48 -5
16 47 0
21 42 -10
black_pawns: 71215368131051520
41 46 -5
48 55 -10
50 53 -20
51 52 0
52 51 20
53 50 10
54 49 0
55 48 -5
white_pawns: 2284800
8 55 5
10 53 15
11 52 -5
12 51 -25
14 49 -15
15 48 -10
17 46 -15
21 42 -25
black_pawns: 71215368131051520
41 46 -20
48 55 -25
50 53 -35
51 52 -15
52 51 5
53 50 -5
54 49 -15
55 48 -20
white_pawns: 2415360
8 55 5
9 54 15
11 52 -5
12 51 -25
14 49 -15
15 48 -10
18 45 -20
21 42 -30
black_pawns: 71215368131051520
41 46 -25
48 55 -30
50 53 -40
51 52 -20
52 51 0
53 50 -10
54 49 -20
55 48 -25
white_pawns: 2676480
8 55 5
9 54 15
10 53 25
12 51 5
14 49 15
15 48 20
19 44 20
21 42 10
black_pawns: 71215368131051520
41 46 15
48 55 10
50 53 0
51 52 20
52 51 40
53 50 30
54 49 20
55 48 15
white_pawns: 3198720
8 55 5
9 54 15
10 53 25
11 52 5
14 49 15
15 48 20
20 43 20
21 42 10
black_pawns: 71215368131051520
41 46 15
48 55 10
50 53 0
51 52 20
52 51 40
53 50 30
54 49 20
55 48 15
white_pawns: 6332160
8 55 5
9 54 15
10 53 25
11 52 5
12 51 -15
15 48 -10
21 42 -20
22 41 -25
black_pawns: 71215368131051520
41 46 -20
48 55 -25
50 53 -35
51 52 -15
52 51 5
53 50 -5
54 49 -15
55 48 -20
white_pawns: 10510080
8 55 5
9 54 15
10 53 25
11 52 5
12 51 -15
14 49 -5
21 42 -15
23 40 -10
black_pawns: 71215368131051520
41 46 -5
48 55 -10
50 53 -20
51 52 0
52 51 20
53 50 10
54 49 0
55 48 -5
white_pawns: 536928000
8 55 5
9 54 15
10 53 25
11 52 5
12 51 -15
14 49 -5
15 48 0
29 34 0
black_pawns: 71215368131051520
41 46 5
48 55 0
50 53 -10
51 52 10
52 51 30
53 50 20
54 49 10
55 48 5
white_pawns: 18931200
9 54 10
10 53 20
11 52 0
12 51 -20
14 49 -10
15 48 -5
21 42 -15
24 39 -15
black_pawns: 71215368131051520
41 46 -10
48 55 -15
50 53 -25
51 52 -5
52 51 15
53 50 5
54 49 -5
55 48 -10
white_pawns: 35708160
8 55 5
10 53 15
11 52 -5
12 51 -25
14 49 -15
15 48 -10
21 42 -20
25 38 -20
black_pawns: 71215368131051520
41 46 -15
48 55 -20
50 53 -30
51 52 -10
52 51 10
53 50 0
54 49 -10
55 48 -15
white_pawns: 69262080
8 55 5
9 54 15
11 52 -5
12 51 -25
14 49 -15
15 48 -10
21 42 -20
26 37 -20
black_pawns: 71215368131051520
41 46 -15
48 55 -20
50 53 -30
51 52 -10
52 51 10
53 50 0
54 49 -10
55 48 -15
white_pawns: 136369920
8 55 5
9 54 15
10 53 25
12 51 5
14 49 15
15 48 20
21 42 10
27 36 30
black_pawns: 71215368131051520
41 46 35
48 55 30
50 53 20
51 52 40
52 51 60
53 50 50
54 49 40
55 48 35
white_pawns: 270585600
8 55 5
9 54 15
10 53 25
11 52 5
14 49 15
15 48 20
21 42 10
28 35 30
black_pawns: 71215368131051520
41 46 35
48 55 30
50 53 20
51 52 40
52 51 60
53 50 50
54 49 40
55 48 35
white_pawns: 1075879680
8 55 5
9 54 15
10 53 25
11 52 5
12 51 -15
15 48 -10
21 42 -20
30 33 -20
black_pawns: 71215368131051520
41 46 -15
48 55 -20
50 53 -30
51 52 -10
52 51 10
53 50 0
54 49 -10
55 48 -15
white_pawns: 2149605120
8 55 5
9 54 15
10 53 25
11 52 5
12 51 -15
14 49 -5
21 42 -15
31 32 -15
black_pawns: 71215368131051520
41 46 -10
48 55 -15
50 53 -25
51 52 -5
52 51 15
53 50 5
54 49 -5
55 48 -10
white_pawns: 2154240
8 55 5
9 54 15
10 53 25
11 52 5
12 51 -15
14 49 -5
15 48 0
21 42 -10
black_pawns: 71215368131051520
41 46 -5
48 55 -10
50 53 -20
51 52 0
52 51 20
53 50 10
54 49 0
55 48 -5
white_pawns: 2154240
8 55 5
9 54 15
10 53 25
11 52 5
12 51 -15
14 49 -5
15 48 0
21 42 -10
black_pawns: 71215368131051520
41 46 -5
48 55 -10
50 53 -20
51 52 0
52 51 20
53 50 10
54 49 0
55 48 -5
white_pawns: 2154240
8 55 5
9 54 15
10 53 25
11 52 5
12 51 -15
14 49 -5
15 48 0
21 42 -10
black_pawns: 71215368131051520
41 46 -5
48 55 -10
50 53 -20
51 52 0
52 51 20
53 50 10
54 49 0
55 48 -5
white_pawns: 2154240
8 55 5
9 54 15
10 53 25
11 52 5
12 51 -15
14 49 -5
15 48 0
21 42 -10
black_pawns: 71215368131051520
41 46 -5
48 55 -10
50 53 -20
51 52 0
52 51 20
53 50 10
54 49 0
55 48 -5
white_pawns: 2154240
8 55 5
9 54 15
10 53 25
11 52 5
12 51 -15
14 49 -5
15 48 0
21 42 -10
black_pawns: 71215368131051520
41 46 -5
48 55 -10
50 53 -20
51 52 0
52 51 20
53 50 10
54 49 0
55 48 -5
white_pawns: 2154240
8 55 5
9 54 15
10 53 25
11 52 5
12 51 -15
14 49 -5
15 48 0
21 42 -10
black_pawns: 71215368131051520
41 46 -5
48 55 -10
50 53 -20
51 52 0
52 51 20
53 50 10
54 49 0
55 48 -5
white_pawns: 2219520
9 54 10
10 53 20
11 52 0
12 51 -20
14 49 -10
15 48 -5
16 47 0
21 42 -10
black_pawns: 70654617200885760
42 45 0
48 55 -5
49 54 -15
51 52 5
52 51 25
53 50 15
54 49 5
55 48 0
white_pawns: 2284800
8 55 5
10 53 15
11 52 -5
12 51 -25
14 49 -15
15 48 -10
17 46 -15
21 42 -25
black_pawns: 70654617200885760
42 45 -15
48 55 -20
49 54 -30
51 52 -10
52 51 10
53 50 0
54 49 -10
55 48 -15
white_pawns: 2415360
8 55 5
9 54 15
11 52 -5
12 51 -25
14 49 -15
15 48 -10
18 45 -20
21 42 -30
black_pawns: 70654617200885760
42 45 -20
48 55 -25
49 54 -35
51 52 -15
52 51 5
53 50 -5
54 49 -15
55 48 -20
white_pawns: 2676480
8 55 5
9 54 15
10 53 25
12 51 5
14 49 15
15 48 20
19 44 20
21 42 10
black_pawns: 70654617200885760
42 45 20
48 55 15
49 54 5
51 52 25
52 51 45
53 50 35
54 49 25
55 48 20
white_pawns: 2219520
9 54 10
10 53 20
11 52 0
12 51 -20
14 49 -10
15 48 -5
16 47 0
21 42 -10
black_pawns: 69533115340554240
43 44 -10
48 55 -15
49 54 -25
50 53 -35
52 51 -15
53 50 -25
54 49 -35
55 48 -40
white_pawns: 2284800
8 55 5
10 53 15
11 52 -5
12 51 -25
14 49 -15
15 48 -10
17 46 -15
21 42 -25
black_pawns: 69533115340554240
43 44 -25
48 55 -30
49 54 -40
50 53 -50
52 51 -30
53 50 -40
54 49 -50
55 48 -55
white_pawns: 2415360
8 55 5
9 54 15
11 52 -5
12 51 -25
14 49 -15
15 48 -10
18 45 -20
21 42 -30
black_pawns: 69533115340554240
43 44 -30
48 55 -35
49 54 -45
50 53 -55
52 51 -35
53 50 -45
54 49 -55
55 48 -60
white_pawns: 2676480
8 55 5
9 54 15
10 53 25
12 51 5
14 49 15
15 48 20
19 44 20
21 42 10
black_pawns: 69533115340554240
43 44 10
48 55 5
49 54 -5
50 53 -15
52 51 5
53 50 -5
54 49 -15
55 48 -20
white_pawns: 3198720
8 55 5
9 54 15
10 53 25
11 52 5
14 49 15
15 48 20
20 43 20
21 42 10
black_pawns: 69533115340554240
43 44 10
48 55 5
49 54 -5
50 53 -15
52 51 5
53 50 -5
54 49 -15
55 48 -20
white_pawns: 6332160
8 55 5
9 54 15
10 53 25
11 52 5
12 51 -15
15 48 -10
21 42 -20
22 41 -25
black_pawns: 69533115340554240
43 44 -25
48 55 -30
49 54 -40
50 53 -50
52 51 -30
53 50 -40
54 49 -50
55 48 -55
